S00B00006173702E73726563D5
S31508008000E8B80020D98100082D8200082D820008D2
S315080080102D8200082D8200082D8200082D82000876
S315080080200000000000000000000000001D8300089A
S315080080302D820008000000006B8200081D2A010836
S315080080401D2A01081D2A01081D2A01081D2A0108E2
S315080080501D2A01081D2A01081D2A01081D2A0108D2
S315080080601D2A01081D2A01081D2A01081D2A0108C2
S315080080701D2A01081D2A01081D2A01081D2A0108B2
S315080080801D2A01081D2A01081D2A01081D2A0108A2
S315080080901D2A01081D2A01081D2A01081D2A010892
S315080080A01D2A01081D2A01081D2A01081D2A010882
S315080080B01D2A01081D2A01081D2A01081D2A010872
S315080080C01D2A01081D2A01081D2A01081D2A010862
S315080080D01D2A01081D2A01081D2A01081D2A010852
S315080080E01D2A01081D2A01081D2A01081D2A010842
S315080080F01D2A01081D2A01081D2A01081D2A010832
S315080081001D2A01081D2A01081D2A01081D2A010821
S315080081101D2A01081D2A01081D2A01081D2A010811
S315080081201D2A01081D2A01081D2A01081D2A010801
S315080081301D2A01081D2A01081D2A01081D2A0108F1
S315080081401D2A01081D2A01081D2A01081D2A0108E1
S315080081501D2A01081D2A01081D2A01081D2A0108D1
S315080081601D2A01081D2A01081D2A01081D2A0108C1
S315080081701D2A01081D2A01081D2A01081D2A0108B1
S315080081801D2A01081D2A01081D2A01081D2A0108A1
S315080081901D2A01081D2A01081D2A01081D2A010891
S315080081A01D2A01081D2A01081D2A01081D2A010881
S315080081B01D2A01081D2A01081D2A01081D2A010871
S315080081C01D2A01081D2A01081D2A01081D2A010861
S315080081D01D2A01081D2A010871B609F089FD00202B
S315080081E00D490E4A914203D2086004319142FBD3ED
S315080081F00B490C4A914206D20B4B086818600431A9
S3150800820004339142F9D300F005F80AF057FCFEE76B
S31508008210704700BF7047000000100020188F01202B
S3150800822020830308FC8C030800000020EFF311816B
S31508008230EFF3108251EA02211EF0040F05D0EFF386
S31508008240098020E9024002B501E002B56846744A91
S3150800825013680CB4EFF30583724951F8232090474D
S315080082600FBC016082F311881847102080F311882B
S315080082706D49086858B1EFF309821EF0100F01D155
S3150800828022ED108A22E9F00F8261C0F81CE06748E7
S3150800829000680860A0B1C16911F07F42B2F17F4F52
S315080082A01AD18269B2E8F00F11F0100F01D1B2ECC1
S315080082B0108A82F30988002071B680F3118808476E
S315080082C0EFF309805A495FF0807220E906001838F2
S315080082D080F30988DFF840F0426A4AB1554A5FF0F0
S315080082E080738069B0E8F00F20E90E00143807E0C3
S315080082F08069B0E8F00F5FF0807220E90600183850
S3150800830080F30988464801210160BFF34F8FDFF8E3
S3150800831008F0BDEC108A7047FDFFFFFF40480021BA
S315080083200160002080F31188A0692900B0E8F00FE9
S3150800833011F0100F01D1B0EC108A80F309880847B4
S315080083403D48016881F30888022080F31488BFF34A
S315080083506F8F3A49D1F814D034490968324A61B660
S315080083601BE0022383F31488BFF36F8F2F49096834
S315080083702D4A12E0EFF3148313F0040306D02DED13
S31508008380108A022383F31488BFF36F8F43622DE9A3
S31508008390F00FC0F81CE0C0F818D0116089B1CA699E
S315080083A012F07F40B0F17F4F02D10C00150000DFBC
S315080083B0D1F818D0BDE8F00F4B6A0BB1BDEC108AA6
S315080083C01047174800210160BFF34F8F002080F344
S315080083D01188BFF34F8F30BFFBE700BF104800215D
S315080083E00160BFF34F8F002080F311880E480168A3
S315080083F08A685068DFF848E0D2F808F0002181F36F
S315080084001488BFF36F8F0AF085BB00BFA0F1530035
S31508008410002800DC7047A0F131000028FBDC70471B
S31508008420042B012008390308182B01201C2B0120D6
S31508008430C283000812830008103C0308783C03082E
S315080084406130010881F0004102E000BF83F000437B
S3150800845030B54FEA41044FEA430594EA050F08BFD1
S3150800846090EA020F1FBF54EA000C55EA020C7FEA95
S31508008470645C7FEA655C00F0E2804FEA5454D4EB12
S315080084805555B8BF6D420CDD2C4480EA020281EADC
S31508008490030382EA000083EA010180EA020281EA14
S315080084A00303362D88BF30BD11F0004F4FEA013166
S315080084B04FF4801C4CEA113102D0404261EB410175
S315080084C013F0004F4FEA03334CEA133302D05242FB
S315080084D063EB430394EA050F00F0A780A4F10104B7
S315080084E0D5F1200E0DDB02FA0EFC22FA05F28018F1
S315080084F041F1000103FA0EF2801843FA05F35941D7
S315080085000EE0A5F120050EF1200E012A03FA0EFC55
S3150800851028BF4CF0020C43FA05F3C01851EBE3717F
S3150800852001F0004507D54FF0000EDCF1000C7EEB9C
S3150800853000006EEB0101B1F5801F1BD3B1F5001FDA
S315080085400CD349085FEA30004FEA3C0C04F10104F9
S315080085504FEA445212F5800F80F09A80BCF1004F22
S3150800856008BF5FEA500C50F1000041EB045141EAA4
S31508008570050130BD5FEA4C0C404141EB0101013C6D
S3150800858028BFB1F5801FE9D291F0000F04BF01465C
S315080085900020B1FA81F308BF2033A3F10B03B3F12E
S315080085A020020CDA0C3208DD02F1140CC2F10C02BE
S315080085B001FA0CF021FA02F10CE002F11402D8BF1C
S315080085C0C2F1200C01FA02F120FA0CFCDCBF41EAE8
S315080085D00C019040E41AA2BF01EB0451294330BDB7
S315080085E06FEA04041F3C1CDA0C340EDC04F1140494
S315080085F0C4F1200220FA04F001FA02F340EA03006B
S3150800860021FA04F345EA030130BDC4F10C04C4F1B0
S31508008610200220FA02F001FA04F340EA0300294690
S3150800862030BD21FA04F0294630BD94F0000F83F4DA
S31508008630801306BF81F480110134013D4EE77FEABD
S31508008640645C18BF7FEA655C29D094EA050F08BF09
S3150800865090EA020F05D054EA000C04BF19461046EA
S3150800866030BD91EA030F1EBF0021002030BD5FEA2E
S31508008670545C05D14000494128BF41F0004130BD56
S3150800868014F580043CBF01F5801130BD01F00045AA
S3150800869045F0FE4141F470014FF0000030BD7FEA1D
S315080086A0645C1ABF194610467FEA655C1CBF0B4618
S315080086B0024650EA013406BF52EA033591EA030F2F
S315080086C041F4002130BD00BF90F0000F04BF002127
S315080086D0704730B54FF4806404F132044FF000055A
S315080086E04FF0000150E700BF90F0000F04BF0021D3
S315080086F0704730B54FF4806404F1320410F0004539
S3150800870048BF40424FF000013EE700BF42004FEA33
S31508008710E2014FEA31014FEA02701FBF12F07F43B0
S3150800872093F07F4F81F06051704732F07F4208BF67
S31508008730704793F07F4F04BF41F40021704730B56E
S315080087404FF4607401F0004521F000411CE700BFBA
S3150800875050EA010208BF704730B54FF000050AE03D
S3150800876050EA010208BF704730B511F0004502D53E
S31508008770404261EB41014FF4806404F132045FEA40
S31508008780915C3FF4D8AE4FF003025FEADC0C18BFE9
S3150800879003325FEADC0C18BF033202EBDC02C2F1DB
S315080087A0200300FA03FC20FA02F001FA03FE40EA6D
S315080087B00E0021FA02F11444BDE600BF70B54FF071
S315080087C0FF0C4CF4E06C1CEA11541DBF1CEA13554F
S315080087D094EA0C0F95EA0C0F00F0DEF82C4481EAB7
S315080087E0030621EA4C5123EA4C5350EA013518BFD7
S315080087F052EA033541F4801143F4801338D0A0FBC4
S3150800880002CE4FF00005E1FB02E506F00042E0FB70
S3150800881003E54FF00006E1FB03569CF0000F18BF76
S315080088204EF0010EA4F1FF04B6F5007F64F540741E
S3150800883004D25FEA4E0E6D4146EB060642EAC621B1
S3150800884041EA55514FEAC52040EA5E504FEACE2E1E
S31508008850B4F1FD0C88BFBCF5E06F1ED8BEF1004F21
S3150800886008BF5FEA500E50F1000041EB045170BD9D
S3150800887006F0004646EA010140EA020081EA0301E1
S31508008880B4EB5C04C2BFD4EB0C0541EA045170BDDD
S3150800889041F480114FF0000E013C00F3AB8014F157
S315080088A0360FDEBF002001F0004170BDC4F10004A0
S315080088B0203C35DA0C341BDC04F11404C4F1200521
S315080088C000FA05F320FA04F001FA05F240EA02007C
S315080088D001F0004221F0004110EBD37021FA04F6B2
S315080088E042EB06015EEA430E08BF20EAD37070BD6C
S315080088F0C4F10C04C4F1200500FA04F320FA05F0CB
S3150800890001FA04F240EA020001F0004110EBD370CC
S3150800891041F100015EEA430E08BF20EAD37070BD3C
S31508008920C4F1200500FA05F24EEA020E20FA04F315
S3150800893001FA05F243EA020321FA04F001F00041C4
S3150800894021FA04F220EA020000EBD3705EEA430E35
S3150800895008BF20EAD37070BD94F0000F0FD101F064
S315080089600046400041EB010111F4801F08BF013C9D
S31508008970F7D041EA060195F0000F18BF704703F0DB
S315080089800046520043EB030313F4801F08BF013D62
S31508008990F7D043EA0603704794EA0C0F0CEA13551E
S315080089A018BF95EA0C0F0CD050EA410618BF52EAD8
S315080089B04306D1D181EA030101F000414FF00000DE
S315080089C070BD50EA410606BF1046194652EA4306EC
S315080089D019D094EA0C0F02D150EA013613D195EA60
S315080089E00C0F05D152EA03361CBF104619460AD1A8
S315080089F081EA030101F0004141F0FE4141F47001B2
S31508008A004FF0000070BD41F0FE4141F4780170BDA1
S31508008A1070B54FF0FF0C4CF4E06C1CEA11541DBF06
S31508008A201CEA135594EA0C0F95EA0C0F00F0A7F808
S31508008A30A4EB050481EA030E52EA03354FEA013135
S31508008A4000F088804FEA03334FF0805545EA131348
S31508008A5043EA12634FEA022245EA111545EA106510
S31508008A604FEA00260EF000419D4208BF964244F1A7
S31508008A70FD0404F5407402D25B084FEA3202B61AC6
S31508008A8065EB03055B084FEA32024FF480104FF49A
S31508008A90002CB6EB020E75EB030E22BFB61A75460E
S31508008AA040EA0C005B084FEA3202B6EB020E75EBA1
S31508008AB0030E22BFB61A754640EA5C005B084FEA09
S31508008AC03202B6EB020E75EB030E22BFB61A7546D6
S31508008AD040EA9C005B084FEA3202B6EB020E75EBE1
S31508008AE0030E22BFB61A754640EADC0055EA060EA2
S31508008AF018D04FEA051545EA16754FEA06164FEAE5
S31508008B00C30343EA52734FEAC2025FEA1C1CC0D190
S31508008B1011F4801F0BD141EA00014FF000004FF01D
S31508008B20004CB6E711F4801F04BF01430020B4F1DE
S31508008B30FD0C88BFBCF5E06F3FF6AFAEB5EB030C96
S31508008B4004BFB6EB020C5FEA500C50F1000041EB93
S31508008B50045170BD0EF0004E4EEA113114EB5C0460
S31508008B60C2BFD4EB0C0541EA045170BD41F4801133
S31508008B704FF0000E013C90E645EA060E8DE60CEA3B
S31508008B80135594EA0C0F08BF95EA0C0F3FF43BAF58
S31508008B9094EA0C0F0AD150EA01347FF434AF95EA0F
S31508008BA00C0F7FF425AF104619462CE795EA0C0FF3
S31508008BB006D152EA03353FF4FDAE1046194622E7C0
S31508008BC050EA410618BF52EA43067FF4C5AE50EA9A
S31508008BD041047FF40DAF52EA43057FF4EBAE12E78A
S31508008BE04A0011D212F5001211D20DD56FF478731E
S31508008BF0B3EB62520ED44FEAC12343F0004343EA73
S31508008C00505323FA02F070474FF00000704750EABD
S31508008C10013002D14FF0FF3070474FF00000704727
S31508008C204FEA4102B2F1E04324BFB3F5001CDCF180
S31508008C30FE5C0DD901F0004C4FEAC0024CEA5070B8
S31508008C40B2F1004F40EB830008BF20F001007047E7
S31508008C5011F0804F21D113F13872BCBF01F00040EA
S31508008C60704741F480114FEA5252C2F11802C2F11C
S31508008C70200C10FA0CF320FA02F018BF40F001009D
S31508008C804FEAC1234FEAD32303FA0CFC40EA0C004F
S31508008C9023FA02F34FEA4303CCE77FEA625307D18C
S31508008CA050EA01331EBF4FF0FE4040F440007047C3
S31508008CB001F0004040F0FE4040F40000704700BF5D
S31508008CC07BB972B90029BEBF00204FF0004106E00B
S31508008CD008BF00281CBF6FF000414FF0FF3001F0BD
S31508008CE011B9ADF1080C6DE904CE002909DB002B9A
S31508008CF01ADB00F035F8DDF804E0DDE9022304B0FC
S31508008D007047404261EB4101002B1BDB00F028F85D
S31508008D10DDF804E0DDE9022304B0404261EB4101DD
S31508008D20524263EB43037047524263EB430300F03E
S31508008D3017F8DDF804E0DDE9022304B0404261EBF0
S31508008D4041017047524263EB430300F009F8DDF82E
S31508008D5004E0DDE9022304B0524263EB43037047A3
S31508008D602DE9F047089D04468E46002B4DD18A42D0
S31508008D70944669D9B2FA82F252B101FA02F3C2F103
S31508008D80200120FA01F10CFA02FC41EA030E944094
S31508008D904FEA1C48210CBEFBF8F61FFA8CF708FBB5
S31508008DA016E341EA034306FB07F199420AD91CEB8D
S31508008DB0030306F1FF3080F01F81994240F21C81BF
S31508008DC0023E63445B1AA4B2B3FBF8F008FB103307
S31508008DD044EA034400FB07F7A7420AD91CEB04043C
S31508008DE000F1FF3380F00A81A74240F2078164440C
S31508008DF0023840EA0640E41B00261DB1D440002391
S31508008E00C5E900433146BDE8F0878B4209D9002DF4
S31508008E1000F0EF800026C5E9000130463146BDE87E
S31508008E20F087B3FA83F6002E4AD18B4202D38242E8
S31508008E3000F2F980841A61EB030301209E46002D97
S31508008E40E0D0C5E9004EDDE702B9FFDEB2FA82F2EC
S31508008E50002A40F09280A1EB0C014FEA1C471FFA4A
S31508008E608CFE0126200CB1FBF7F307FB131140EA31
S31508008E7001410EFB03F0884208D91CEB010103F1FE
S31508008E80FF3802D2884200F2CB804346091AA4B2C0
S31508008E90B1FBF7F007FB101144EA01440EFB00FE94
S31508008EA0A64508D91CEB040400F1FF3102D2A645F9
S31508008EB000F2BB800846A4EB0E0440EA03409CE798
S31508008EC0C6F12007B34022FA07FC4CEA030C20FA45
S31508008ED007F401FA06F31C43F9404FEA1C4900FA65
S31508008EE006F3B1FBF9F8200C1FFA8CFE09FB1811E2
S31508008EF040EA014108FB0EF0884202FA06F20BD955
S31508008F001CEB010108F1FF3A80F08880884240F2A4
S31508008F108580A8F102086144091AA4B2B1FBF9F0E8
S31508008F2009FB101144EA014100FB0EFE8E4508D9E3
S31508008F301CEB010100F1FF346CD28E456AD9023868
S31508008F40614440EA0840A0FB0294A1EB0E01A1424D
S31508008F50C846A64656D353D05DB1B3EB080261EBBB
S31508008F600E0101FA07F722FA06F3F1401F43C5E995
S31508008F70007100263146BDE8F087C2F12003D840CB
S31508008F800CFA02FC21FA03F3914001434FEA1C470D
S31508008F901FFA8CFEB3FBF7F007FB10360B0C43EAFF
S31508008FA0064300FB0EF69E4204FA02F408D91CEBAF
S31508008FB0030300F1FF382FD29E422DD902386344AD
S31508008FC09B1B89B2B3FBF7F607FB163341EA03414D
S31508008FD006FB0EF38B4208D91CEB010106F1FF389C
S31508008FE016D28B4214D9023E6144C91A46EA004693
S31508008FF038E72E46284605E70646E3E61846F8E625
S315080090004B45A9D2B9EB020864EB0C0E0138A3E76D
S315080090104646EAE7204694E74046D1E7D0467BE74E
S31508009020023B614432E7304609E76444023842E7C6
S3150800903003685A004CBF43F0004323F0004318442A
S31508009040704700BF2DE9F84329B34F1E044615465D
S315080090503E464FF0000808EB060101EBD1714910B6
S3150800906004EBC1094846FFF7E3FF0346C80008308A
S315080090708F42204409D0AB4209D8FFF7D9FF0138FF
S31508009080A8420AD201F10108E5E7AB4205D98845AD
S3150800909001D04E1EDFE74FF000094846BDE8F883C9
S315080090A0012807D0022807D0044B00280CBF184611
S315080090B000207047024870470248704779970008B1
S315080090C07D9700088197000830B5234B83B0044686
S315080090D08D1E3BB301A92846AFF30080E8B101997C
S315080090E02A46FFF7AFFF0146B8B1FFF7A1FF4B6865
S315080090F0A064012B2CD0002B01F1040024DBFFF720
S3150800910097FF0023C4E913030368002B11DBFFF75D
S315080091108FFF2061002003B030BD002309202361A2
S3150800912003B030BD0D4B0E49C91AC9101846019136
S31508009130D6E7C3F30360FFF7B3FF0028206114BF27
S315080091400020092003B030BD0123C4E91303DBE77F
S31508009150002323610520DEE70000000008810308DC
S31508009160208303080368DA0710B5044606D49B076C
S3150800917000F1480009D500F05BFC2368590709D5BA
S315080091801A070ED5DB0613D510BD00F049FC236877
S315080091905907F5D404F1D00000F052FC23681A07E9
S315080091A0F0D404F5A87000F053FC2368DB06EBD472
S315080091B004F5E870BDE8104000F08EBC0920704741
S315080091C00346006800B11844704700BF704700BFE7
S315080091D070B504460E46316C2046FFF775FF054606
S315080091E088B9326C62612369324621460120984764
S315080091F00828F0D0072806D12846316CFFF7E6FF85
S31508009200301D00F001FC23F099FA00BF2DE9F04764
S315080092100D1DD0F80C80D0F81890074614460FCDCF
S31508009220ADF5727D0DF10C0CACE80F000FCDACE876
S315080092300F000FCDACE80F0095E80F0002AE4FF017
S31508009240000E8CE80F00C6F800E020E0336C7B6166
S315080092504FF4F07231467AA806F0BAFE3B697AAA4C
S31508009260394650469847889B73642146CDE900697C
S3150800927005463B463A460120C0470446E0B94FF446
S31508009280F0727AA9304606F0A3FE082D1AD1316C81
S315080092903846FFF719FF09345FFA84FA05460028AD
S315080092A0D4D0B36B73643A46CDE900693B464AF0BD
S315080092B010010120C04700B1092528460DF5727D29
S315080092C0BDE8F087072DF7D12046316CFFF77EFF02
S315080092D003A800F099FB00BF406C7047F0B5CB6B54
S315080092E00B6401F1040C0E460546BCE80F00F9B004
S315080092F001AC0FC4BCE80F000FC4BCE80F000FC4D4
S315080093009CE80F004FF0FF3784E80F00009706E04F
S315080093102B696A46294698470828044608D11099B1
S315080093202846FFF7D1FE0028F2D0092079B0F0BD13
S315080093306846FFF717FF062CF7D131462846FFF790
S3150800934047FF00BFC160D96B8261196400221946C4
S315080093505CE700BF70B5C66843690B64AEB90369BC
S315080093600A4604460D46014602209847072805D0B6
S3150800937008280FD129462046FFF72AFF3046296CD0
S31508009380FFF724FF281D00F03FFB0122FFF73EFFF1
S3150800939023F0D4F923F0D2F9C2681AB1CA6B0A6469
S315080093A0002233E79AE700BF704700BF836801468B
S315080093B00BB1012018477047012912D009D873B993
S315080093C00F2A0CD800EB820218465368009A1360DD
S315080093D070470339012994BF0120022070470220F3
S315080093E070470846704700BF00B585B00A46002397
S315080093F003A900911946FFF7DFFF039805B05DF84A
S3150800940004FB00BF012912D009D873B90F2A0CD85A
S3150800941000EB8200009A12684260184670470339CA
S31508009420012994BF01200220704702207047084690
S31508009430704700BF10B584B0002303AC03920094B4
S315080094400A461946FFF7DEFF04B010BD70B5D36BA8
S31508009450136402F1040C05460C46BCE80F00ADF592
S315080094600E7D0DF15C0EAEE80F00BCE80F00AEE80D
S315080094700F00BCE80F00AEE80F009CE80F004FF0A5
S31508009480FF368EE80F00169610E0FFF7D3FF214649
S3150800949016A8A847034616AA6946082083B9049B56
S315080094A09847052806460CD0092809D02699684603
S315080094B0FFF70AFE03466A460C2116A8002BE4D0DD
S315080094C0092616A8FFF74EFE30460DF50E7D70BD2F
S315080094D02DE9F04FCC6C89B01E4654F8043B06942F
S315080094E00D46174600F00308002E79D01A0C1B0407
S315080094F005938DF81D200223D2B204EB82048DF861
S315080095001C302B6DB8F1020F08BFAC6B13F00103CA
S315080095100CD005A9384600F079FB18B9082009B01F
S31508009520BDE8F08F092009B0BDE8F08FD4F800A097
S31508009530BAF1000FEDD0019300F008030293022E52
S315080095404AD0B4F800A0B4F802900434AB6C29F001
S31508009550010B0F2138469B44FFF746FF834539D850
S315080095602AF001039B44834594BF002001204FEA5B
S31508009570490303F002030AF0010A43EA0A03012B2E
S3150800958049D0022B32D0002BCCD1B8F1000F02D033
S31508009590002840F0CD800434D4F800A0BAF1000FBA
S315080095A0CDD105A9384600F031FB0028BAD1019B78
S315080095B0002BB3D00F213846FFF716FF0E210246BF
S315080095C03846FFF737FF38466A4A0F21FFF732FF5A
S315080095D00720A8E70020CAE7D4F804900834B5E7BE
S315080095E01B0205930323ADF81C308AE7236823F092
S315080095F0004BB8F1000F45D128B1029A002A5CD079
S31508009600BBF1000F74D0002B00DA04340BF1010B08
S3150800961004EB8B04C0E7B8F1000F19D1B0B1636849
S315080096202268991C4FEAD2723FF47CAF05F15801C3
S315080096300133049100F09080201DFFF7C1FD04ABB3
S315080096400146284620F028FF00285BD10834A3E706
S315080096500D213846D5F82090FFF7C6FE8145F5D18D
S31508009660AB6A9C42F2D12046FFF7E2FC0F21024684
S315080096703846FFF7DFFE38462A460021FFF7DAFEAE
S31508009680072050E70D213846D5F82090FFF7ACFEA5
S31508009690814501D02368B6E7AB6A9C42FAD1042318
S315080096A00022C5E90B23E318C5F828B06B632368C5
S315080096B0002B59DB01230193A8E705F15803CDF8E0
S315080096C00C8004F1040AB04691461E460EE0504648
S315080096D00496FFF775FD0022014604AB284609F1FA
S315080096E001090AF1040A20F0D7FEE0B9D945EED1FE
S315080096F00D213846FFF778FE049BAC62C5E90803DE
S31508009700062010E781460D213846FFF76DFEB9F1B0
S31508009710020F286225D12B46049A43F82C2F6B6238
S31508009720AC620620FFE646462368DDF80C806AE749
S315080097302046FFF77DFC04340246AC6328461446EF
S3150800974020F004FF00283FF4EDAE384622460F21EC
S31508009750FFF770FE0720E6E60D213846FFF744FEC0
S315080097602862049B6B62DBE70BF1010004EB8000C7
S315080097707AE700BF95B202080023A9E60123A7E607
S315080097800223A5E62DE9F0430646C3B015461C4656
S31508009790042900F2BF80DFE801F09E57BD2D0300C3
S315080097A0002C40F0B780102A00F2B4800368D8066F
S315080097B000F1F98020AF384600F098F9B46B3946C5
S315080097C000234FF0010C0CFA03F22A42204603F15B
S315080097D0010303D050F8042B0A600446042B01F158
S315080097E00401F0D13846B46300F076F9002043B09E
S315080097F0BDE8F083032C40F08D8094B204EB12434D
S31508009800102B4FEA124500F2858003681F0700F106
S31508009810D28020AF384600F03DF9B26B07EBC501A0
S3150800982054B10B46D01A01EBC401E4001D5843F8A5
S31508009830045B8B42FAD122443846B26300F008F939
S31508009840002043B0BDE8F083012C4FEA124895B2D8
S315080098505CD0052C5ED108EB0509B9F1200F59D863
S31508009860B8F10F0F79D9A946002D40F08A80B36B5D
S315080098706DB320AF4FF0000907EBC807043F03EBB1
S31508009880C50553F8041B47F8041FAB42F9D1B9F1D3
S31508009890000F0FD06F464146102938BF102107EB3D
S315080098A0C101843903EBC90553F8040B41F8040FC9
S315080098B0AB42F9D1012C00F08680B8F10F0FB563E1
S315080098C047D9B9F1000F02D0684600F0B9F8002070
S315080098D043B0BDE8F083ECB9806B23461FFA82FCDF
S315080098E00124371D04FA03F212EA0C0F014604D0CC
S315080098F051F8042B47F8232008460133102BF1D1E1
S3150800990015F40055E3D1B063284604E008EB0503D7
S31508009910102B03D9022043B0BDE8F083B8F10F0F2E
S31508009920F8D83368DA0706D5304623F0030340F83B
S31508009930483B00F079F820AF384600F075F8B36B6D
S31508009940002D97D11D460435B563384600F068F8F2
S31508009950BDE720A800F06CF8B3E7B9F1100F40D9BD
S31508009960A9F110093368D90708D523F00103304651
S3150800997043F0020340F8483B00F05EF8B9F1000FE7
S3150800998032D033685A0720D4B8F10F0F25D96F465D
S315080099903846C8F1100500F057F8002DB36B7FF76D
S315080099A07AAF20AF68E723F01003336006F5E87056
S315080099B000F09CF8FEE623F00803036000F5A870A3
S315080099C000F068F825E720AFBDE7304623F004032A
S315080099D040F8D03B00F038F8D6E720A800F02CF87D
S315080099E0D5E74FF00009BDE7B8F10F0F3FF63FAFD7
S315080099F020AF384600F020F8B36B002D7FF43AAF5D
S31508009A00384600F015F862E700F1340191E83800AD
S31508009A109C46A6464CF8045D90E8FF0FE54600BD57
S31508009A2090EC210B704700BF80EC210B704700BFFC
S31508009A3090EC200B704700BF80EC200B704700BFEE
S31508009A40D0EC200B704700BFC0EC200B704700BF5E
S31508009A50F0EC0201F0EC0211F0EC0221F0EC02311C
S31508009A60F0EC0241F0EC0251F0EC0261F0EC02710C
S31508009A70F0EC0281F0EC0291F0EC02A1F0EC02B1FC
S31508009A80F0EC02C1F0EC02D1F0EC02E1F0EC02F1EC
S31508009A90704700BFE0EC0201E0EC0211E0EC0221A5
S31508009AA0E0EC0231E0EC0241E0EC0251E0EC02614C
S31508009AB0E0EC0271E0EC0281E0EC0291E0EC02A13C
S31508009AC0E0EC02B1E0EC02C1E0EC02D1E0EC02E12C
S31508009AD0E0EC02F1704700BFB0FC0181B0FC0191D7
S31508009AE0B0FC01A1B0FC01B1704700BFA0FC018128
S31508009AF0A0FC0191A0FC01A1A0FC01B1704700BF28
S31508009B00EC4600B52DE900502DE9FF1F4FF0000384
S31508009B102DE90C0001A9FFF7E1FBDDF840E012B0E2
S31508009B20704700BFEC4600B52DE900502DE9FF1F30
S31508009B304FF000032DE90C0001A9FFF70BFCDDF837
S31508009B4040E012B0704700BFEC4600B52DE9005062
S31508009B502DE9FF1F4FF000032DE90C0001A9FFF7BF
S31508009B601BFCDDF840E012B0704700BFEC4600B5BC
S31508009B702DE900502DE9FF1F4FF000032DE90C00D9
S31508009B8001ABFFF7DFFBDDF840E012B0704700BF1E
S31508009B90EC4600B52DE900502DE9FF1F4FF00003F4
S31508009BA02DE90C0001AAFFF751FCDDF840E012B0E0
S31508009BB0704700BF027A03467AB9427AA2B1416871
S31508009BC0013A10B44272086803220C1D1A72020286
S31508009BD05C60000E10BC1A6070470068013A1A7281
S31508009BE002021A60000E7047B020704700B585B0B3
S31508009BF0002303AA009219460C22FFF7DDFB0398FF
S31508009C0005B05DF804FB00BFF0E700BF2DE9F0439F
S31508009C10054685B00E464FF000083046FFF7CAFFE6
S31508009C20B028044600F0BA80070620D500F0F003F5
S31508009C30802B4DD0902B36D0A02B60D0B02B74D073
S31508009C40C02B00F08B8000F0F803D02B0BD100F06E
S31508009C5007020132052342F4002201212846FFF7B4
S31508009C6091FD0028D9D0092005B0BDE8F08383000E
S31508009C70DBB21F1D0DF10C0900231946CDF8009023
S31508009C800D222846FFF798FB039BCDF80090600647
S31508009C904CBFDF1BFF1800230D22194628460397E1
S31508009CA0FFF7B0FBB9E700F00D030D2BDBD003AFD0
S31508009CB0002300F00F02194600972846FFF77CFBA1
S31508009CC0002300970D2219462846FFF79BFBA4E7B9
S31508009CD03046FFF76FFF24022043B0F5004FC2D08D
S31508009CE004010023A2B219462846FFF74BFD0028B7
S31508009CF0B9D114F4004F18BF4FF001088DE7C243DD
S31508009D0002F007034FF47F621A41010702F47F62EB
S31508009D104FF0000348BF42F4804219462846FFF731
S31508009D2031FD00283FF479AF9DE7B1283BD0B22832
S31508009D3000F09380B32841D000F0FC03B42B92D0F6
S31508009D4000F007020132012342F400221946284690
S31508009D50FFF718FD00283FF460AF84E7C6284AD00D
S31508009D60C72854D000F0F803C02B63D0C82868D0A1
S31508009D70C9287FF478AF3046FFF71CFF020300F0CE
S31508009D800F0002F470220130024301210523284600
S31508009D90FFF7F8FC00283FF440AF64E7B8F1000F7E
S31508009DA018D0002060E73046FFF704FF0246002877
S31508009DB03FF459AF10F0F003C8D054E73046FFF728
S31508009DC0F9FE020300F00F03013302F470221A436E
S31508009DD00123BBE703AC43460E22414600942846BE
S31508009DE0FFF7EAFA009443460F2241462846FFF752
S31508009DF009FB404638E73046FFF7DCFE020300F071
S31508009E000F03013302F470221A4303239EE73046F8
S31508009E10FFF7D0FE024600283FF425AF10F0F00306
S31508009E207FF421AF04212846FFF7ACFC00283FF455
S31508009E30F4AE18E700F00F020132032342F42022A1
S31508009E4084E73046FFF7B6FE00F0F00200F00F0395
S31508009E501032013343EA023297E700230DF10C0969
S31508009E600D221946CDF800902846FFF7A5FA304688
S31508009E70FFF7A0FE02064FF002040CD5039B00F084
S31508009E807F00A040184403903046FFF793FE030670
S31508009E9004F10704F2D4039BCDF8009000F07F028A
S31508009EA0A24003F501731A440023039219460D22B2
S31508009EB02846FFF7A7FAB0E610B5C26C536884B017
S31508009EC04FF0030C08321C0208461B0E01A9019428
S31508009ED002928DF80CC08DF80D30FFF797FE04B08E
S31508009EE010BD00BF08B5FFF78FFE806C08BD00BF28
S31508009EF008B5FFF789FEC06CC379023300EB83000F
S31508009F0008BD00BF704700BF70B54C1E4F2C41D826
S31508009F10DFE804F028282828404040403E3E283EF6
S31508009F203E3E3E3E3E3E3E3E3E3E3E402A2A2A2A91
S31508009F302A2A2A2A283E3E3E3E3E403E2A292840D4
S31508009F40282A2A3E2940403E3E3E28282828283EE0
S31508009F5028283E2840403E3E3E4040403E3E3E2861
S31508009F602A282A2AB2B1ABB1D0E90545AC4211DAA2
S31508009F70056904EB840E05EB8E0C01340026CCE94A
S31508009F800166446105F82E106046CCE9032370BDCE
S31508009F90002AE9D14FF0000C604670BDF0B5C268E2
S31508009FA011786E29864625D03039CBB2092B2BD8A5
S31508009FB00026164D00206FF0004402E0B0EBD30FE8
S31508009FC015DC0132CEF80C201378303B5FFA83FC9F
S31508009FD000EB800001EB4000BCF1090F1946A4EB29
S31508009FE00303A5FB0373E9D906B14042F0BD4FF060
S31508009FF0FF30F0BD531CC36051783039CAB2092A04
S3150800A00002D81A460126D4E70020F0BDCDCCCCCC28
S3150800A01010B5044629B9C3681A786AB15A1CC260D1
S3150800A020197868290CD0762906D12046FFF7B6FF9D
S3150800A030E3681A785F2A01D0002010BD0133E36077
S3150800A0402046FFF7ABFFE3681A785F2AF4D101339D
S3150800A050E360012010BD00BF10B4C3680A46197832
S3150800A06052290FD04F2903D010465DF8044B70478C
S3150800A070C46A03342021C4620133C3605DF8044B0B
S3150800A080002341E7C46A02341F21C462F4E700BF13
S3150800A090002965D070B506460C46A368012B38DC46
S3150800A0A0D6F81C51B5F5806F03F1010331DC22782F
S3150800A0B0A360531E4F2B2CD8DFE803F03030304B0B
S3150800A0C02B2B2C2C30303030303030303030303094
S3150800A0D03030302B30303030303030303030414155
S3150800A0E030302B303030302830303030302B2C3078
S3150800A0F03030303030303030303030302B2B302864
S3150800A1002828282B3030303030303030E468002CA6
S3150800A110C3D170BD2469002CBFD1FAE7E1680135C7
S3150800A1203046C6F81C51FFF7B3FF21693046FFF7E2
S3150800A130AFFFD6F81C31013BC6F81C3170BDE1688B
S3150800A1400B78052BEBD1D6F838310133C6F8383100
S3150800A150E5E7D6F84431E1680133C6F84431DEE76D
S3150800A160704700BFC3681A785F2A01D0012070477C
S3150800A17010B55A1CC2605A785F2A044604D0FFF705
S3150800A1800DFFC043C00F10BD0233C360FFF706FFC3
S3150800A190002809DB092805DDE3681A785F2A03D158
S3150800A1A00133E360012010BD002010BD28B909E085
S3150800A1B0002908DD0069013940B103782F2BF7D053
S3150800A1C0002070477047FBD1C0687047704700BFD2
S3150800A1D0F0B514465268A5684B1C1344AB4283B0CD
S3150800A1E00E46074611D8E5686DB963682068324699
S3150800A1F01844394605F0ECFED4E9003233449D5440
S3150800A20063683344636003B0F0BDE268002AFAD19C
S3150800A21055B16D00AB42FCD82068294622F072FF82
S3150800A22038B12060A560DEE7022B4FF00205F0D8B2
S3150800A230F2E70190206822F0B9FD019B0122C4E9EA
S3150800A2400033C4E90232DEE70378722B07D0562BB7
S3150800A25005D04B2B03D0442B03D000207047012098
S3150800A2607047407800F0DF034F2BF8D07738012885
S3150800A2708CBF002001207047D0F80031FF2B70B545
S3150800A28004460D4606D05A1CC4F80021E55484F845
S3150800A290045170BD0026194680F8FF60D0E94232A5
S3150800A2A09847D4F8283101221344C4F82831334694
S3150800A2B0C4F80021E55484F8045170BD0346D0F86B
S3150800A2C0100190B1CB684268002B10690BDB20B9EE
S3150800A2D009E03BB10069013B30B102782F2AF8D07A
S3150800A2E000207047C068704770470122C3F81821DC
S3150800A2F0704700BF002942D038B505460C4623787A
S3150800A3004C2B32D8DFE803F02F31313131272F3784
S3150800A3103731313131313131313131313131313119
S3150800A3202F31313131313131313131313131312F13
S3150800A330313131312F31313131312F3731313131FD
S3150800A3403131313131313131312F2F3131312F2FF7
S3150800A3502F31312F2F0021462846FFF7AFFF10B1C6
S3150800A36003782F2B00D0002038BDE1682846FFF778
S3150800A370C1FF0028F8D12469002CC0D1F3E70020DA
S3150800A380704700BF2DE9F041044608460D4606F021
S3150800A39037F840B3013DD4F800112F184FF00008E4
S3150800A3A009E00B46BD4201F10101C4F80011E6546B
S3150800A3B084F8046117D0FF2915F8016FF1D1D4E9A3
S3150800A3C0423284F8FF8020469847D4F82831012184
S3150800A3D00B44C4F828310023BD42C4F80011E654E2
S3150800A3E084F80461E7D1BDE8F08100BF38B5C368D9
S3150800A3F01A78542A24D15A1CC2605A785F2A04460D
S3150800A40020D06E2A1CD0FFF7C9FD421C18D4E36879
S3150800A41019785F2914D10133E360D4E905318B42F9
S3150800A4200EDA216903EB830C01EB8C00013300255E
S3150800A430C0E901556361052301F82C30C26038BDB7
S3150800A440002038BD0233C3600022E6E72DE9F0415B
S3150800A45088B00A4604461A4901A822F0A5FE01A8B2
S3150800A46005F0CEFF40B301ADD4F800112F184FF018
S3150800A470000809E00B46AF4201F10101C4F80011DA
S3150800A480E65484F8046117D0FF2915F8016BF1D159
S3150800A490D4E9423284F8FF8020469847D4F8283118
S3150800A4A001210B44C4F828310023AF42C4F8001137
S3150800A4B0E65484F80461E7D108B0BDE8F08100BF2E
S3150800A4C03873030870B50446FFF768FD051E46DDB8
S3150800A4D0E66863689B1B9D423EDCA26873195207B7
S3150800A4E0E36004D5725D242A04BF0133E360092DB5
S3150800A4F022DD2A490822304622F060FC30B9337A38
S3150800A5002E2B2ED05F2B2CD0242B2AD0D4E9053223
S3150800A510934221DA206903EB830200EB82000133C0
S3150800A5200022C0E90122636100230370C0E90133F8
S3150800A530C0E90365A06270BDD4E9053293420BDA1F
S3150800A540206903EB830200EB820001330022C0E995
S3150800A55001226361002EE7D10020A06270BD0020B1
S3150800A56070BD737A4E2BD1D1E26A6369A16916323E
S3150800A570551B8B42E562EFDA226903EB8300810003
S3150800A5800133636102EB80000023C0E901335354B1
S3150800A590034A1523C0E90323DFE700BF3C7303081A
S3150800A5A0487303082DE9F041C3681A78532A31D154
S3150800A5B05A1CC2605A780446A2B39A1CC2605A78DA
S3150800A5C05F2A44D0A2F13003D8B2092826D8002140
S3150800A5D00DE0303B99421DD8E06802781946451CC3
S3150800A5E01AB1E56002785F2A3BD0A2F13003D8B2EF
S3150800A5F0092801EBC103A2F1410C02EB8303E8D958
S3150800A600BCF1190F06D801EBC10302EB8303373BF4
S3150800A6109942E1D900252846BDE8F081A2F141001A
S3150800A6201928D4D9A36803F00803002B14BF012501
S3150800A630002500D1B9B93F4B742103F1A80001E008
S3150800A64013F81C1F914215D08342F9D1E2E7002383
S3150800A650226A9A42DED9E26952F823502846BDE8B2
S3150800A660F0810133F4E7E3681B78433B012B98BF7D
S3150800A6700D46E0E75E69002E54D0D4E905208242F3
S3150800A680D3F8188053DA276902EB820C07EB8C01A2
S3150800A6904FF0000EC1E901EE01324FF0180E62616B
S3150800A6A007F82CE0C1E90368A162002D37D0D3E989
S3150800A6B00371E36A90420B44E36236DD236902EBD9
S3150800A6C0820003EB800501320026C5E90166626156
S3150800A6D0182203F82020C5E90371E3681A78422A8C
S3150800A6E099D1A66A0133E3602046FFF7EBFE2A46B6
S3150800A6F003464C212046FFF707FCE3681A78422AEE
S3150800A7000546EFD0A662002884D0D4E908329342E1
S3150800A71080DAE1695A1C41F8230022627BE7D3E913
S3150800A7200171C6E7D4E90520BFE70025D5E7002172
S3150800A730BAE700BF042C03082DE9F8438F18B9427D
S3150800A7404AD20C4605464FF000080CE0D5F8001131
S3150800A750FF2933D04B1CC5F800316E5485F80461C7
S3150800A7600134A74238D93B1B032B2678EEDD5F2E32
S3150800A770ECD163785F2BE9D1A378552BE6D1E21C9F
S3150800A7809742E3D9002105E0A6F13703BA4203EB65
S3150800A790011123D0914612F8016BA6F13003D8B205
S3150800A7A00928A6F1410CF1D9BCF1050FA6F1610300
S3150800A7B0EAD9052B14D8A6F15703E7E7D5E94232BB
S3150800A7C085F8FF8028469847D5F8282101231A449A
S3150800A7D0C5F828210021BEE7BDE8F8835F26B5E75E
S3150800A7E04F45FBD95F2EF9D1FF29AFD8CEB2D5F8A0
S3150800A7F00011FF2907D04B1CC5F800314C466E5492
S3150800A80085F80461ACE7D5E9423285F8FF80284629
S3150800A8109847D5F828310133C5F828310021EAE7E9
S3150800A8202DE9F043C26883B004461046FFF70CFDD5
S3150800A83000286ED11178A1F130034A2B64D8DFE8DD
S3150800A84013F0B800B800B800B800B800B800B800EF
S3150800A850B800B800B80063006300630063006300D3
S3150800A86063006300FD016300CD00430163003D0101
S3150800A870DF01630063006300630063003E02B80003
S3150800A880D101C3016300B5011901F300DB006300C0
S3150800A890630063006300B80063006300630063003D
S3150800A8A06300630098009800980098009800980044
S3150800A8B098009800980098006300980098009800FF
S3150800A8C0980063006300630098009800ED01980003
S3150800A8D098009800980098000123256B236320466A
S3150800A8E001F0CAFB25630246002343212046FFF7F1
S3150800A8F00BFB0546019038B1E3681A7822B15A1C59
S3150800A900E2601B78452B5BD00025284603B0BDE8DE
S3150800A910F083002201A9204601F0F0FD0546002833
S3150800A920F2D0E3681B78462B20461ED0FFF778FF47
S3150800A93028600028E8D003781F3B012B05D8019A28
S3150800A940C368C2602A6801922B60019D002DDBD086
S3150800A950D4E908329342D7DAE1695A1C284641F805
S3150800A9602350226203B0BDE8F08300F07FFC286024
S3150800A970DFE7B1486369613901EB810100EB8101C9
S3150800A980A069834280F28483206903EB8306571CFF
S3150800A990013300EB86050022C5E9012263612723FE
S3150800A9A000F82630E960E36A4968E7600B44E36229
S3150800A9B0ABE7204600F02AFE05460190002DA3D0FD
S3150800A9C0D4E9083293429FDAE16941F82350019DA0
S3150800A9D05A1C2846226203B0BDE8F0830132E260C1
S3150800A9E02046FFF71DFF0023024625212046FFF7D4
S3150800A9F08BFA05460190E1E70132E2602046FFF74F
S3150800AA0061FDE36801901A78492A054600F0D0826C
S3150800AA102046FFF705FF019B024621212046FFF746
S3150800AA2073FA05460190C9E72046FFF7DFFCE6689A
S3150800AA3001903378492B0546C0D1636B002B40F053
S3150800AA40DF8200283FF460AFD4E908218A42BFF6C6
S3150800AA505BAFE16941F82200013222623278493A55
S3150800AA60012A05D80136E660204601F01BFE03469A
S3150800AA702A461CE05378A3F13002092A05D95F2B30
S3150800AA8003D0413B192B00F2AE8200212046FFF786
S3150800AA9089FDE36801901A78492A05467FF435AF9F
S3150800AAA00133E360204601F0FDFD2A4603460421F2
S3150800AAB02046FFF729FA054601907FE7204600F071
S3150800AAC0D5FB0546019079E7531CE3605378002BC4
S3150800AAD03FF41AAF931CE3605378463B302B3FF69E
S3150800AAE013AF01A151F823F0EFAC000809A900083B
S3150800AAF009A9000809A9000809A9000809A9000860
S3150800AB0009A9000809A9000809A9000809A900084F
S3150800AB1009A9000809A9000809A9000809A900083F
S3150800AB20D9A8000809A9000809A9000809A9000860
S3150800AB3009A9000809A9000809A9000809A900081F
S3150800AB4009A9000809A9000809A9000809A900080F
S3150800AB5009A900088FAD000809A9000863AD000817
S3150800AB604BAE00081BAE0008EBAD000809A90008AB
S3150800AB70BBAD00087DAF000809A9000809A90008AF
S3150800AB8009A9000809A900084DAF000809A9000885
S3150800AB9035AF000809A9000809A9000805AF00088B
S3150800ABA0D9A80008D5AE00087BAE00080132E260DD
S3150800ABB02046FFF735FE0023024623212046FFF7ED
S3150800ABC0A3F905460190F9E60132E2602046FFF74F
S3150800ABD027FE0023024622212046FFF795F905465F
S3150800ABE00190EBE60132E2602046FFF719FE0023EA
S3150800ABF0024624212046FFF787F905460190DDE63F
S3150800AC000132E2602046FFF70BFE002302462621AA
S3150800AC102046FFF779F905460190CFE60132E26052
S3150800AC202046FFF74FFC0023024628212046FFF75F
S3150800AC306BF905460190C1E6C82C0308511CE16072
S3150800AC4053785F2B00F0B281303B092B00F2BD81AF
S3150800AC500B461D460133E3601A78303A092AF8D9BB
S3150800AC60D4E905208242A3EB010CBFF64DAED4F819
S3150800AC7010E002EB82000EEB80068700002001320E
S3150800AC808445C6E9010062617FF73EAEC6E9010068
S3150800AC900EF80700C6E9031C6A7819465F2A7FF48E
S3150800ACA033AE0131E1602046FFF7BAFD324603466E
S3150800ACB02A212046FFF728F9054601907EE601324B
S3150800ACC0E2602046FFF7ACFD054600283FF41CAEBF
S3150800ACD02046FFF7A5FD034600283FF415AE2A4691
S3150800ACE02B212046FFF710F90546019066E6D4E9C0
S3150800ACF005318B4280F2D081216903EB830001EB99
S3150800AD00800501330026C5E9016663612C23019598
S3150800AD1001F820309378303BDBB2092B94BF01232E
S3150800AD2033462B8203D82046FFF738F9019D204683
S3150800AD30FFF776FD019BE860DB68002B3FF4E4AD86
S3150800AD402046FFF72BF9E268137813B1531CE3602A
S3150800AD501378019DA3F17303B3FA83F35B096B823E
S3150800AD60D3E5D4E905329342BFF6CEAD2269BE4992
S3150800AD7003EB8305A8000133636102EB8505002315
S3150800AD80C5E9013313540E23C5E90313BDE5D4E918
S3150800AD9005329342BFF6B8AD2269B44903EB830581
S3150800ADA0A8000133636102EB85050023C5E9013379
S3150800ADB013540423C5E90313A7E5D4E905329342DE
S3150800ADC080F26681226903EB830102EB8105013378
S3150800ADD00020C5E901006361272302F82130E36AF0
S3150800ADE0A34AEA600433E3628FE5D4E90532934265
S3150800ADF080F24E81226903EB830102EB8105013360
S3150800AE000020C5E901006361272302F82130E36ABF
S3150800AE10984AEA600933E36277E5D4E90532934252
S3150800AE2080F23681226903EB830102EB8105013347
S3150800AE300020C5E901006361272302F82130E36A8F
S3150800AE408D4AEA600A33E3625FE5D4E90532934244
S3150800AE5080F21E81226903EB830102EB810501332F
S3150800AE600020C5E901006361272302F82130E36A5F
S3150800AE70824AEA600933E36247E593785F2B00F07C
S3150800AE80E580D4E905329342BFF63EAD226903EB6D
S3150800AE90830102EB810501330020C5E901006361E6
S3150800AEA0422302F821302046FFF778F8E860E36885
S3150800AEB01A785F2A7FF428AD0133E3602046FFF74E
S3150800AEC0AFFC2A4603462D212046FFF71DF8054606
S3150800AED0019073E5D4E90532934280F2D98022695C
S3150800AEE003EB830102EB810501330020C5E901006C
S3150800AEF06361272302F82130E36A614AEA6007336F
S3150800AF00E36202E5D4E90532934280F2C180226900
S3150800AF1003EB830102EB810501330020C5E901003B
S3150800AF206361272302F82130E36A564AEA60083348
S3150800AF30E362EAE42046FFF773FC002302464B214E
S3150800AF402046FEF7E1FF0546019037E5D4E90532CC
S3150800AF50934280F29D80226903EB830102EB81050F
S3150800AF6001330020C5E901006361272302F8213077
S3150800AF70E36A454AEA601133E362C6E4D4E9053276
S3150800AF80934280F28580226903EB830102EB8105F7
S3150800AF9001330020C5E901006361272302F8213047
S3150800AFA0E36A3A4AEA600833E362AEE4002678E6E2
S3150800AFB00133E360204601F075FB2A460346042167
S3150800AFC02046FEF7A1FF019022E50123256B2363A6
S3150800AFD0204601F051F82563064600283FF494AC54
S3150800AFE0E1680A785AE6204600F010FB054601900B
S3150800AFF000283FF489AC0378182B7FF4E1AC84E48D
S3150800B000731CE3602046D4F81490D4F82080E76ACD
S3150800B01001F048FBE3681B78492B07D0019DE660E1
S3150800B020C4F81490C4F82080E762C7E4019A002A9D
S3150800B0303FF46AACD4E908139942BFF665ACE569F2
S3150800B04045F8212001310346216230E50332012308
S3150800B050256BE2602363204601F00EF8256305465A
S3150800B06000287FF424AF4FE468730308607303086D
S3150800B0700C2F0308D02E0308F82E0308E42E030825
S3150800B080202F0308342F03085C2F0308482F0308D2
S3150800B09000230193DB68FFDE00231B70FFDE00BF81
S3150800B0A0F8B5C3681F78064677BB4FF0000E3D4DCE
S3150800B0B0452100228B1A03EBD37302EB63031801B5
S3150800B0C005EB031C2C582078B84206D094BF5A1CAE
S3150800B0D019468A42EED10020F8BD60787045F5D150
S3150800B0E0D6E905329342F6DA326903EB830102EBBD
S3150800B0F0810001330024C0E901447361322302F858
S3150800B1002130C0F80CC0F8BD5A1CC26093F801E0A3
S3150800B1101F78BEF1000F02D1762FC8D0C5E79A1C5A
S3150800B120C260762F93F801E01FD1AEF13004E3B286
S3150800B130092BBCD8FFF7C6F9D6E905318B4202467A
S3150800B140C9DA376903EB830107EB81000133002570
S3150800B150C0E9015589007361002ABCD03323C0E9D0
S3150800B16001557B54C0E90342F8BD632F9FD1BEF158
S3150800B170760F9CD1D0E90C34B3FA83F35B094363A9
S3150800B180FFF74EFB736B024633B100233521304679
S3150800B190FEF7BAFE7463F8BD34213046FEF7B4FEF6
S3150800B1A0F8E700BF702F030830B5C26883B00023E4
S3150800B1B00193137823B3044601AD11E04F2B16D043
S3150800B1C0FFF72EFB024600232E212046C2B1FEF7CA
S3150800B1D09BFE2860A0B1E268137800F110054BB118
S3150800B1E0452B204606D02E2B04D0522BE6D1537879
S3150800B1F0452BE5D1019818B1036923B103B030BDD9
S3150800B200002003B030BDC26811782729F6D1D2686C
S3150800B210117C0929F2D1E16A5268891AE162C36090
S3150800B220ECE700BF70B5C3681A784A2A05461AD0F3
S3150800B23081B12846FFF7F4FA044690B12846FFF78D
S3150800B240B3FF034668B1224628462921BDE8704067
S3150800B250FEF75ABE28460C46FFF7A6FF0346002807
S3150800B260F1D1002070BD0133C360E2E710B5044692
S3150800B270806810F480200BD1A26BB2F5006F06D857
S3150800B280511CE368A1631978462907D0A26310BD4B
S3150800B290E3681A78462A01D0002010BD5A1CE260DD
S3150800B2A05A78592A04BF0233E36001212046FFF782
S3150800B2B0B9FF01462046FEF7CFFEE3681A78452A0D
S3150800B2C004BF0133E360A36818BF00205B03DED424
S3150800B2D0A26B013ADAE700BFF8B5C3681A78A2F19B
S3150800B2E030010929044661D9A2F16101192914D846
S3150800B2F06F2A04D15A786E2A04BF0233C3602046E7
S3150800B300FFF7CEFE054610B10378322B69D0E36805
S3150800B3101978422951D02846F8BDA2F143010129DE
S3150800B32040F28B804C2A79D0552A40F083805A788F
S3150800B3306C2A00F0D580742A7CD15A1CC2605978D0
S3150800B340742940F098809A1CC2609A785F2A00F0A7
S3150800B35045816E2A6ED0FEF721FE0130E36800F1C2
S3150800B360368119785F2977D10133E360D4E905324C
S3150800B370934280F22B81226903EB830602EB860552
S3150800B38001330021C5E901116361482302F826301B
S3150800B390D4E908239A42E86080F22481E169E368E7
S3150800B3A041F82250013222621978B2E7FFF78AF88B
S3150800B3B0E368197842290546ADD1A66A0133E360E8
S3150800B3C02046FFF77FF82A4603464C212046FEF71B
S3150800B3D09BFDE368197842290546EFD0A662284600
S3150800B3E0F8BDC268E36A9168126807330B44E362E2
S3150800B3F013786C2B8BD15378692B88D19378002BD3
S3150800B40085D12046FFF75EF82A46034637212046AF
S3150800B410FEF77AFDE368054619787AE70133C360D3
S3150800B420FFF750F8054628B12046FEF79BFE002890
S3150800B4307FF46DAF00252846F8BD806A80B1017893
S3150800B44061B90169E26A0A44E262197843290A463F
S3150800B45000F08680442905D000255AE71829F0D03F
S3150800B460432A7DD059783039052936D8DFE801F0E6
S3150800B470062C2935322F134600254AE74FF0010ED0
S3150800B480D4E905219F1C8A42E76080F2A380D4F89C
S3150800B49010C002EB82010CEB810501320026C5E9DA
S3150800B4A0016689006261002800F09480C5E901669A
S3150800B4B008220CF8012085F80CE0286199783B46AB
S3150800B4C027E74FF0030EDBE74FF0020ED8E74FF001
S3150800B4D0050ED5E74FF0040ED2E71146002518E70A
S3150800B4E05A1CC26059786C29C5D10233C360FFF76C
S3150800B4F05BFEE3680646002869D019784529ABD172
S3150800B5005A1CE2605A785F2A73D06E2A92D0204677
S3150800B510FEF744FD0130E36859D419785F299BD1B9
S3150800B5200133E360D4E905218A425FDA216902EB37
S3150800B530820C01EB8C0501320027C5E901776261AF
S3150800B540462201F82C20D4E908218A42C5E903607D
S3150800B5504CDAE16941F82250013222621978D8E6BC
S3150800B5605A78492A22D0A2F1310104293FF662AF5E
S3150800B570303A0233D7B2E360D4E90532934225DA8A
S3150800B580226903EB830102EB810501330026C5E935
S3150800B590016689006361002833D00723C5E901667F
S3150800B5A05354E3682F7328611978B2E6581CE06093
S3150800B5B09A78A2F1310104291FD80333303AE3609F
S3150800B5C02046D7B2FFF72CF9A06AD5E7E3681978C1
S3150800B5D000259EE6997800253B469AE60333C36024
S3150800B5E00020C3E6E3680D46197892E61978002527
S3150800B5F08FE60233E360002094E759780025034676
S3150800B60087E6E3680546197883E600BF2DE9F04723
S3150800B610C26813784E3B84B004460C2B08D8DFE882
S3150800B62003F03107070707170713070707078500FA
S3150800B630FFF752FEE3681A78492A054600F0C980E2
S3150800B640284604B0BDE8F08704B0BDE8F04743E6F5
S3150800B6505378742B00F0CF800021FEF7A3FFE36830
S3150800B6601A78492A0546EBD10133E360204601F0F2
S3150800B67019F803462A460421204604B0BDE8F047D7
S3150800B680FEF742BC0132C26003A9012200F036FF70
S3150800B6900746002800F0E78000212046FEF7DCFC7C
S3150800B6A0E2681678804636B3DFF834934FF0000A1E
S3150800B6B0442E00F0DD80A6F13003DBB21C2B40F2ED
S3150800B6C01A81A6F16103192B00F217812046FFF7AC
S3150800B6D003FE0546BAF1000F06D001212B46524655
S3150800B6E02046FEF711FC0546532E0DD1E268AA4600
S3150800B6F01678002EDCD100253D60A1E7FFF790F80B
S3150800B7000546BAF1000FE8D1E2681678452E00F032
S3150800B710BE80002DEFD0D4E908318B42EBDAE1691F
S3150800B72041F8235001332362AA46E1E7531CC3605C
S3150800B7305378472B02D0542B40F0B780204600F0B0
S3150800B740CFF90546002D00F08E80E3681A78452A61
S3150800B75040F089805A1CE2605A78732A00F0018109
S3150800B760642A00F0A7802046FFF750FF034620B35F
S3150800B7700278462A21D0482A1FD04FF0FF362046A5
S3150800B7800193FEF7EFFC019B00286CD0721C14D0C5
S3150800B7909C46D4E905239A4280F21281216902EB7C
S3150800B7A0820001EB800301320027C3E90177626159
S3150800B7B0472201F82020C3E903C62A78032A05D1BF
S3150800B7C02A691178292904BF0021D1602A46022155
S3150800B7D052E7002847D0D4E908218A4243DAE169CA
S3150800B7E041F82200013222621A78493A012A7FF684
S3150800B7F03BAF00233EE7D0E9053102328B42C260F7
S3150800B80080F2CC80026903EB8305A900013343610A
S3150800B81002EB85050023C5E9013353546E4A032319
S3150800B820C5E903232046FFF757FD2A4603460121AB
S3150800B8302046FEF769FBE26AE3680332E2621A7899
S3150800B840492A05467FF4FCAE68B1D4E908218A4244
S3150800B85009DAE16941F82200013222621A78493A86
S3150800B860012AC6D800E70025284604B0BDE8F087B7
S3150800B870537803F0DF03542B20463FF43FAFFFF71E
S3150800B8802BFD0546BAF1000F7FF427AF3CE71523D9
S3150800B89029FA03F3D9073FD52046FFF71DFD15B151
S3150800B8A0AA46054619E705462EE7002100F09AF84C
S3150800B8B0054647E79A1CE2609A785F2A7CD06E2A8A
S3150800B8C0D1D02046FEF76AFB461CCCD4E3681A782A
S3150800B8D05F2AC8D10133E3602046FFF797FE034687
S3150800B8E000283FF455AF1A78462A3FF451AF482A44
S3150800B8F03FF44EAF43E75546CAE7552E2FD0532E91
S3150800B90009D101212046FEF74DFE0546BAF1000F82
S3150800B9107FF4E3AEEAE65546492E41D0542E51D07F
S3150800B920452E09D04D2E7FF4E6AE002D3FF4E3AE4A
S3150800B9300132E260AA46DBE63D60002D93D0B8F1FD
S3150800B940000F04D0039BC8F80C30CDF80C80E368D0
S3150800B9501A78452A87D10133039DE36070E6554678
S3150800B9609AE70233E3602046FEF7FCFB00283FF423
S3150800B9707AAFD4E905239A4222DA216902EB8203D7
S3150800B98098000132626101EB83030022C3E90122B8
S3150800B9900A5412490E22C3E903120EE7002541E7AD
S3150800B9A0002D3FF4A8AE0132E260204600F07AFE90
S3150800B9B0AA460421054691E60333E36000268BE791
S3150800B9C00023FAE62046FEF711FDAA460546BAF117
S3150800B9D0000F7FF482AE97E688730308787303082E
S3150800B9E0FF03081070B505460E46FFF70FFE002840
S3150800B9F049D00446EEB1AB68DB071AD423784D2B41
S3150800BA00A3F11C01A3F14F0235D032D8042932D94B
S3150800BA10022B0CD12369002B35D01A784D2AA2F1B6
S3150800BA201C00A2F14F012AD027D8042827D920467E
S3150800BA3070BDEB681B78002BF9D0452BF7D0214653
S3150800BA400B78042B32D026D8022B22D1096900297B
S3150800BA50F6D12846FFF7E6FBA8B116B92378022BDC
S3150800BA6038D00346224628460321BDE87040FEF733
S3150800BA704BBA012ADBD8E468C0E70129D7D8DB68C6
S3150800BA802361002BC9D10024204670BD1C3B042B22
S3150800BA9008D90021DDE74D2BA3F14F0202D0F5D9D5
S3150800BAA0012AF6D8C9680029CAD1D2E7CB685BB1A2
S3150800BAB01978082901F1FF3208D80629E9D8012A98
S3150800BAC002D81B69002BF3D10121C2E7353918BF0B
S3150800BAD00121BEE70378292B08BFC660C1E700BF6E
S3150800BAE02DE9F041C16AC36801F11402C2621A78ED
S3150800BAF0542A82B0044675D0472A28D15A1CC260F7
S3150800BB005A7822B39A1CC2605A78562A23D8402AF1
S3150800BB101DD9413A152A1AD8DFE812F01D01190075
S3150800BB20190019001900190019001900190019003F
S3150800BB301900190019001900190019001900FF0049
S3150800BB401900E9001900DE00E3680233E36000200B
S3150800BB5002B0BDE8F081722AF9D1FEF71FFA012872
S3150800BB60F5DDE3681A78002AF1D05E1CE6601B78DA
S3150800BB705F2BECD10022451E17464FF0410833785B
S3150800BB80002BE4D0242B40F09F817378532B00F0D0
S3150800BB90C0815F2B00F0BB81242BD8D11946D4E98C
S3150800BBA005039842D0DA266900EB800C06EB8C0375
S3150800BBB00130C3E90177606106F82C80E668D96030
S3150800BBC00236023DE660002A00F09F8140212046A9
S3150800BBD0FEF79AF902460028B9D0002DCFDC0023DB
S3150800BBE03F217EE05A1CC2605A78002AAFD09A1CC0
S3150800BBF0C2605B78413B352BA9D801A252F823F0E5
S3150800BC0093BD00084FBB00089FBD00084FBB000846
S3150800BC104FBB0008D3BD00084FBB000837BE00085D
S3150800BC20B1BE0008A5BE00084FBB00084FBB000800
S3150800BC304FBB00084FBB00084FBB00084FBB0008AE
S3150800BC404FBB00084FBB0008BDBE000843BE000836
S3150800BC504FBB000853BE000863BE00084FBB000870
S3150800BC604FBB00084FBB00084FBB00084FBB00087E
S3150800BC704FBB00084FBB00084FBB00084FBB00086E
S3150800BC804FBB00084FBB00086FBE00084FBB00083B
S3150800BC904FBB00084FBB00084FBB0008DFBD0008BC
S3150800BCA04FBB00084FBB00084FBB00084FBB00083E
S3150800BCB04FBB00084FBB00084FBB00084FBB00082E
S3150800BCC04FBB00084FBB00084FBB00084FBB00081E
S3150800BCD04FBB00080BBE0008FFF798FC002302467E
S3150800BCE01321204602B0BDE8F041FEF70DB99A7857
S3150800BCF0002A00F01081DA1CC2609A78DB786E2A76
S3150800BD003AD0472B02D0542B40F005812046FFF746
S3150800BD10E7FE024600234921E3E7FFF777FCD4E96B
S3150800BD2005139942024680F200810190206901EBD1
S3150800BD30810600EB86050023C5E90133013142235C
S3150800BD40616100F826302046FEF728F9019AE86076
S3150800BD502B461621C5E79B78472B01D0542B06D1D5
S3150800BD602046FFF7BDFE024600231721B9E700214A
S3150800BD70FFF738FE0246F7E7472B00F0E280542B20
S3150800BD8000F0DF800021FFF72DFE024600234A213E
S3150800BD90A7E700F05DFC002302463021A1E7FEF785
S3150800BDA03FFD05462046FEF7F9F80028FFF6CFAE18
S3150800BDB0E3681A785F2A7FF4CAAE0133E360204647
S3150800BDC0FEF72EFDE16A0531E16202462B460B219C
S3150800BDD087E7FEF725FD002302460E2181E7682145
S3150800BDE0FEF716F900283FF4B2AEE3681B78472B36
S3150800BDF000F09D80542B00F09A8000212046FFF722
S3150800BE00F1FD024600230F216BE77621FEF700F9C4
S3150800BE1000283FF49CAEE3681B78472B00F08C8023
S3150800BE20542B00F0898000212046FFF7DBFD0246EF
S3150800BE300023102155E7FFF7E9FB002302461421EA
S3150800BE404FE70A31C162FEF7EBFC002302460A21DE
S3150800BE5047E70F31C162FEF7E3FC002302460921DA
S3150800BE603FE7FFF7D3FB00230246152139E70021F8
S3150800BE70FEF7CEF800283FF46AAE00212046FEF70A
S3150800BE80C7F800283FF463AEE3681B78472B5DD0FC
S3150800BE90542B5BD000212046FFF7A4FD0246002361
S3150800BEA011211EE7FEF7BCFC00230246122118E703
S3150800BEB0FEF7B6FC002302460C2112E7FEF7B0FC9B
S3150800BEC0002302460D210CE7B446002104E01CF8C5
S3150800BED0013F23B1242B02D00131A942F7DBD4E973
S3150800BEE0053083421DDA206903EB830C0133636155
S3150800BEF000EB8C03C3E9017700F82C70C3E90361F2
S3150800BF00E6680E446D1AE6605DE61A4665E62E2179
S3150800BF1045E62F2143E600212046FFF763FD02464A
S3150800BF20F8E6E3680B44E36011E6002510E72046CF
S3150800BF30FFF7D6FD024665E72046FFF7D1FD024624
S3150800BF4076E72046FFF7CCFD02461FE72046FFF7B7
S3150800BF50C7FD0246A3E700BFF8B5C26813784C2BA5
S3150800BF6032D1531CC36051785F29044651D05A29EF
S3150800BF7013D15A1CE2605B78472B43D0542B41D02F
S3150800BF8000212046FFF72EFDE3681A780646452A63
S3150800BF901AD10133E3603046F8BDFEF741FC064688
S3150800BFA090B10378272B12D0E26815786E2D23D02E
S3150800BFB03D21452D59D0134603E0E3601D78452DF4
S3150800BFC02FD00133002DF8D100263046F8BDC368BE
S3150800BFD01A7C1AB1E26A5968521AE2622549186847
S3150800BFE004F0A2F80028DFD1E2681578452D3ED086
S3150800BFF06E2D01D03D21DEE7531CE36055783E21C6
S3150800C0001A46D6E72046FFF76BFDE36806461A7818
S3150800C010BDE7931CC36092785A2A18BF0026B6D18A
S3150800C020A7E79D1AD4E9050398421CDAD4F810E06C
S3150800C03000EB80070EEB87034FEA870C00270130D9
S3150800C040BD42C3E9017760610DDDC3E901770EF8EA
S3150800C0500C70C3E9032532462046FDF755FFE36811
S3150800C06006461A7893E70023F5E70025DAE7013252
S3150800C070E260AAE78C730308C26813784C2B00F0B9
S3150800C0809C80542B00F09A80F0B5732B83B004463D
S3150800C09065D0662B33D0A3F1300109290ED8204686
S3150800C0A0FFF71AF90546002800F08380E3681A7836
S3150800C0B0492A00F08580284603B0F0BD6F2B5BD077
S3150800C0C0692B40F08B8053786C2B00F0A5802046B6
S3150800C0D0FEF7E6FF054600286BD00378322B51D0D1
S3150800C0E0342B00F08E8164D8332B62D1C368032BBE
S3150800C0F05FD8DFE813F0D900DD005E005E005378F4
S3150800C100702BE4D1931CC3609378542B00F02181E3
S3150800C1105F2B00F0A9806E2B4BD0FDF73FFF411C2B
S3150800C12047D4E3681A785F2A43D16FF00042013397
S3150800C1309142E3603DD00230D4E90532934238DAC1
S3150800C140226903EB830102EB810501330026C5E969
S3150800C15001666361062302F82130E860ABE753788D
S3150800C160722B49D0702BB2D10232C260FFF784FF1E
S3150800C170002302464B212BE053786E2BA7D10232BF
S3150800C180C2608CE7C168E36A8A680E68023A13449B
S3150800C190E3623378732B50D17278742A4DD1B27812
S3150800C1A0002A4AD12046FEF73BFB2A46034637219A
S3150800C1B00EE00025284603B0F0BDCDE6FEF716B919
S3150800C1C00133E360204600F06DFA2A46034604214F
S3150800C1D0204603B0BDE8F040FDF796BE742B7FF409
S3150800C1E076AF53786C2B7FF472AF0232E260FEF7BB
S3150800C1F017FBE268054612E00232C260FEF710FB42
S3150800C20005462046FFF768F8E368197849291BD0E0
S3150800C21003462A460121DBE70232E260002511784F
S3150800C2200029C6D05378002BC3D04521204600F0FC
S3150800C2302BF92A4603463121CAE7CF68032FB8D817
S3150800C240DFE807F03216613B01330190E3602046D0
S3150800C25000F028FA019A034604212046FDF754FE09
S3150800C2602A4603460121B3E70332C260012063E789
S3150800C2703278702A76D06D2A74D00027732B6CD149
S3150800C2807378502B69D1B378002B66D1204600F01D
S3150800C29009FA03462FB11A4639212046FDF734FE1E
S3150800C2A003462A46372193E700232A4636218FE795
S3150800C2B02046FFF7E1FE0346F3E7712B5ED173785C
S3150800C2C0752B5BD1B378002B58D12046FFF7D4FEE7
S3150800C2D006462046FFF7D0FE07462046FFF7CCFE67
S3150800C2E0034600283FF465AF3A463C212046FDF751
S3150800C2F00BFE324603463B212046FDF705FE2A463D
S3150800C30003463A2164E7EB681B685A78632A00F00B
S3150800C3108C803378662B00F096802046FFF7ACFEBB
S3150800C32007463378632B50D172786C2A4DD1B27890
S3150800C330002A4AD14521204600F0A6F806463921AA
S3150800C34033463A462046FDF7DFFD2A46034638219E
S3150800C3503EE70332C2600020EEE62046FFF78CFE79
S3150800C360034697E77178914287D1E26811785F2989
S3150800C37084D10132E260337800277FE73378662B71
S3150800C3806DD06E2B7FF415AF7378772B02D0612BA7
S3150800C3907FF40FAF5F21204600F076F80646204668
S3150800C3A0FEF73EFAE3681A78452A074667D0702AE8
S3150800C3B059D0692A7FF4FDAE5B786C2B7FF4F9AE11
S3150800C3C02046FFF759FE03468EE7642B26D172787E
S3150800C3D0742A23D1B2780ABB2046FEF77DFFE368AC
S3150800C3E01A78492A0646AAD10133E360204600F0A6
S3150800C3F059F93246034604212046FDF785FD0646CF
S3150800C4009DE7E3681A785F2A7FF452AF0133E36049
S3150800C4104521204600F038F8034642E7702B17D02E
S3150800C4202046FFF729FE064689E71B78A3F1630233
S3150800C430012A03D9723B012B3FF66BAF2046FEF764
S3150800C440EFF907466DE72046FEF72AFE074668E736
S3150800C4507378742BE4D1B378002BBDD0E0E720467F
S3150800C460FEF71EFE34E75A78692A7FF4A2AE023335
S3150800C470E3604521204600F007F8034634E7013318
S3150800C480E360002330E700BF2DE9F041C2680E469D
S3150800C490117882B00023B1420446019324D001AD3D
S3150800C4A0012709E0FDF730FD286000F1100588B185
S3150800C4B0E3681A78B24211D0D4F830802763204650
S3150800C4C0FFF7DAFD024600232E212046C4F8308005
S3150800C4D0002AE7D1002002B0BDE8F08101980133B7
S3150800C4E0E36002B0BDE8F0810132C2602E211A462F
S3150800C4F002B0BDE8F041FDF707BD00BF2DE9F04FDA
S3150800C5000F46C168B2F1000983B00A78044615BF20
S3150800C5104FF01E0A4FF01B0A4FF01D084FF01A087D
S3150800C52014BF1C2619263D464FF0010B1BE0562A60
S3150800C53033D04B2A37D04B7853B38B1CE3604978FA
S3150800C540782950D06F2934D1E36A0933E3624F2141
S3150800C550002300222046FDF7D7FC2860C0B1E16819
S3150800C5600A7800F10C050846FDF76EFE002840D053
S3150800C5704B1C722AE360DAD1E36A0933E362314677
S3150800C580002300222046FDF7BFFC28600028E6D1DC
S3150800C5900025284603B0BDE8F08FE36A0933E36255
S3150800C5A041460023D5E7E36A0633E3625146002392
S3150800C5B0CFE74F2939D1E36A01910933E36220466F
S3150800C5C0236BC4F830B00093FFF756FD009B236336
S3150800C5D0019903460028DBD0E26810784528D7D1B0
S3150800C5E00132E260B5E7E36A1133E3624D210023C5
S3150800C5F0AFE7B9F1000FCCD1462ACAD1BD42C8D09F
S3150800C6001D201E211C2204E0192B0CD00C37BD421C
S3150800C610BFD03F683B781A2B03D01B2BF4D1397057
S3150800C620F4E73870F2E73A70F0E77729B0D1E36AB1
S3150800C6300633E3622046FEF7B7FD03460028A7D077
S3150800C640E26811784529A3D10132E260502180E7DA
S3150800C65038B5C26813784C2B1FD0044607D8493B17
S3150800C660012B15D80132BDE83840C2601AE0582BB4
S3150800C6700ED101320123056BC2600363FFF7FCFC90
S3150800C680E36825631A78452A0AD10133E36038BD81
S3150800C6902046BDE83840FEF7C3B8BDE838405BE43D
S3150800C6A0002038BD70B5C368866A1A78452A82B0F4
S3150800C6B004461FD00023019301AD09E0FDF724FCD1
S3150800C6C0286000F1100560B1E3681A78452A0BD096
S3150800C6D02046FFF7BDFF024600232F212046002AE9
S3150800C6E0ECD1002002B070BD0198A6620133E36068
S3150800C6F002B070BD5A1C0023C2602F211A4602B030
S3150800C700BDE87040FDF700BC2DE9F04F044693B034
S3150800C710002A5CD0D0F81851002D5BD11378164644
S3150800C720502B54D8DFE813F0BC0912011201550545
S3150800C7306C084008E7078C008000CD08A608F408B6
S3150800C740E70595066E0635060E065A0233020C02F2
S3150800C750E50142091B0969095B078E008E008E00F8
S3150800C7605900590059005900590059005900BA0092
S3150800C770BA0059005900900978001A08FF06A40063
S3150800C780BC06A400DD00DD00B3048E0453042C04AB
S3150800C79053000504FD03CF0386075300B305530072
S3150800C7A053003D013D01E004DA04AD017D012E058B
S3150800C7B00705A803810353005A0333030C03AC028D
S3150800C7C081025900BA0159005900C4F814310123ED
S3150800C7D0C4F8183113B0BDE8F08F0022D4F814312C
S3150800C7E00293D4F81031059302ABC4F81431002330
S3150800C7F003960493002A72D01121204602F018F8F5
S3150800C800049B002B01F02B83029BC4F81431002DE6
S3150800C810E0D0C4F81071DDE7F2681121204613B0A4
S3150800C820BDE8F04F02F004B8D0F80011FF2901F076
S3150800C83090854A1C7E23C4F80021635484F8043189
S3150800C8403269EAE7D0F814E1BEF1000F3CD072462F
S3150800C850916849B950680078A0F1190CBCF1020F2B
S3150800C86001F229858342D7D01268002AF0D12BE03D
S3150800C870D0E9443102AAC0F814210022CDE90216F3
S3150800C880049211213269059301F0D2FF049B002B13
S3150800C89001F0F384029BC4F814319BE7D0F82051C9
S3150800C8A0F0680378002D41F05483052B01F0FE85CE
S3150800C8B0232B01F02B8332789A4201F02783242B0D
S3150800C8C001F04386D4F814E1CDF808E002ABC4F8C9
S3150800C8D014310023CDE90363D4F810310593F268C7
S3150800C8E08AE7F26812B1112101F0A2FF3369002B21
S3150800C8F03FF470AFD4F80051FD2D01F2DF84DFF864
S3150800C900B0832C2708F1010A4FF0000929460BE0ED
S3150800C9100B460131D045C4F80011E75484F8047178
S3150800C92001F0A48218F8017FFF29F1D1D4F8083163
S3150800C930D4F80C2184F8FF9020469847D4F828317B
S3150800C9400133C4F8283101210023E3E7D04DF2680A
S3150800C950112101F06DFF05F10108D4F800113A27FD
S3150800C9604FF000090BE00B460131A845C4F8001149
S3150800C970E75484F8047101F0E78015F8017FFF2970
S3150800C980F1D1D4F80831D4F80C2184F8FF90204668
S3150800C9909847D4F828310133C4F8283101210023F7
S3150800C9A0E3E7F2681178272941F0A483D1680D7C62
S3150800C9B0062D01F2B082002D41F05685D4F80011FB
S3150800C9C0FF2901F019854B1CC4F80031282363544C
S3150800C9D02046112184F8043101F02AFFD4F8001109
S3150800C9E0FF2901F0F9844B1CC4F80031292363544C
S3150800C9F084F8043133783E2B01F0E884082D7FF45F
S3150800CA001FAF5B212046FDF737FC1121326920460E
S3150800CA1001F00EFF5D21204613B0BDE8F04FFDF78B
S3150800CA202BBCF2689B4902A820F0BEFB02A803F0C3
S3150800CA30E7FC00283FF4CEAE02ADD4F800112F185B
S3150800CA404FF0000809E00B460131AF42C4F8001167
S3150800CA50E65484F804613FF4BDAEFF2915F8016B6E
S3150800CA60F1D1D4F80831D4F80C2184F8FF80204697
S3150800CA709847D4F828310133C4F828310121002316
S3150800CA80E3E7D0F80011357BFF2901F028844B1C19
S3150800CA90C4F80031655484F804519BE67E4FF26869
S3150800CAA0112101F0C5FE07F10709D4F80011202568
S3150800CAB04FF000080BE00B460131B945C4F80011E8
S3150800CAC0E55484F8045101F0258017F8015FFF2921
S3150800CAD0F1D1D4F80831D4F80C2184F8FF80204627
S3150800CAE09847D4F828310133C4F8283101210023A6
S3150800CAF0E3E76A4FD0F8001107F1150954254FF0FE
S3150800CB0000080BE00B4601314F45C4F80011E55407
S3150800CB1084F804513FF480AE17F8015FFF29F1D17C
S3150800CB20D4F80831D4F80C2184F8FF8020469847B9
S3150800CB30D4F828310133C4F8283101210023E3E76A
S3150800CB40574FD0F8001107F1120967254FF0000872
S3150800CB500BE00B4601314F45C4F80011E55484F843
S3150800CB6004513FF459AE17F8015FFF29F1D1D4F803
S3150800CB700831D4F80C2184F8FF8020469847D4F869
S3150800CB8028310133C4F8283101210023E3E7454F52
S3150800CB90D0F8001107F10E096A254FF000080BE0DE
S3150800CBA00B460131B945C4F80011E55484F804511F
S3150800CBB03FF432AE17F8015FFF29F1D1D4F80831F6
S3150800CBC0D4F80C2184F8FF8020469847D4F82831F9
S3150800CBD00133C4F8283101210023E3E7324FD0F8A6
S3150800CBE0001107F1190963254FF000080BE00B4601
S3150800CBF001314F45C4F80011E55484F804513FF457
S3150800CC000BAE17F8015FFF29F1D1D4F80831D4F833
S3150800CC100C2184F8FF8020469847D4F82831013340
S3150800CC20C4F8283101210023E3E7204FF2681121D7
S3150800CC3001F0FEFD07F10409D4F800115B254FF059
S3150800CC4000080BE00B460131B945C4F80011E5545C
S3150800CC5084F8045100F05E8717F8015FFF29F1D1C7
S3150800CC60D4F80831D4F80C2184F8FF802046984778
S3150800CC70D4F828310133C4F8283101210023E3E729
S3150800CC80F168FDF737FB4FF00008A0B901F0DABCF0
S3150800CC90A87303083873030824760308B4740308D2
S3150800CCA0A07403089074030874740308A073030837
S3150800CCB048750308904603782F2B08F1010241F0C6
S3150800CCC01781C368002B01F0138100690028F1D190
S3150800CCD0C246D6F80C90904603E001354545BFF6A6
S3150800CCE079ADC4F824514A461121204601F0A0FD29
S3150800CCF0AA45F2DDCB4FD4F8001107F1010B2C261B
S3150800CD000AE00B460131BB45C4F80011E65484F825
S3150800CD100461E2D017F8016FFF29F2D14FF0000243
S3150800CD20D4F8083184F8FF202046D4F80C21984717
S3150800CD30D4F828310133C4F8283101210023E2E769
S3150800CD40B94FD0F8001107F119096E254FF0000800
S3150800CD500BE00B460131B945C4F80011E55484F8D7
S3150800CD6004513FF459AD17F8015FFF29F1D1D4F802
S3150800CD700831D4F80C2184F8FF8020469847D4F867
S3150800CD8028310133C4F8283101210023E3E7A74FEE
S3150800CD90D0F8001107F1150974254FF000080BE0CB
S3150800CDA00B460131B945C4F80011E55484F804511D
S3150800CDB03FF432AD17F8015FFF29F1D1D4F80831F5
S3150800CDC0D4F80C2184F8FF8020469847D4F82831F7
S3150800CDD00133C4F8283101210023E3E7944FD0F842
S3150800CDE0001107F10D097B254FF000080BE00B46F3
S3150800CDF001314F45C4F80011E55484F8045100F098
S3150800CE00388717F8015FFF29F1D1D4F80831D4F82B
S3150800CE100C2184F8FF8020469847D4F8283101333E
S3150800CE20C4F8283101210023E3E7824FD0F8001126
S3150800CE3007F107097B254FF000080BE00B46013187
S3150800CE40B945C4F80011E55484F8045100F0548734
S3150800CE5017F8015FFF29F1D1D4F80831D4F80C216D
S3150800CE6084F8FF8020469847D4F828310133C4F85F
S3150800CE70283101210023E3E76F4FD0F8001107F1AD
S3150800CE801B0967254FF000080BE00B460131B94531
S3150800CE90C4F80011E55484F804513FF4BDAC17F802
S3150800CEA0015FFF29F1D1D4F80831D4F80C2184F8B0
S3150800CEB0FF8020469847D4F828310133C4F8283132
S3150800CEC001210023E3E7D6E903753B78322B01F00D
S3150800CED02781342B41F0A084D0F80011FF2901F0F6
S3150800CEE02B844B1CC4F800312823635484F804317E
S3150800CEF01121FA68204601F09BFCD4F80011FF299D
S3150800CF0001F0098429234A1CC4F80021635484F8D3
S3150800CF1004312A461121204613B0BDE8F04F02F02D
S3150800CF2059BDF2681121204613B0BDE8F04F02F052
S3150800CF3069BB424FD0F8001107F108096F254FF079
S3150800CF4000080BE00B4601314F45C4F80011E554C3
S3150800CF5084F8045100F0058717F8015FFF29F1D11D
S3150800CF60D4F80831D4F80C2184F8FF802046984775
S3150800CF70D4F828310133C4F8283101210023E3E726
S3150800CF802E4FD0F8001107F108096F254FF0000859
S3150800CF900BE00B4601314F45C4F80011E55484F8FF
S3150800CFA004513FF44DAC17F8015FFF29F1D1D4F8CD
S3150800CFB00831D4F80C2184F8FF8020469847D4F825
S3150800CFC028310133C4F8283101210023E3E7F76843
S3150800CFD01B4ED7F80880D0F8001106F1070A6F250E
S3150800CFE04FF000090BE00B460131B245C4F80011B9
S3150800CFF0E55484F8045100F0EB8616F8015FFF2922
S3150800D000F1D1D4F80831D4F80C2184F8FF902046E1
S3150800D0109847D4F828310133C4F828310121002370
S3150800D020E3E700BF48750308147503081875030875
S3150800D0301476030804760308E4750308587503088C
S3150800D0404C750308D6E9032512B1112101F0F0FB4E
S3150800D050D4F80011FF2901F062814A1C7B23C4F829
S3150800D0600021204663542A46112184F8043101F030
S3150800D070DFFBD4F80011FF2900F02E864A1C7D2319
S3150800D080C4F80021635484F80431FFF7A3BBC54FE5
S3150800D090D0F8001107F11D0974254FF000080BE0C0
S3150800D0A00B460131B945C4F80011E55484F804511A
S3150800D0B03FF4B2AB17F8015FFF29F1D1D4F8083174
S3150800D0C0D4F80C2184F8FF8020469847D4F82831F4
S3150800D0D00133C4F8283101210023E3E7F26811215E
S3150800D0E001F0A6FBFFF7ACBBAF4FD0F8001107F174
S3150800D0F00D096A254FF000080BE00B460131B945CA
S3150800D100C4F80011E55484F804513FF485AB17F8C8
S3150800D110015FFF29F1D1D4F80831D4F80C2184F83D
S3150800D120FF8020469847D4F828310133C4F82831BF
S3150800D13001210023E3E79D4FD0F8001107F11C09F0
S3150800D14067254FF000080BE00B460131B945C4F8D6
S3150800D1500011E55484F804513FF45EAB17F8015FFB
S3150800D160FF29F1D1D4F80831D4F80C2184F8FF80CE
S3150800D17020469847D4F828310133C4F828310121CC
S3150800D1800023E3E78A4FD0F8001107F1090964255F
S3150800D1904FF000080BE00B460131B945C4F8001101
S3150800D1A0E55484F8045100F0478617F8015FFF2913
S3150800D1B0F1D1D4F80831D4F80C2184F8FF80204640
S3150800D1C09847D4F828310133C4F8283101210023BF
S3150800D1D0E3E7F768D0F814910022C0F81421002F6D
S3150800D1E03FF4F5AA0DF10808D0F810C143461146D8
S3150800D1F09646C3E90027C3E902EC3A784D2A9A46CF
S3150800D200A2F11C0BA2F14F0001F1010500F06386A3
S3150800D21000F29384BBF1040F40F25D86022AC4F83B
S3150800D220143114D13F693A78472A01F0498208EB4C
S3150800D23001114FF0000A4D2AA2F14F03A2F11C007A
S3150800D24001F0018000F2FC87042840F2FC87042ADA
S3150800D25004BFCDE900C7C4F810D1326911212046B0
S3150800D26001F0E6FA3B78042B02D1009BC4F8103192
S3150800D27008EB0515202755F8086C002E00F01886CF
S3150800D280103D4545F7D1C4F81491FFF7A3BA3369A1
S3150800D2901A783B2A7FF49BAA1B691B783C2B7FF4E0
S3150800D2A096AA3246112102F003FC00287FF492AABE
S3150800D2B0D6E90383D3E90363D8F80C203D491068FF
S3150800D2C0D3E9037502F030FF002841F000823246A8
S3150800D2D02046112102F07EFB42462046112102F02B
S3150800D2E091F920463A46112102F074FB324920464C
S3150800D2F0FDF748F80DE6314FD0F8001107F10C0993
S3150800D30074254FF000080BE00B460131B945C4F807
S3150800D3100011E55484F804513FF47EAA17F8015F1A
S3150800D320FF29F1D1D4F80831D4F80C2184F8FF800C
S3150800D33020469847D4F828310133C4F8283101210A
S3150800D3400023E3E71E4FD0F8001107F110097625F0
S3150800D3504FF000080BE00B460131B945C4F800113F
S3150800D360E55484F804513FF457AA17F8015FFF29DA
S3150800D370F1D1D4F80831D4F80C2184F8FF8020467E
S3150800D3809847D4F828310133C4F8283101210023FD
S3150800D390E3E70C4FD0F8001107F114096E254FF09A
S3150800D3A000081DE0C873030894750308C4750308CC
S3150800D3B0A4750308687503086C75030824740308C4
S3150800D3C0607403085C7403080B4601314F45C4F8C2
S3150800D3D00011E55484F804513FF41EAA17F8015FBA
S3150800D3E0FF29F1D1D4F80831D4F80C2184F8FF804C
S3150800D3F020469847D4F828310133C4F8283101214A
S3150800D4000023E3E7C14FD0F8001107F10F0974258F
S3150800D4104FF000080BE00B460131B945C4F800117E
S3150800D420E55484F804513FF4F7A917F8015FFF297A
S3150800D430F1D1D4F80831D4F80C2184F8FF802046BD
S3150800D4409847D4F828310133C4F82831012100233C
S3150800D450E3E7AF4FD0F8001107F1110974254FF033
S3150800D46000080BE00B460131B945C4F80011E55434
S3150800D47084F804513FF4D0A917F8015FFF29F1D1C8
S3150800D480D4F80831D4F80C2184F8FF802046984750
S3150800D490D4F828310133C4F8283101210023E3E701
S3150800D4A0B6F91230002B40F0EF86F268994BD16836
S3150800D4B0994200F022861121204601F0B9F9D4F8E4
S3150800D4C00031FF2B01F09E802022591CC4F8001160
S3150800D4D0E25484F80421B6F91080B8F1000F40F040
S3150800D4E0E5858D4E5F25771D0BE00B460131B7426A
S3150800D4F0C4F80011E55484F804513FF46BA916F8F2
S3150800D500015FFF29F1D1D4F80831D4F80C2184F849
S3150800D510FF8020469847D4F828310133C4F82831CB
S3150800D52001210023E3E7D0F814C1D0F810310593A0
S3150800D5300DF108080023E146CDF808C0C0F81481AB
S3150800D54003960493BCF1000F01F01A810127654682
S3150800D550BE46B446464618E0AB68A3B9032F3FF665
S3150800D56036A912AB03EB071B95E80F00ABF1400A8F
S3150800D5708AE80F004BF8406C08EB0716C4F81461EC
S3150800D5800137C5F808E02D6825B16B681B78193B8B
S3150800D590022BE1D9DCF8102011212046664601F05D
S3150800D5A047F9049BC4F81491002B7FF413A9012FA3
S3150800D5B00CD008EB071858F80C2C013F112120460F
S3150800D5C001F064F9012FA8F11008F4D1D4F8143148
S3150800D5D032461121204601F087FEFFF7FBB8D6E94F
S3150800D5E00353002B3FF4F6A82B44D0F80011013D55
S3150800D5F05F1E4FF0000809E00B460131AF42C4F840
S3150800D6000011E65484F804613FF4E4A8FF2915F8EC
S3150800D610016FF1D1D4F80831D4F80C2184F8FF80D1
S3150800D62020469847D4F828310133C4F82831012117
S3150800D6300023E3E733691B78392B7FF4C8A8F2681F
S3150800D640D3681B685978632900F0EA8632461121A7
S3150800D650204602F02DFA00287FF4BCA8F3681A7851
S3150800D660322A00F0F687DB681B681A78632A40F0CE
S3150800D670D4865A786C2A40F0D0869B78002B40F0E6
S3150800D680CC863369DA681178032901F06380DA6891
S3150800D6901121204602F09EF9F268D3681B681978B2
S3150800D6A0692940F043875878782840F03F8798786A
S3150800D6B0002840F03B8720465B21FCF7DDFD3369F7
S3150800D6C0204611211A6901F0B3F85D212046FCF7BE
S3150800D6D0D3FDF3681A78322A7FF47CA8DB689A6847
S3150800D6E0012A7FF477A85B681B783E2B7FF472A823
S3150800D6F02921FFF790B9F768002F40F07684074E86
S3150800D700D0F8001106F10308742515E048740308DB
S3150800D71034740308682D030838750308B4750308BC
S3150800D7200B460131B045C4F80011E55484F804519C
S3150800D7303FF450A816F8015FFF29F1D1D4F8083153
S3150800D740D4F80C2184F8FF7020469847D4F828317D
S3150800D7500133C4F8283101210023E3E7F268CAB18E
S3150800D760D0F8141102ABC0F814310023CDE9021623
S3150800D77004931121D0F81031059301F059F8049B50
S3150800D780029AC4F81421002B7FF424A820212046ED
S3150800D790FCF772FDD4F8143132461121204613B035
S3150800D7A0BDE8F04F01F08ABBD0F82031002B00F01D
S3150800D7B0D383D14FD0F8001107F1040961254FF042
S3150800D7C000080BE00B460131B945C4F80011E554D1
S3150800D7D084F8045100F0D88317F8015FFF29F1D1C6
S3150800D7E0D4F80831D4F80C2184F8FF8020469847ED
S3150800D7F0D4F828310133C4F8283101210023E3E79E
S3150800D8000023D0F84871D0F81481F268C0F81431B2
S3150800D810C0F84861112101F00BF894F804313C2B4B
S3150800D82000F0CE85D4F80011FF2900F0B9854B1C0D
S3150800D830C4F800313C23635484F804313269112159
S3150800D840204600F0F5FF94F804313E2B00F0A2853F
S3150800D850D4F80011FF2900F08D854B1CC4F800315F
S3150800D8603E23635484F80431C4F81481C4F848711B
S3150800D870FEF7B0BFA14FD0F8001107F107095625EA
S3150800D8804FF000080BE00B460131B945C4F800110A
S3150800D890E55484F804513EF4BFAF17F8015FFF2939
S3150800D8A0F1D1D4F80831D4F80C2184F8FF80204649
S3150800D8B09847D4F828310133C4F8283101210023C8
S3150800D8C0E3E78F4FD0F8001107F10A0976254FF0E4
S3150800D8D000080BE00B460131B945C4F80011E554C0
S3150800D8E084F804513EF498AF17F8015FFF29F1D187
S3150800D8F0D4F80831D4F80C2184F8FF8020469847DC
S3150800D900D4F828310133C4F8283101210023E3E78C
S3150800D9107C4FD0F8001107F1170963254FF000086E
S3150800D9200BE00B460131B945C4F80011E55484F8FB
S3150800D930045100F0728117F8015FFF29F1D1D4F87C
S3150800D9400831D4F80C2184F8FF8020469847D4F88B
S3150800D95028310133C4F8283101210023E3E76A4F4F
S3150800D960D0F8001107F1140972254FF000080BE0F2
S3150800D9700B460131B945C4F80011E55484F8045141
S3150800D98000F01F8117F8015FFF29F1D1D4F808319B
S3150800D990D4F80C2184F8FF8020469847D4F828311B
S3150800D9A00133C4F8283101210023E3E7574FD0F8A3
S3150800D9B0001107F1180954254FF000080BE00B4633
S3150800D9C00131B945C4F80011E55484F804513EF410
S3150800D9D023AF17F8015FFF29F1D1D4F80831D4F83D
S3150800D9E00C2184F8FF8020469847D4F82831013363
S3150800D9F0C4F8283101210023E3E7454FD0F8001188
S3150800DA0007F1100968254FF000080BE00B460131B5
S3150800DA10B945C4F80011E55484F804513EF4FCAE47
S3150800DA2017F8015FFF29F1D1D4F80831D4F80C2191
S3150800DA3084F8FF8020469847D4F828310133C4F883
S3150800DA40283101210023E3E7F268D2E90053002BCD
S3150800DA503EF4C0AE2B44D0F80011013D5F1E4FF0D6
S3150800DA60000809E00B460131AF42C4F80011E6543C
S3150800DA7084F804613EF4AEAEFF2915F8016FF1D1C2
S3150800DA80D4F80831D4F80C2184F8FF80204698474A
S3150800DA90D4F828310133C4F8283101210023E3E7FB
S3150800DAA0D6E90353002B3EF495AE2B44D0F800116B
S3150800DAB0013D5F1E4FF0000809E00B460131AF42F9
S3150800DAC0C4F80011E65484F804613EF483AEFF29D5
S3150800DAD015F8016FF1D1D4F80831D4F80C2184F87F
S3150800DAE0FF8020469847D4F828310133C4F82831F6
S3150800DAF001210023E3E700BFC0730308F47303089A
S3150800DB00E873030800740308E8740308CC74030870
S3150800DB100075030811213269204600F089FED4F801
S3150800DB200011FF2900F0ED824A1C5D23C4F800218C
S3150800DB30635484F80431FEF74DBE012840F2CB81C8
S3150800DB40C4F81431FFF789BB37693B78472B02D0F5
S3150800DB503A46FEF762BED1492046FCF713FC3A69FD
S3150800DB60CF49013202A81FF01FFB02A802F048FCA9
S3150800DB70002800F0E68302ADD4F8001105EB000991
S3150800DB804FF0000809E00B460131A945C4F8001119
S3150800DB90E65484F8046100F0D483FF2915F8016B74
S3150800DBA0F1D1D4F80831D4F80C2184F8FF80204646
S3150800DBB09847D4F828310133C4F8283101210023C5
S3150800DBC0E3E7B84F32691121204600F031FE07F12C
S3150800DBD00409D4F8001120254FF000080BE00B4685
S3150800DBE001314F45C4F80011E55484F804513EF458
S3150800DBF013AE17F8015FFF29F1D1D4F80831D4F82C
S3150800DC000C2184F8FF8020469847D4F82831013340
S3150800DC10C4F8283101210023E3E7A34FF268112154
S3150800DC20204600F005FE07F10309D4F800112D255A
S3150800DC304FF000080BE00B4601314F45C4F80011C0
S3150800DC40E55484F804513EF4FBAD17F8015FFF294B
S3150800DC50F1D1D4F80831D4F80C2184F8FF80204695
S3150800DC609847D4F828310133C4F828310121002314
S3150800DC70E3E7F2688A49013202A81FF095FA02A87A
S3150800DC8002F0BEFB18B302ADD4F800112F184FF0FE
S3150800DC90000808E00B460131AF42C4F80011E6540B
S3150800DCA084F8046115D0FF2915F8016BF2D1D4F870
S3150800DCB00831D4F80C2184F8FF8020469847D4F818
S3150800DCC028310133C4F8283101210023E4E7D4F8C8
S3150800DCD00011FF297FF4D2A90025D4E9423284F83D
S3150800DCE0FF5020469847D4F8283101221344C4F837
S3150800DCF028312946FFF7C3B9D4F82031F2686B4FAB
S3150800DD000133C4F820311121204600F091FDD4F8E2
S3150800DD102031D4F80011013BC4F8203107F101097C
S3150800DD2029254FF000080AE00B460131B945C4F829
S3150800DD300011E55484F804511BD017F8015FFF2938
S3150800DD40F2D1D4F80831D4F80C2184F8FF802046A3
S3150800DD509847D4F828310133C4F828310121002323
S3150800DD60E4E732461121204613B0BDE8F04F01F032
S3150800DD709FBB32694A49013202A81FF015FA02A868
S3150800DD8002F03EFB0028A2D002ADD4F800112F18ED
S3150800DD904FF0000808E00B460131AF42C4F8001105
S3150800DDA0E65484F8046194D0FF2915F8016BF2D182
S3150800DDB0D4F80831D4F80C2184F8FF802046984717
S3150800DDC0D4F828310133C4F8283101210023E4E7C7
S3150800DDD07D682B78613B192B40F25B8208F1FF378F
S3150800DDE0EB5D202B18BF4746002F3EF4F3AC013DF0
S3150800DDF0D4F800112F444FF0000809E00B46013112
S3150800DE00AF42C4F80011E65484F804613EF4E2AC6B
S3150800DE10FF2915F8016FF1D1D4F80831D4F80C218F
S3150800DE2084F8FF8020469847D4F828310133C4F88F
S3150800DE30283101210023E3E71121F268204600F08A
S3150800DE40F7FCD4F80011FF2900F05A824A1C29234E
S3150800DE50C4F80021635484F80431FEF7BBBC32468B
S3150800DE601121204600F012FDFEF7CEBC3269D4F827
S3150800DE7028610D462046112100F0DAFCD4F8283135
S3150800DE80B3427EF4A7ACD4F80031AB427EF4A2AC20
S3150800DE90023DC4F80051FEF79DBC00BFAC730308F1
S3150800DEA038730308E07403081C7403081076030823
S3150800DEB0D4F80031FF2B00F04B83581CC4F800013E
S3150800DEC055F80C2CE754112184F80471204600F00B
S3150800DED0DDFCFFF7D5B9FF685246002F3EF475AC56
S3150800DEE0042D03F1100300F0DF812946FFF781B9FD
S3150800DEF0D6F80C90B8F1000F3EF46CAC08F1FF3A76
S3150800DF00FEF7EFBE33782F2B7EF4DCACD4F814E1A1
S3150800DF100646FEF7D9BC072D7EF450AD3169087860
S3150800DF2000287EF44BAD086901287EF447AD3D2BE9
S3150800DF307EF444ADCB681B78302B00F06A84312B15
S3150800DF407EF43CADBA49204613B0BDE8F04FFCF765
S3150800DF5019BA0025FEF7ACBC3146FCF7AFF9024604
S3150800DF6000283EF434AC03782F2B00F00083D4F855
S3150800DF7010512B68C4F810311121204600F058FCC6
S3150800DF80C4F81051FEF726BCF268AA49013202A865
S3150800DF901FF00AF902A802F033FA00283EF41AAC78
S3150800DFA002ADD4F800112F184FF0000809E00B460F
S3150800DFB00131BD42C4F80011E65484F804613EF408
S3150800DFC009ACFF2915F8016BF1D1D4F80831D4F85A
S3150800DFD00C2184F8FF8020469847D4F8283101336D
S3150800DFE0C4F8283101210023E3E7934ED0F8001145
S3150800DFF006F105097B254FF000080AE00B460131BA
S3150800E000B145C4F80011E55484F8045113D016F844
S3150800E010015FFF29F2D1D4F80831D4F80C2184F82D
S3150800E020FF8020469847D4F828310133C4F82831B0
S3150800E03001210023E4E77F493A4602A81FF0B4F815
S3150800E04002A802F0DDF918B302ADD4F800112F18B2
S3150800E0504FF0000808E00B460131AF42C4F8001142
S3150800E060E65484F8046115D0FF2915F8016BF2D13E
S3150800E070D4F80831D4F80C2184F8FF802046984754
S3150800E080D4F828310133C4F8283101210023E4E704
S3150800E090D4F80011FF2900F0C7827D234A1CC4F872
S3150800E0A00021635484F80431FEF794BB634D5F2660
S3150800E0B06F1D4FF000080BE00B460131AF42C4F864
S3150800E0C00011E65484F804613EF484AB15F8016F38
S3150800E0D0FF29F1D1D4F80831D4F80C2184F8FF804F
S3150800E0E020469847D4F828310133C4F8283101214D
S3150800E0F00023E3E70025FEF761BCD4F80011FFF71B
S3150800E100EAB90025D4E9423284F8FF5020469847F8
S3150800E110D4F8283101221344C4F82831294604E5E5
S3150800E120FB681E683378612B40F0C3807278642AD6
S3150800E13040F0BF80B278002A40F0BB802A78032AD4
S3150800E14000F0DE82392A00F01383732B1DD1727812
S3150800E1505A2A41D196F80280B8F1000F3CD12946D7
S3150800E1602046FCF7C7F830B908E0C36833B1006940
S3150800E17008F1010810B103782F2BF6D04146204646
S3150800E18013B0BDE8F04FFCF761B93A4611212046B5
S3150800E19001F038FA3378672B07D17278732A04D1DD
S3150800E1A0B27812B92A46FEF738BB732B7EF4B1AEA5
S3150800E1B07378742B7EF4ADAEB378002B7EF4A9AEDB
S3150800E1C028212046FCF758F811212A46204600F057
S3150800E1D02FFB2921FEF71FBC732BD6D17378502B42
S3150800E1E0D3D1B378002BD0D11E4604E001362D6971
S3150800E1F0002D00F0C9812B782F2B40F0C581EB68E4
S3150800E200002B00F0C1811A784B2AEFD1D968204635
S3150800E210FCF770F8034648B1002304E0C2682AB147
S3150800E2200069013310B102782F2AF7D01E44DEE7C1
S3150800E2308C75030838730308BC7503084075030812
S3150800E240012B3FF60AA8042D3EF4C1AA8E4601F119
S3150800E250100B0FC98BE80F00CEE9017AFF68CEF8DC
S3150800E26010E00135CEF80CC05946C4F814B1002F99
S3150800E2703EF4ADAA3A78FEF7DEBF324611212046B3
S3150800E28000F004FBFEF706BBC849FCF77BF8FFF76E
S3150800E2900CB9FF2900F005824B1CC4F80031202375
S3150800E2A0635484F8043199E50123C4E945A3FEF7CC
S3150800E2B091BA2A7846E70D46FEF706BB002767554A
S3150800E2C02946D4E9423220469847D4F82831C4F87A
S3150800E2D000710133C4F828313D46FEF710BB00260D
S3150800E2E0D0F80831D0F80C2180F8FF609847D4F8A8
S3150800E2F0282101231A44C4F828213146FEF7C8BB51
S3150800E3000025D4E9423284F8FF5020469847D4F8CD
S3150800E310283101221344C4F82831294697E50026F6
S3150800E320D4F80831D4F80C2184F8FF6020469847C1
S3150800E330D4F8283101221344C4F828313146FEF7AF
S3150800E3408DBE9B492046FCF71DF8FF683A46FEF746
S3150800E35064BA0025D0F80831D0F80C2180F8FF50AF
S3150800E3609847D4F8283101221344C4F8283129469D
S3150800E370FEF760BA0025D4E9423284F8FF502046F9
S3150800E3809847D4F828310133C4F82831294601239F
S3150800E390FFF764BA20212046FBF76EFFFFF758BA4D
S3150800E3A00025D4E9423284F8FF5020469847D4F82D
S3150800E3B028310133C4F8283129460123FFF738BA32
S3150800E3C020212046FBF758FFFFF72CBA2D212046BF
S3150800E3D0FBF752FFFEF712BB0027D4E9423284F856
S3150800E3E0FF7020469847D4F828310133C4F82831FD
S3150800E3F039460123FEF7F8BA0027D4E9423284F8F1
S3150800E400FF7020469847D4F82831F2680133C4F8DB
S3150800E410283139460123FEF7D7BA3369FFF737B9EA
S3150800E4201B78A3F16301012903D9723B012B3FF63F
S3150800E4300DA91121204601F0E5F83C212046FBF7FD
S3150800E4401BFF33691121DA68204600F0F1F95949B2
S3150800E4502046FBF797FF336911211A69204600F019
S3150800E460E7F92921FEF7D7BA3169097800297EF438
S3150800E470A5AA3E2B00F0BE81326911212046023D35
S3150800E48000F0D6F9042D3EF6A5A9DFE805F00C093B
S3150800E49007050300484956E5484954E5484952E501
S3150800E4A06C21FEF7B8BA7521FEF7B5BAD4F834C1AF
S3150800E4B0BCF1000F40F37081D4F830E12B46714669
S3150800E4C004E0634501F1080100F066815EF8332037
S3150800E4D0904203F10103F4D1D4F82CC16346BCF190
S3150800E4E0000F04D1C6E05B68002B00F0C3801A68F1
S3150800E4F0824203D0B242F6D19C45F4D0014620466A
S3150800E500FBF7DCFE00283EF462A903782F2B7EF485
S3150800E510CFA9D4F824110029FFF6F4ACFBF746FE80
S3150800E520002800F06B810378FEF7C2B9632900F072
S3150800E530AF801121204601F065F8336911211A6967
S3150800E540204601F047FAFFF7C4B8C268FEF746B995
S3150800E55019462046D4E9423284F8FF609847D4F831
S3150800E560282101323346C4F828210120A6E4D4F82C
S3150800E57024110029FFF6FBACFBF718FE024600281B
S3150800E5807FF4F5ACFEF723B90E49324602A81EF011
S3150800E5900BFE02A801F034FF00283EF41BA902ADC9
S3150800E5A0D4F800112F184FF0000817E0307503084B
S3150800E5B0BC73030864750308807503087C75030833
S3150800E5C078750308387303080B460131AF42C4F85F
S3150800E5D00011E65484F804613EF4FCA8FF2915F8F6
S3150800E5E0016BF1D1D4F80831D4F80C2184F8FF80F6
S3150800E5F020469847D4F828310133C4F82831012138
S3150800E6000023E3E70025D4F80C2184F8FF501946C7
S3150800E6102046D4F808319847D4F8282101322B46E9
S3150800E620C4F82821FEF750BF0025D4E9423284F801
S3150800E630FF5020469847D4F8283101332946C4F8B4
S3150800E64028312AE51121F268204601F0C3F97549F7
S3150800E65079E4DA68916801297FF405A85268127886
S3150800E6603E2A7FF400A828212046FBF705FEF3681A
S3150800E670FEF7F9BF4B68D4F81071C4F8103101469B
S3150800E6802046FBF71BFE002800F0BB8001253CE76F
S3150800E69059786C297FF44DAF9B78002B3FF44DAF2A
S3150800E6A047E70026D4E9423284F8FF6020469847B7
S3150800E6B0D4F828317D680133C4F828313146EBE5B2
S3150800E6C0FF68002F3EF483A83A78FEF7B0BD564996
S3150800E6D02046FBF757FEF36843B111212046324620
S3150800E6E001F078F920212046FBF7C6FD3A461121AC
S3150800E6F0204600F09DF8002D7EF40BACFEF76AB8B4
S3150800E700EA68117801297FF420AD29690978292951
S3150800E71008BF154619E50026D4F80831D4F80C21A7
S3150800E72084F8FF6020469847D4F8283101333146EB
S3150800E730C4F82831FEF7E6BB0026D0E9423280F855
S3150800E740FF609847D4F8283101333146C4F8283198
S3150800E750FEF7C7BB1369D2681B78292B1CBF012398
S3150800E760C4F818311121204601F034F9FEF794BF98
S3150800E770EA681121204601F02DF93A46FEF7D2BB88
S3150800E7803269112100F054F8049BC4F81491002B47
S3150800E7903EF41CAFFEF71EB8D4F8383163457EF751
S3150800E7A016A8D4F83021D4F810E102EBCC030CF10A
S3150800E7B00101C4F83411043342F83C00BEF1000FDD
S3150800E7C024D0D4E9502C804610E0D4F83C11DEF869
S3150800E7D0040001EBC2010132C4F840214860196007
S3150800E7E0DEF800E00B46BEF1000F0ED06245ECDB0A
S3150800E7F0FDF7EDBF2D21FBF73FFD3DE6002D3DF46E
S3150800E800E6AFC4F81071FDF7E2BF404600221A6071
S3150800E81074E60649FFF797BB3A46112100F0F2FE67
S3150800E820FEF777BBB075030870750308847503088F
S3150800E83030B5054683B01AB35368012B14461FDC5E
S3150800E840D0F81C11B1F5806F1ADC01335360013121
S3150800E850D0F82C31C0F81C11C0F82CD11121CDE903
S3150800E8600023FDF751FF6268D5F81C310199C5F8F8
S3150800E8702C11013A013B6260C5F81C3103B030BD6A
S3150800E8800123C5F8183103B030BD00BF2DE9F843A0
S3150800E8901378033B154604464D2B4FD8DFE813F093
S3150800E8A019014E004E004E004E004E004E004E001E
S3150800E8B04E004E004E004E004E004E004E004E00DA
S3150800E8C04E004E004E004E004E004E0053007A0099
S3150800E8D0A10053007A00A100ED00FA0007018302A7
S3150800E8E01E012C01510177014E004E004E004E00CC
S3150800E8F09D014E00CD014E004E004E004E004E00CA
S3150800E9004E004E004E004E004E004E004E004E0089
S3150800E9104E004E004E004E004E004E004E004E0079
S3150800E9204E004E004E004E004E004E004E004E0069
S3150800E9304E004E00F4014E003002C6002A46112150
S3150800E940BDE8F84374E7D54ED0F8001106F108077C
S3150800E95020254FF000080BE00B460131B742C4F8FA
S3150800E9600011E55484F8045100F0C48016F8015FDC
S3150800E970FF29F1D1D4F80831D4F80C2184F8FF80A6
S3150800E98020469847D4F828310133C4F828310121A4
S3150800E9900023E3E7C24ED0F8001106F10807202548
S3150800E9A04FF000080BE00B460131B742C4F80011DE
S3150800E9B0E55484F8045100F09D8016F8015FFF299C
S3150800E9C0F1D1D4F80831D4F80C2184F8FF80204618
S3150800E9D09847D4F828310133C4F828310121002397
S3150800E9E0E3E7B04ED0F80011771D20254FF0000858
S3150800E9F00AE00B460131BE42C4F80011E55484F81A
S3150800EA00045177D016F8015FFF29F2D1D4F80831FE
S3150800EA10D4F80C2184F8FF8020469847D4F828318A
S3150800EA200133C4F8283101210023E4E79E4FD0F8CA
S3150800EA30001107F1050920264FF000080BE00B46E8
S3150800EA400131B945C4F80011E65484F8046100F0B0
S3150800EA507D8117F8016FFF29F1D1D4F80831D4F870
S3150800EA600C2184F8FF8020469847D4F828310133D2
S3150800EA70C4F8283101210023E3E7D0F80031FF2B41
S3150800EA8000F0CE812022591CC0F80011C25480F82B
S3150800EA90042125E0D0F80031FF2B00F0B281591C83
S3150800EAA02022C4F80011E25484F8042126E0D0F8A4
S3150800EAB00011FF2900F095814A1C2023C4F8002183
S3150800EAC0635484F804312A6920461121BDE8F843C5
S3150800EAD0AEE6EA681121BDE8F843A9E6D0F80011C8
S3150800EAE0FF2900F0BC814A1C2623C4F80021635480
S3150800EAF084F80431BDE8F883D0F800116B4D26265A
S3150800EB006F1C4FF000080AE00B460131BD42C4F8FD
S3150800EB100011E65484F80461ECD015F8016FFF295A
S3150800EB20F2D1D4F80831D4F80C2184F8FF802046B5
S3150800EB309847D4F828310133C4F828310121002335
S3150800EB40E4E75B4ED0F8001106F1080720254FF0E0
S3150800EB5000080AE00B460131BE42C4F80011E5542C
S3150800EB6084F80451C6D016F8015FFF29F2D1D4F80B
S3150800EB700831D4F80C2184F8FF8020469847D4F849
S3150800EB8028310133C4F8283101210023E4E7494E2E
S3150800EB90D0F8001106F10A0720254FF000080AE010
S3150800EBA00B460131BE42C4F80011E55484F80451FD
S3150800EBB0A0D016F8015FFF29F2D1D4F80831D4F8AD
S3150800EBC00C2184F8FF8020469847D4F82831013371
S3150800EBD0C4F8283101210023E4E790F80431282BF2
S3150800EBE040F0D580344EEA6811212046FFF720FE12
S3150800EBF0B71CD4F800113A254FF000080BE00B4675
S3150800EC000131B742C4F80011E55484F804513FF4C1
S3150800EC1071AF16F8015FFF29F1D1D4F80831D4F89D
S3150800EC200C2184F8FF8020469847D4F82831013310
S3150800EC30C4F8283101210023E3E7204FD0F800115A
S3150800EC4007F1090920264FF000080BE00B460131B1
S3150800EC50B945C4F80011E65484F8046100F08580CB
S3150800EC6017F8016FFF29F1D1D4F80831D4F80C212F
S3150800EC7084F8FF8020469847D4F828310133C4F831
S3150800EC80283101210023E3E70D4ED0F8001106F1E3
S3150800EC90100720254FF0000820E000BF3076030853
S3150800ECA03C760308487603087076030878760308E6
S3150800ECB07C76030888760308947603089876030812
S3150800ECC0507603080B460131B742C4F80011E554E3
S3150800ECD084F804513FF40EAF16F8015FFF29F1D10D
S3150800ECE0D4F80831D4F80C2184F8FF8020469847D8
S3150800ECF0D4F828310133C4F8283101210023E3E789
S3150800ED006D4FD0F8001107F1080920264FF00008CA
S3150800ED100AE00B4601314F45C4F80011E65484F861
S3150800ED20046113D017F8016FFF29F2D1D4F808311E
S3150800ED30D4F80C2184F8FF8020469847D4F8283167
S3150800ED400133C4F8283101210023E4E72A69002A9F
S3150800ED503FF4D0AEFF2932D0481C2823C4F800015E
S3150800ED606354112184F8043101E0EA681121204630
S3150800ED70FFF75EFDD4F80011FF2961D04A1C29234C
S3150800ED80C4F80021635484F80431BDE8F883D0F848
S3150800ED900011FF2972D04A1C2023C4F800216354AD
S3150800EDA084F804311EE7D0F80011FF2976D04A1CF2
S3150800EDB02A23C4F80021635484F804319AE600260D
S3150800EDC0D4F80831D4F80C2184F8FF602046984717
S3150800EDD0D4F828312A690133C4F82831012031468C
S3150800EDE0BBE70026D0F80831D0F80C2180F8FF6080
S3150800EDF09847D4F8283101221344C4F828313146FB
S3150800EE005BE60025194680F8FF50D0E9423298475C
S3150800EE10D4F8283101210B44C4F828312B463FE6A3
S3150800EE200021D0E9425280F8FF101946A847D4F8C5
S3150800EE30283120220133C4F828312270012152E6F4
S3150800EE400025D4E9423284F8FF5020469847D4F882
S3150800EE50283101221344C4F8283129468FE70025B2
S3150800EE60D4E9423284F8FF5020469847D4F828312E
S3150800EE7001221344C4F82831294635E60026D0F87D
S3150800EE800831D0F80C2180F8FF609847D4F828316B
S3150800EE9001221344C4F8283131467DE70025D0E91C
S3150800EEA0423280F8FF509847D4F82831012213449B
S3150800EEB0C4F8283129467BE7647603082DE9F84328
S3150800EEC0044616461D46002B64D09A68002A61D16E
S3150800EED05A6811781939122959D8DFE801F00A0A4F
S3150800EEE00A58585858580A8080800A0A5858585854
S3150800EEF00A0094F80431202B79D1D4F80011FF299F
S3150800EF0000F083804B1C4FF02808C4F8003104F841
S3150800EF1001804FF00009D4F8147184F804812A4658
S3150800EF20C4F814914B461121204600F0B9F8D4F8DC
S3150800EF300021FF2A00F08880511C2923FF29C4F8E4
S3150800EF400011A35484F8043132D028224B1CC4F88B
S3150800EF500031625484F8042132692AB1112120460D
S3150800EF60FFF766FCD4F80031FF2B5DD05A1CC4F8B5
S3150800EF7000212922E254112184F8042101232A467A
S3150800EF80204600F08DF8C4F81471BDE8F8831B68B4
S3150800EF90002B9AD10023D4F81471C4F81431112126
S3150800EFA02A46204600F07CF8D4F80011FF29CCD177
S3150800EFB0002384F8FF302046D4E9423298472822B5
S3150800EFC0D4F82831227084F8042101333269C4F850
S3150800EFD028310123C4F80031002ABFD1C6E794F8C6
S3150800EFE0043103F0FD02282A87D0202B85D0D4F8D7
S3150800EFF00031FF2B41D0591C2022FF29C4F80011EB
S3150800F000E25484F804217FF47DAF0027D4E9423224
S3150800F01084F8FF7020469847D4F828310133C4F89D
S3150800F0202831394601236EE70026194684F8FF6021
S3150800F030D4E9423220469847D4F828210132C4F848
S3150800F04028213346012292E7114684F8FF90D4E935
S3150800F05042322046984742F629032380D4F82831BD
S3150800F06084F8048132690133C4F828310223C4F8CC
S3150800F0700031002A7FF472AF78E70022194684F837
S3150800F080FF20D4F80871D4F80C212046B847D4F8E4
S3150800F090283120220133C4F828312270012131E7B2
S3150800F0A0002A00F0C2802DE9F047054688B01E46C2
S3150800F0B014460127D5F81821CAB9A2680ABB62689E
S3150800F0C01178BEB1E368D5F81081A7602929C5F87B
S3150800F0D0103124D02A292CD0022934D011212846CF
S3150800F0E0FFF7D4FB2468C5F81081002CE2D108B0DC
S3150800F0F0BDE8F0874D2904D007D8A1F11C03042BDD
S3150800F100E0D82468002CD5D1F1E74F390129F8D980
S3150800F110E368D5F81081A760C5F81031DEE72368E3
S3150800F12011212846FFF7CAFEC5F8108108B0BDE8C8
S3150800F130F08723681121284600F0D6F8C5F8108113
S3150800F14008B0BDE8F087644ED5F81471D2684FF060
S3150800F15000091121C5F814912846FFF769FB06F145
S3150800F160010AC5F81471D5F800113A270AE00B46CA
S3150800F17001315645C5F80011EF5485F8047113D0CE
S3150800F18016F8017FFF29F2D1D5F80831D5F80C21F8
S3150800F19085F8FF9028469847D5F828310133C5F8F1
S3150800F1A0283101210023E4E763681C692378472B8B
S3150800F1B017D04D2BA3F14F02A3F11C010ED00BD88B
S3150800F1C004290BD9224611212846FFF731FBC5F839
S3150800F1D0108108B0BDE8F087012AF3D8E4682378DF
S3150800F1E0E7E73E4F7B2607F10C0A4FF000090AE0D5
S3150800F1F00B4601315745C5F80011EE5485F80461F0
S3150800F20014D017F8016FFF29F2D1D5F80831D5F8CF
S3150800F2100C2185F8FF9028469847D5F82831013300
S3150800F220C5F8283101210023E4E7704722692C49F3
S3150800F230013201A81DF0B8FF01A801F0E1F820B3DA
S3150800F24001AED5F8001106EB000A4FF0000908E0F8
S3150800F2500B4601315645C5F80011EF5485F804717F
S3150800F26015D0FF2916F8017BF2D1D5F80831D5F863
S3150800F2700C2185F8FF9028469847D5F828310133A0
S3150800F280C5F8283101210023E4E7D5F80011154F08
S3150800F2907D2607F1020A4FF000090AE00B46013104
S3150800F2A0BA45C5F80011EE5485F8046196D017F8EA
S3150800F2B0016FFF29F2D1D5F80831D5F80C2185F868
S3150800F2C0FF9028469847D5F828310133C5F82831E4
S3150800F2D001210023E4E700BFA8730308AC73030801
S3150800F2E038730308BC7303082DE9F047044617462C
S3150800F2F053B11E469D687DB31B68002BFAD1324672
S3150800F30011212046FFF7CCFED4F80031FF2B00F080
S3150800F3109D80591C2022FF29C4F80011E25484F864
S3150800F320042127D05B224B1CC4F80031625484F8B0
S3150800F3300421FA682AB111212046FFF779FAD4F890
S3150800F3400031FF2B2FD0591C5D22C4F80011E2545E
S3150800F35084F80421BDE8F0875B681B782A2B32D134
S3150800F36011212B4632462046FFF79AFED4F80011A3
S3150800F370FF29D7D10022D4F8083184F8FF20204687
S3150800F380D4F80C2198475B22D4F82831227084F8E7
S3150800F3900421FA68591C0123C4F82811C4F800315D
S3150800F3A0002AC8D1CFE70025194684F8FF50D4E9CA
S3150800F3B0423220469847D4F8283101210B44C4F834
S3150800F3C028312B46C0E7DFF8E480D4F800114FF067
S3150800F3D0200908F1010A0CE00B46D04501F10101AC
S3150800F3E0C4F8001104F8039084F804911AD018F8A8
S3150800F3F0019FFF29F0D1D4F80831D4F80C2184F8FC
S3150800F400FF5020469847D4F828310133C4F82831EC
S3150800F41000230121D045C4F8001104F8039084F8AC
S3150800F4200491E4D11121002332462046FFF738FE25
S3150800F430D4F80011FF2926D04B1C2922FF2BC4F82B
S3150800F4400031625484F804217FF463AF0022194620
S3150800F45084F8FF20D4F80851D4F80C212046A84790
S3150800F460D4F828315B2245F62031218084F804211E
S3150800F470FA680133C4F828310223C4F80031002A97
S3150800F4807FF459AF5FE70022D4F8083184F8FF20EB
S3150800F4902046D4F80C219847D4F82831292201337C
S3150800F4A0C4F828312270012333E700BFAC7503087E
S3150800F4B070B5D0F8483182B0044615462BB1D0F85D
S3150800F4C010210092C0F810D10193EA681378042B32
S3150800F4D00BD011212046FFF7ABF9D4F8483113B108
S3150800F4E0009BC4F8103102B070BDD26811212046C5
S3150800F4F0FFF79EF9D4F8483113B1009BC4F81031D0
S3150800F50094F804313C2B21D0D4F80011FF2944D0BB
S3150800F5104A1C3C23C4F80021635484F80431EB6880
S3150800F52011211A692046FFF783F994F804313E2B16
S3150800F53027D0D4F80011FF2914D04A1C3E23C4F85A
S3150800F5400021635484F8043102B070BDD4F8003148
S3150800F550FF2B33D02022591CC4F80011E25484F83A
S3150800F5600421D3E70025D4E9423284F8FF50204627
S3150800F5709847D4F8283101221344C4F8283129467B
S3150800F580DCE7D4F80031FF2B2BD02022591CC4F815
S3150800F5900011E25484F80421CDE70026D4F8083196
S3150800F5A0D4F80C2184F8FF6020469847D4F828310F
S3150800F5B001221344C4F828313146AAE70022194625
S3150800F5C084F8FF20D4F80861D4F80C212046B04707
S3150800F5D0D4F8283120220133C4F8283122700121B9
S3150800F5E096E70021D4E9425284F8FF1020461946CE
S3150800F5F0A847D4F8283120220133C4F828312270CC
S3150800F60001219AE71178322902D01121FFF710B9A2
S3150800F610D3682DE9F041D3E9015767B32F44D0F8F1
S3150800F62000110446013D013F4FF0000809E00B4672
S3150800F630BD4201F10101C4F80011E65484F80461E1
S3150800F64019D0FF2915F8016FF1D1D4F80831D4F88B
S3150800F6500C2184F8FF8020469847D4F828310133D6
S3150800F660C4F8283100230121BD42C4F80011E6542C
S3150800F67084F80461E5D1BDE8F08100BF2DE9F047C3
S3150800F680E4B090F80090B9F15F0F00AF04460E465B
S3150800F690904600F0F880C149082220461DF0EAFD90
S3150800F6A048B9237A2E2B00F0DD805F2B00F0DA8034
S3150800F6B0242B00F0D7804FF0000A204600F0A0FE69
S3150800F6C023184FEA400E0021FB60BEF5006F4FF08D
S3150800F6D01103C7E90C11C7E90E11BC607C61F86219
S3150800F6E0F961B96239643B61C7F820E000F2B48079
S3150800F6F06D464FEA800C00EB80030CF1070CA5EB76
S3150800F700C3039D462CF0070C6A46BAF1010FADEB10
S3150800F7100C0DBA61C7F824D000F0BC80AAF1020328
S3150800F720012B00F2BD80E37ABAF1020F08BF4FF051
S3150800F730440904F10B0A18BF4FF045095F2BC7F8B7
S3150800F74014A003D1237B5A2B00F02A81BEF1000FA7
S3150800F75040F3AE8050467A6000F052FE7A68002385
S3150800F7600121C2E90133F961002800F0A180C2E94C
S3150800F77003A013704946002307F10800FAF7C4FBF3
S3150800F7807C698146204600F03BFE23187B61235C9A
S3150800F790002B40F08280B9F1000F7ED007F14404B7
S3150800F7A049462046C4E94433C4E94933C4E94633E3
S3150800F7B0C4E94B33C4E94D33C4E94F337B60C4F81D
S3150800F7C0003184F80431C4F82031C4F84431C4F84F
S3150800F7D00861C4F80C81FAF75BFCD4F81C21D4F84C
S3150800F7E03811B2F5006FBCBF7B68C4F81C31D4F879
S3150800F7F04431012901FB03F3E846B8BF0121A8EB10
S3150800F800C101012B8D46C4F844316846B8BF0123AF
S3150800F810A0EBC3039D4600264A46C4F8301120468D
S3150800F8201121C4F83CD1C4F84861FFF701F8D4F8AF
S3150800F8300011D4F808316654C5462046D4F80C2180
S3150800F8409847D4F81801B0FA80F04009AD4607F594
S3150800F850C877BD46BDE8F087084607F5C877BD46B0
S3150800F860BDE8F087637A442B02D0492B7FF423AF97
S3150800F870A27A5F2A7FF41FAF492B0CBF4FF0020A0A
S3150800F8804FF0030A19E743785A2B7FF404AF4FF079
S3150800F890010A12E7B9F15F0F0CD00020AD46D6E792
S3150800F8A007F10800FAF7BCFF7B6981461B786FE70A
S3150800F8B000225FE763785A2BEFD1A3780234472BEF
S3150800F8C07C6100F08180542B7ED0514607F10800F8
S3150800F8D0FCF788F881463B69DB0772D579690B78AE
S3150800F8E02E2B7FF455AF00244B78A3F16102192A19
S3150800F8F048D95F2B46D0303B092B62D808780B468F
S3150800F9002E2818D193F801C0ACF1300CBCF1090FC0
S3150800F91011D893F802C0ACF13002092A03F10203A8
S3150800F92006D813F801CFACF1300EBEF1090FF8D99D
S3150800F930BCF12E0FE6D0D7E9072082427B61A3EB04
S3150800F940010C1DDAB86902EB820E00EB8E03013258
S3150800F950BCF1000FC3E90144FA6111DDC3E90144B2
S3150800F96000F82E40C3E9031C4A464E2107F1080059
S3150800F970FAF7CAFA79690B782E2B8146B4D007E7CD
S3150800F9800023F1E78A1C134612F8010BA0F1610C5B
S3150800F990BCF1190FF7D95F28F5D0B1E73C73030816
S3150800F9A0637B0D34472B7C6107F1080005D0542B87
S3150800F9B003D0FCF717F80246DCE6FCF791F8024696
S3150800F9C0D8E67B691B78E3E607F10800FCF788F8B8
S3150800F9D0814680E770B51378012B82B01546044638
S3150800F9E003D9312B01D0062B38D101266B68012BA0
S3150800F9F022DCD4F81C21B2F5806F1DDC01330132FC
S3150800FA006B601121D4F82C31C4F81C21C4F82CD110
S3150800FA102A46204601930095FCF776FE6A68D4F8D4
S3150800FA201C310199C4F82C11013A013B6A60C4F8EB
S3150800FA301C3136B102B070BD0123C4F81831002E4E
S3150800FA40F8D1D4F80011FF2915D04A1C2923C4F887
S3150800FA500021635484F8043102B070BDD0F8001157
S3150800FA60FF2916D04A1C2823C4F80021002663540F
S3150800FA7084F80431BAE7D4E9423284F8FF602046B4
S3150800FA809847D4F8283101221344C4F8283131465E
S3150800FA90DCE70026D0E9423280F8FF609847D4F8C0
S3150800FAA0283101221344C4F828313146DBE700BF68
S3150800FAB02DE9F84FD368DB681B681978662978D171
S3150800FAC01269D0F82471D2E9038A9AF800203C2AF0
S3150800FAD04FF0FF3208BFDAE903A9C0F824215B78A2
S3150800FAE018BF4FF000096C2B044600F0A28063D8BB
S3150800FAF04C2B01D0522B57D1D4F80011FF2900F016
S3150800FB00EB804B1CC4F8003128236354524684F812
S3150800FB10043111212046784EFFF75CFF1121424639
S3150800FB202046FFF76FFD06F1020BD4F800112E25CB
S3150800FB304FF0000A0BE00B46B34501F10101C4F88A
S3150800FB400011E55484F8045119D016F8015FFF290D
S3150800FB50F1D1D4F80831D4F80C2184F8FFA0204656
S3150800FB609847D4F828310133C4F8283100230121F5
S3150800FB70B345C4F80011E55484F80451E5D142466A
S3150800FB8011212046FFF73EFD4A4611212046FFF780
S3150800FB9021FFD4F80011FF297FD04A1C2923C4F875
S3150800FBA00021635484F80431C4F824710120BDE8A7
S3150800FBB0F88F0020BDE8F88F722BF5D1D0F8001128
S3150800FBC0FF297BD04B1CC4F80031282363545246C6
S3150800FBD084F8043111212046484EFFF7FBFE4246C1
S3150800FBE011212046FFF70EFD06F10309D4F800118E
S3150800FBF02E254FF000080AE00B4601314E45C4F8A1
S3150800FC000011E55484F80451CED016F8015FFF2997
S3150800FC10F2D1D4F80831D4F80C2184F8FF802046B4
S3150800FC209847D4F828310133C4F828310121002334
S3150800FC30E4E7334DD0F80011282605F1030B4FF001
S3150800FC4000090BE00B46AB4501F10101C4F80011B0
S3150800FC50E65484F8046119D015F8016FFF29F1D12B
S3150800FC60D4F80831D4F80C2184F8FF902046984738
S3150800FC70D4F828310133C4F8283100230121AB45D3
S3150800FC80C4F80011E65484F80461E5D1424611210E
S3150800FC902046FFF7B7FC524677E70025D4F8083127
S3150800FCA0D4F80C2184F8FF5020469847D4F8283118
S3150800FCB001221344C4F8283129466FE70025D0E904
S3150800FCC0423280F8FF509847D4F828310133C4F8F7
S3150800FCD028312946012376E70025D4E9423284F8FB
S3150800FCE0FF5020469847D4F828310133C4F8283104
S3150800FCF02946012306E700BFB0750308AC7603085A
S3150800FD00A47603082DE9F0411E4684B0002840D0A9
S3150800FD100C46154609B1002A3BD0002329496A46F4
S3150800FD20CDE90033CDE90233FFF7A8FC002839D026
S3150800FD30039B009FD3B9DDF80880002F3CD02CB375
S3150800FD40384600F05DFB2B68984219D23946421CAA
S3150800FD50204600F03DF938461DF028F827460EB132
S3150800FD6000233360384604B0BDE8F0814FF001083F
S3150800FD70002FE4D18EB14FF0FF3333600027F1E74F
S3150800FD8020461DF013F8C5F80080E8E7002DFAD1E3
S3150800FD90E5E716B16FF0020333600027384604B072
S3150800FDA0BDE8F08100981DF001F8002EF5D06FF03F
S3150800FDB0010333600027D5E7002EEED0B8F1010F16
S3150800FDC0D9D0F4E7D1A1000860B108B539B1FFF779
S3150800FDD055FC002814BF00206FF0010008BD6FF025
S3150800FDE0020008BD6FF00200704700BF4FF0FF3CED
S3150800FDF006E000BF4FF0010C02E000BF4FF0010C17
S3150800FE004DF804CD4FEA410C7FEA6C5C4FEA430C8F
S3150800FE1018BF7FEA6C5C1BD001B050EA410C0CBFDE
S3150800FE2052EA430C91EA030F02BF90EA020F002040
S3150800FE30704710F1000F91EA030F58BF994208BFA7
S3150800FE4090422CBFD8176FEAE37040F00100704764
S3150800FE504FEA410C7FEA6C5C02D150EA013C07D1BB
S3150800FE604FEA430C7FEA6C5CD6D152EA033CD3D006
S3150800FE705DF8040B704700BF8446104662468C4600
S3150800FE801946634600E000BF01B5FFF7B7FF002833
S3150800FE9048BF10F1000F01BD4DF808EDFFF7F4FF5C
S3150800FEA00CBF012000205DF808FB00BF4DF808EDE7
S3150800FEB0FFF7EAFF34BF012000205DF808FB00BF0A
S3150800FEC04DF808EDFFF7E0FF94BF012000205DF82C
S3150800FED008FB00BF4DF808EDFFF7CEFF94BF0120E1
S3150800FEE000205DF808FB00BF4DF808EDFFF7C4FFDA
S3150800FEF034BF012000205DF808FB00BF4FEA410C23
S3150800FF007FEA6C5C02D150EA013C0AD14FEA430C05
S3150800FF107FEA6C5C02D152EA033C02D14FF0000042
S3150800FF2070474FF001007047000000000000000015
S3150800FF3001F0FF01102A2BDB10F0070F08D010F88C
S3150800FF40013B013A8B422DD010F0070F42B3F6D190
S3150800FF50F0B441EA012141EA014122F007047FF0A9
S3150800FF6000070023F0E80256083C85EA010586EA00
S3150800FF70010685FA47F5A3FA87F586FA47F6A5FA3C
S3150800FF8087F68EB9EED1F0BC01F0FF0102F0070248
S3150800FF9032B110F8013B013A83EA010313B1F8D1F3
S3150800FFA00020704701387047002D06BF35460338D4
S3150800FFB0073815F0010F07D1013015F4807F02BF0D
S3150800FFC0013015F4C03F0130F0BC0138704700BF5E
S3150800FFD0844641EA000313F003036DD1403A41D346
S3150800FFE051F8043B40F8043B51F8043B40F8043B05
S3150800FFF051F8043B40F8043B51F8043B40F8043BF5
S3150801000051F8043B40F8043B51F8043B40F8043BE3
S3150801001051F8043B40F8043B51F8043B40F8043BD3
S3150801002051F8043B40F8043B51F8043B40F8043BC3
S3150801003051F8043B40F8043B51F8043B40F8043BB3
S3150801004051F8043B40F8043B51F8043B40F8043BA3
S3150801005051F8043B40F8043B51F8043B40F8043B93
S31508010060403ABDD2303211D351F8043B40F8043B33
S3150801007051F8043B40F8043B51F8043B40F8043B73
S3150801008051F8043B40F8043B103AEDD20C3205D343
S3150801009051F8043B40F8043B043AF9D2043208D03B
S315080100A0D2071CBF11F8013B00F8013B01D30B88AD
S315080100B003806046704700BF082A13D38B078DD08B
S315080100C010F003038AD0C3F10403D21ADB071CBF5D
S315080100D011F8013B00F8013B80D331F8023B20F8C7
S315080100E0023B7BE7043AD9D3013A11F8013B00F800
S315080100F0013BF9D20B7803704B7843708B78837088
S315080101006046704700000000000000000000000083
S3150801011000000000000000000000000000000000D0
S31508010120A2EB0300704700BF02780B78012A28BFAB
S315080101309A42F5D16DE9044540EA0104CDE9026721
S315080101406FF0000C4FEA447212B380EA010414F00E
S31508010150070F6AD100F0070420F0070004F0030531
S3150801016021F007014FEAC505F0E8042314F0040F4E
S31508010170F1E804670CFA05F462EA040266EA040681
S315080101800AD063EA0403624667EA0407664603E09F
S31508010190F0E80423F1E8046782FA4CF582EA0604DA
S315080101A0A4FA8CF46CBB83FA4CF583EA0705A5FA25
S315080101B08CF595B950E9022351E9026782FA4CF5A3
S315080101C082EA0604A4FA8CF483FA4CF583EA070555
S315080101D0A5FA8CF52543DBD09CB92DBAB5FA85F479
S315080101E024F0070427FA04F1DDE9026723FA04F388
S315080101F003F0FF0001F0FF01FDE80445A0EB010053
S31508010200704724BAB4FA84F424F0070426FA04F1F0
S31508010210DDE9026722FA04F202F0FF0001F0FF01AC
S31508010220FDE80445A0EB0100704714F0030F3CD12B
S3150801023010F0030428D150F8082B51F8083B82FA2C
S315080102404CF582EA0305A5FA8CF55DB950F8042C3C
S3150801025051F8043C82FA4CF582EA0305A5FA8CF5B5
S31508010260002DE8D02DBAB5FA85F424F0070423FA4F
S3150801027004F122FA04F202F0FF0001F0FF01FDE8A1
S315080102800445A0EB010070474FEAC40420F00300BF
S3150801029050F8082B21F0030151F8083B0CFA04F435
S315080102A062EA040263EA0403C9E710F003041AD0F8
S315080102B0A1EB040120F00300E40750F8042B06D053
S315080102C00FD28B785FFAA2F4E41A06D12BB1CB7858
S315080102D05FFAB2F4E41A00D11BB920465DF8104B57
S315080102E0704701F1040150F8042BCC0721F00301F2
S315080102F051F8043B48D824D222F07F4482FA4CF5BF
S3150801030094EA1325A5FA8CF50AD165B951F8043B87
S3150801031084EA0204B4EB036F0ED150F8042BEBE721
S315080103204FEA132355E035F07F454DD10878FDE8AE
S315080103300445C0F1000070474FEA126203F0FF035B
S3150801034047E002EA1C4482FA4CF594EA1345A5FAF9
S315080103508CF50AD165B951F8043B84EA0204B4EB79
S31508010360034F0CD150F8042BEBE74FEA134330E067
S3150801037015EA1C4528D10B884FEA124229E04FEAB3
S31508010380124203EA1C4324E002F0FF0482FA4CF508
S3150801039094EA1365A5FA8CF50AD165B951F8043BB7
S315080103A084EA0204B4EB032F09D150F8042BEBE7D6
S315080103B04FEA13630DE015F0FF0F05D10B684FEAFD
S315080103C0122223F07F4304E04FF00000FDE80445C4
S315080103D0704712BA1BBA82FA4CF482EA0304A4FAE9
S315080103E08CF5B5FA85F402FA04F203FA04F34FEA36
S315080103F01260FDE80445A0EB136070470000000099
S3150801040090F800F06DE9024520F007016FF0000C45
S3150801041010F0070491F820F040F049804FF00004ED
S315080104206FF00700D1E9002391F840F000F10800C8
S3150801043082FA4CF2A4FA8CF283FA4CF3A2FA8CF300
S315080104404BBBD1E9022382FA4CF200F10800A4FA67
S315080104508CF283FA4CF3A2FA8CF3E3B9D1E90423BB
S3150801046082FA4CF200F10800A4FA8CF283FA4CF3F2
S31508010470A2FA8CF37BB9D1E9062301F1200182FAAC
S315080104804CF200F10800A4FA8CF283FA4CF3A2FAB2
S315080104908CF3002BC6D0002A04BF04301A4612BAC0
S315080104A0B2FA82F2FDE8024500EBD2007047D1E9C3
S315080104B0002304F00305C4F100004FEAC50514F052
S315080104C0040F91F840F00CFA05F562EA05021CBF23
S315080104D063EA050362464FF00004A9E74FEA4102C1
S315080104E012F5001215D211D56FF47873B3EB625277
S315080104F012D94FEAC12343F0004343EA505311F09E
S31508010500004F23FA02F018BF404270474FF000002F
S31508010510704750EA013005D111F0004008BF6FF06D
S31508010520004070474FF00000704700BF53B94AB901
S31508010530002908BF00281CBF4FF0FF314FF0FF30DC
S31508010540F9F7E0BCADF1080C6DE904CEF8F708FC43
S31508010550DDF804E0DDE9022304B070472DE9F04F28
S31508010560B0FBF1FC1D4601FB1C0385B0D35CDDF82D
S3150801057038808DF8043001AFDDE90F96BE460124B7
S3150801058000E09C46814260460AD8BCFBF1F301FBB8
S3150801059013CC013412F80CC00EF801CF0B2CF0D194
S315080105A0B8F1000F2AD005B1013DB9F1000F01D00C
S315080105B02D20B047AC421BD2B9F1000F14BF4FF042
S315080105C0300B4FF0200BA24658460AF1010AB047F4
S315080105D0AA45F9D3B8F1000F0AD1013C3C44207869
S315080105E0B047BC4204F1FF34F9D105B0BDE8F08F3C
S315080105F0B9F1000FF1D12D20B047EEE7AC42DBD3BC
S31508010600EBE700BF2DE9F04F834682461BF8010B45
S3150801061085B0002859D0DFF88091DFF880815D4FD9
S315080106200E461446002507E0A047DA460BF1010BF2
S315080106309AF80000002848D02528F5D1042DF3D8CA
S315080106409AF80120302A46D00AF1020A0020A2F1BE
S315080106503003092B4FF000030BD803EB830302EB9E
S3150801066043031AF8012BA2F130010929A3F130033A
S31508010670F3D96C2A2CD002F0DF01542928D0782A24
S315080106801DD8572A15D9583A202A18D8DFE802F072
S315080106905617171717171717171717646B171717FB
S315080106A01717171717171717291717371748171768
S315080106B02900002A6AD0252A01D11046A0470AF145
S315080106C0010B9AF800000028B6D105B0BDE8F08FF5
S315080106D01AF8012BD3E79AF8022001200AF1030A36
S315080106E0B5E7CDE901040022009256F825004246F5
S315080106F01021FFF733FF01350AF1010B98E756F888
S3150801070025B01BF8010B01350028D8D0A0479BF866
S3150801071000000BF1010B0028F8D10AF1010BD0E713
S31508010720CDE901040022009256F825003A460A212D
S31508010730FFF714FF01350AF1010B79E7CDE9010449
S315080107400022009256F825004A461021FFF706FFB7
S3150801075001350AF1010B6BE716F82500A0470135AB
S315080107600AF1010B64E756F82520002ACDE90104B0
S31508010770ABBF104650420022012200920A213A4696
S31508010780FFF7ECFE01350AF1010B9AE7D3460AF1A8
S31508010790FF3A4DE71C3403080834030828340308D4
S315080107A00268012A10B503460C4602D0022A0BD06C
S315080107B010BD80680A4603F10C01FFF723FF2346A3
S315080107C00A20BDE8104018470A46024803F1080105
S315080107D0F3E700BFD033030810B582B003460A46D3
S315080107E00C460448019301A9FFF70CFF0A20A0470C
S315080107F002B010BDF033030830B5012303608160F0
S315080108000C789E4644B1BEF1050F05D8252C04D0B7
S3150801081011F8014F002CF6D130BD4B7801F1020CCD
S31508010820A3F13001092905D81CF8013BA3F13001D0
S315080108300929F9D96C2B5BD003F0DF0154291DD0A6
S31508010840002B00F0B480583BD9B2202900F2B580BC
S31508010850202B00F2B280DFE803F040B0B0B0B0B0B0
S31508010860B0B0B0B0B04040B0B0B0B0B0B0B0B0B059
S31508010870B0B030B0B030B040B0B04000614611F809
S31508010880014B002C00F09780583CE5B2202D7FD80B
S31508010890202C7DD8DFE804F01C7C7C7C7C7C7C7C6D
S315080108A07C7C7C227F7C7C7C7C7C7C7C7C7C7C7CD0
S315080108B0127C7C127C1C7C7C1C0061460EF10203B6
S315080108C052F8044B40F823400EF1010E0C7899E7D3
S315080108D0742B03D0542B64D08C46614652F8044BD2
S315080108E00EF102030EF1010E40F823400C7889E758
S315080108F0614611F8014B002C5DD0583CE3B2202B20
S3150801090046D8202C44D801A353F824F0DD08010861
S31508010910910901089109010891090108910901083C
S31508010920910901089109010891090108910901082C
S315080109309109010891090108DD080108DD08010886
S31508010940910901089109010891090108910901080C
S3150801095091090108910901089109010891090108FC
S31508010960910901089109010891090108BD080108C1
S315080109709109010891090108BD08010891090108B1
S31508010980DD0801089109010891090108DD08010836
S315080109909CF8014036E76C2BA0D0742B9ED0542BC3
S315080109A09CD1073222F0070252F8084B98E71CF847
S315080109B0014C0CF1FF3C614624E79CF80040614676
S315080109C020E700BF0EB400B58AB00CAA02A80649F2
S315080109D00192FFF711FF02A9052000F065FD0AB093
S315080109E05DF804EB03B070473C34030870B5044660
S315080109F000202071C8B215461E4601F07DFB206015
S31508010A0020B13246E9B201F099FB08B101232371FD
S31508010A10204670BD2DE9F04F4FF4FA6083B002F01D
S31508010A20C7FA1C201AF076F95B4A5C49044600F0BD
S31508010A302DF95B4D04202C601AF06CF959490446CE
S31508010A4000F028FADFF874811420C8F800401AF07B
S31508010A5061F95549044600F0F3F9DFF86491182065
S31508010A60C9F800401AF056F9044600F019FA4F4F32
S31508010A7028203C601AF04EF9474A4849064600F0D4
S31508010A80A7FA4B4C142026601AF044F93B680093E8
S31508010A9023682A68D9F80010064600F03BF9DFF802
S31508010AA024A12820CAF800601AF034F923680093B3
S31508010AB02A68DAF80030D8F80010064600F06EF910
S31508010AC0DFF804B13B48CBF800601CF013FB0220A9
S31508010AD002F090FC38481CF00DFB02F0B7F9022031
S31508010AE002F0DEFC2D4B186801F044FB2A4B18680E
S31508010AF001F040FBDBF8000010B1282119F0C4FC15
S31508010B00DAF8000010B1142119F0BEFCD9F800007A
S31508010B1010B1142119F0B8FCD8F8000010B104215D
S31508010B2019F0B2FC286810B11C2119F0ADFC38681F
S31508010B3010B1182119F0A8FC206810B1282119F064
S31508010B40A3FC03B0BDE8F04F02F08ABA1C21204687
S31508010B5019F09AFC19F09AFC2821304619F094FCF0
S31508010B6019F094FC1421304619F08EFC19F08EFC0C
S31508010B70F2E71821204619F087FC19F087FC1421A1
S31508010B80204619F081FC19F081FC0421204619F050
S31508010B907BFC19F07BFC00BF3810002030100020C8
S31508010BA0141000202C10002028100020041000200A
S31508010BB00C1000204C3403085C340308181000207C
S31508010BC008100020001000201010002000B512485F
S31508010BD083B01CF08FFA01A801F054FF50B105202B
S31508010BE002F07EF90D481CF085FA02F039FA03B0D5
S31508010BF05DF804FB0A4B186800F0E0F8094B186821
S31508010C0001F074F9084902460520FFF7DBFE02F0F8
S31508010C1027FA03B05DF804FB6C340308883403082B
S31508010C2010100020401000203C34030808B50123A9
S31508010C301A4642210F48FFF7D9FE41210123002216
S31508010C400D48FFF7D3FE442001F01EFA0B4B02466E
S31508010C501A60452001F0CEF9094B02461A60432075
S31508010C6001F040F9074B02461A600748BDE80840FB
S31508010C7001F016BF30100020381000202C1000207B
S31508010C8028100020401000202010002030B4002534
S31508010C901E2480E826002622C0E903444461027620
S31508010CA030BC704710B5826890F91810036804467D
S31508010CB0891A186801F06AFAD4E9013294F9181008
S31508010CC01868114401F062FAA36894F918100648E5
S31508010CD0C91A1CF073F994F91810A3680348BDE8FA
S31508010CE0104019441CF06AB99C340308AC34030853
S31508010CF010B503680446186801F02EFA6368BDE862
S31508010D001040186801F028BABDEEC00A80ED020A43
S31508010D10704700BF0160C3600021009B42600174F7
S31508010D208360704738B5037C2DED028B0446F0EEDF
S31508010D30408A0D460BB3206800F086F807EE900A44
S31508010D40A068B8EEE70A00F0BBF8B0EE408AD5B95C
S31508010D5018EE100AF7F7DAFC02460B460D481CF0A6
S31508010D602DF9606838EE280AFFF7CEFFBDEC028B35
S31508010D706068BDE83840FFF795BF4068FFF7B8FFE0
S31508010D8001232374D7E704481CF0B4F9B1EE488A65
S31508010D90DEE700BFD8340308BC340308C361002367
S31508010DA0C0E905120360002243608360C360009BAB
S31508010DB0027480F820204362704700BF90F8201023
S31508010DC010B50446032906D8DFE801F00223170AFD
S31508010DD0012180F82010BDE8104016481CF0EEB835
S31508010DE0C0699FED150A0121FFF79CFF94F82010B1
S31508010DF01048BDE810401CF0E1B8406900F04CF815
S31508010E0090B1032184F820100A48BDE810401CF06F
S31508010E10D5B88069FFF76CFF022184F820100548D0
S31508010E20BDE810401CF0CAB804481CF0C7F894F88D
S31508010E302010D0E7EC34030800000000E43403086E
S31508010E404622C1600274704710B5C3682DED028B46
S31508010E500446186801F0F8F894F9103007EE900A7C
S31508010E6008EE103AF8EEE77AB8EEC88A37EEC88A7D
S31508010E7018EE100AF7F74AFC02460B4604481CF01E
S31508010E809DF8FDEEC87ABDEC028B17EE900A10BDEF
S31508010E90F8340308016070470368186801F016B949
S31508010EA00022DFF818C00449026042608260C0F877
S31508010EB00CC0026141617047CDCC4C3F9A99993F6C
S31508010EC0D0B5D0ED007A70EE677A04462DED028B27
S31508010ED080ED000A17EE900AC4ED017AB0EE408A59
S31508010EE0F7F714FC02460B4635481CF067F8D4EDB3
S31508010EF0018AF1EE047AF4EEE78AF1EE10FA3CDDA6
S31508010F00A068F7F703FC064618EE900A0F46F7F7AE
S31508010F10FDFB29A3D3E90023F7F750FC02460B464C
S31508010F2030463946F7F792FAF7F77AFEA060F7F7EF
S31508010F30EDFB02460B4623481CF040F8DFED226A1A
S31508010F40D4ED017A94ED050A94ED036A94ED027ADB
S31508010F5067EEE67A28EE268A67EE807A27EE267A03
S31508010F60E8EE067ABDEC028BD4ED046A9FED170A0A
S31508010F70E7EE267A37EE800AD0BDF9EE047AF4EE6A
S31508010F80E78AF1EE10FAA068D1D5F7F7BFFB064656
S31508010F9018EE900A0F46F7F7B9FB07A3D3E9002322
S31508010FA0F7F70CFC02460B4630463946F7F750FA76
S31508010FB0F7F736FEA060BAE79A9999999999B93FD0
S31508010FC004350308183503089A99993E000000006C
S31508010FD04FF0000CC0E90012C0F808C0C0F80CC0F8
S31508010FE0C0F810C0C0F814C0C0F818C0C0F81CC0BA
S31508010FF0C0F820C0C0F824C0704700BF08B500F08B
S315080110005BFFFEE74FF0FF30704700BF0338042847
S3150801101004D84FF400534B6000207047024B092255
S315080110201A604FF0FF307047148F01200120704776
S31508011030024B16221A604FF0FF307047148F0120B9
S31508011040002070470338042805D9044B09221A6081
S315080110504FF0FF3070470120704700BF148F012001
S3150801106008B5C31E042B05D8023800F05FF940EA1B
S31508011070E07008BD024B09221A604FF0FF3008BD27
S31508011080148F012008B5C31E042B05D8023800F0B9
S315080110902BF940EAE07008BD024B09221A604FF0AD
S315080110A0FF3008BD148F012010B50C4888B04FF4E5
S315080110B0004101F02BFA0A4A106008B108B010BDC8
S315080110C00849094B0291C02202246946CDE9032346
S315080110D0009400F0E9F900F031FEFEE70020002057
S315080110E000A00020283503086835030810B582B02A
S315080110F00120019102F072F8054B0199186801F077
S315080111002BFA0446012002F007F8204602B010BD6A
S3150801111000A0002010B5012082B0CDE9002102F01F
S315080111205DF8064BDDE90021186801F0B1FA0446BD
S31508011130012001F0F1FF204602B010BD00A00020F9
S3150801114000B583B00120019102F048F8054B0199D9
S31508011150186801F039FA012003B05DF804EB01F0D3
S31508011160DBBF00BF00A000200EB410B58BB00DAADE
S31508011170044652F8041B019202A8FFF73DFB02A997
S31508011180204600F091F90BB0BDE8104003B0704756
S3150801119008B504490620FFF7E7FF05F097F802F0BE
S315080111A0E4FFFEE77C35030801F050BE012001F09B
S315080111B097BE00BF10B582B00C461A460449009482
S315080111C003460020FFF7D0FF00F0B8FDFEE700BF99
S315080111D098350308704700BF704700BF704700BFC6
S315080111E0704700BF704700BF10B4074B074C002279
S315080111F03F201F21C3E90042C3E90222C3E90420B3
S315080112005DF8044B9961704704A00020F035030886
S31508011210704700BF704700BF704700BF406800F0C5
S3150801122047BA00BF406800F08BBA00BF406800F0BB
S3150801123067BB00BF406800F0C7BA00BF406800F04E
S315080112400FBC00BF406800F021BC00BF0849094B2C
S3150801125010B4002201F11C0401F13800C3E90A4265
S31508011260C3E90012C3E914025DF8044B704700BFD5
S315080112705C36030820A4002000F098BC00F098BC56
S3150801128000F098BC084600F097BC00BF084600F07D
S3150801129095BC00BF704700BF00F0A4BC00F0B4BC09
S315080112A000F0B4BC084600F0B3BC00BF084600F025
S315080112B0BFBC00BF704700BF704700BF00F0DEBC6F
S315080112C000F0DEBC00F0DEBC084600F0DDBC00BF65
S315080112D0084600F0DBBC00BF704700BF00F0F8B855
S315080112E000F05CB900F022B970B504460D46164601
S315080112F002F0DCF9A8B9002C10DD0B4B5A68A242A2
S315080113000CDB04F180441B68013C324653F8240087
S31508011310036829469B68BDE8704018476FF01100BD
S3150801132070BD6FF0180070BDE835030870B5044646
S315080113300D46164602F0BAF9A8B9002C10DD0B4B7A
S315080113405A68A2420CDB04F180441B68013C324610
S3150801135053F8240003682946DB68BDE8704018473E
S315080113606FF0110070BD6FF0180070BDE835030805
S3150801137000F082BC2DE9F04F0D4689B0EFF31087D6
S3150801138072B6264C0126636986401E4223D0244A3A
S31508011390E368D2F800908E46D16803F1010801EBA3
S315080113A0431A204BD3F800B0BEE80F00D446ACE888
S315080113B00F009EE80F00C8458CE80F0028BF0023E0
S315080113C0CAF804B0C4F80C8028BFE360636899457D
S315080113D00BD901336360A3691E420ED1012F00D0D8
S315080113E062B6002009B0BDE8F08FE368A3602369FF
S315080113F001332361A3691E42F0D00A4B2C461E68AD
S315080114000FCC6D460FC594E80F0085E80F00064915
S3150801141001966846FFF7C4F9E0E700BF04A000207B
S31508011420F0350308002B012071130108F0B583B0CC
S31508011430EFF3108272B6012A29D0194C6568002685
S3150801144005B3184AA168D36803EB411E13680193D3
S315080114504F1C8446BEE80F00ACE80F009EE80F005B
S315080114608CE80F00019B20699F4228BF002305F1E4
S31508011470FF35C4E9015728BFA360002323611EB1C4
S3150801148003B0F0BD6FF0280062B603B0F0BD044C9E
S3150801149065681646002DD4D16FF02800F0E700BF25
S315080114A004A00020F0350308FFF764BF00B583B038
S315080114B0034601220DF1070103488DF8073000F0B4
S315080114C083F903B05DF804FB20A4002000F0D4BB27
S315080114D030B51248124D134C89B000F0E9F8124B99
S315080114E002930122694605200092FFF7DDFF68464F
S315080114F0FFF79CFF002809DB0CD121466846FFF758
S315080115004FF96846FFF792FF0028F5DA286801F0D7
S315080115104FFDECE72146FFF75FF9EEE720A400202F
S3150801152000360308AD1401081C370308F0B5184D39
S315080115308BB003E09DF8070000F09EFB0DF1070153
S31508011540284600F019FB04460028F3D102A8FFF744
S315080115506DFF051E0F4E104F0CDB6CB19DB9314660
S3150801156002A8FFF71DF902A8FFF760FF051E4FF055
S315080115700104F2DA0BB0F0BD214632463846FFF7D0
S3150801158041F8002DEBD031462846FFF725F9E6E765
S3150801159020A40020CD1401083C37030810B50B4BD5
S315080115A00B4988B0D3E900230291012403200721BE
S315080115B0CDE903010094694600240520CDE90542D9
S315080115C00793FFF771FF08B010BD00BF3C3603084B
S315080115D0583703080EB400B58AB00CAA02A8064902
S315080115E00192FFF709F902A90020FFF75DFF0AB08A
S315080115F05DF804EB03B07047B43803080A2970B5DF
S315080116000E46044602D1C368DB0626D401F0B0FFB4
S31508011610002846DB2268236A9269D6542268236A1F
S315080116201569616A0133AB4201F101012362A5EB38
S31508011630010504BF00232362B5FA85F50129616214
S315080116404FEA551503D110680368DB68984701F01E
S31508011650A3FF002825DB284670BD0D21FFF7CEFF25
S31508011660051EF8DBD2D0636A23B1236818680368BC
S315080116709B68984723685B68186801F0AFFD051EEB
S31508011680C4DA0A492A460020FFF7A4FF05F1350303
S31508011690DBB2042B05D8012202FA03F313F0150F66
S315080116A0D9D10123A3606FF00405D4E7B438030840
S315080116B070B5044601F0FAFF00283ED12368186880
S315080116C003681B68984701F079FF002830DB6568D5
S315080116D03DB16FF0280501F09DFF002828DB28465B
S315080116E070BD40F21153C4E90335C4E90555C4E98F
S315080116F00755656201F03CFF002816DB2368186868
S31508011700036801211B699847236818680368022141
S31508011710DB6801269847C4E9016501F03DFF002809
S31508011720D9DAA6606FF00405D5E76FF00405D2E7AC
S315080117300123A3606FF00405D1E76FF01805CEE722
S3150801174070B5044601F0B2FF002835D1054601F00F
S3150801175035FF002833DB63683BB96FF0280601F0D3
S3150801176059FF00282BDB304670BD01F001FF2368C5
S315080117700646186803685B689847656001F00CFFC0
S3150801178023685B6800281868ACBFF60F012601F0CC
S315080117907FFD23689B680028186806DB01F078FD41
S315080117A0002804DB002EDAD001E001F071FD0123E7
S315080117B0A3606FF00406D2E76FF01806D3E701239A
S315080117C0A3606FF00406CEE72DE9F04105460F4602
S315080117D0904601F06BFF002840F089806B68002B6A
S315080117E000F08880AE68002E7ED12B685B68186889
S315080117F001F0F4FC041E51DBB8F1000F63D017F8B1
S31508011800011B2846FFF7FAFE041E32DB0136B045F6
S3150801181025D0002CF3D06B6A23B12B6818680368AE
S315080118209B6898472B685B68186801F0D7FC041E0B
S31508011830E5DA002031492246FFF7CCFE04F13500EE
S31508011840C0B2042805D8012303FA00F010F0150FD9
S3150801185001D10123AB6034462046BDE8F0816B6AAD
S3150801186063B12B68186803689B689847002C33D0C6
S315080118700024002EEFD12046BDE8F081002CEAD1E4
S315080118802B685B68186801F047FC0028E3DA012336
S31508011890AB606FF00404002EEDD0DCE71749224651
S315080118A03046FFF797FE04F13503DBB2042B05D862
S315080118B0012202FA03F313F0150FCDD10123AB6010
S315080118C06FF00404C8E76E6A2B68002ED9D0186831
S315080118D003689B68464698472B685B68186801F059
S315080118E01BFC0028C4DAD2E76FF00404B4E76FF0F2
S315080118F01804B1E76FF02804AEE700BFB43803084F
S315080119002DE9F04F83B004468846914601F0CEFE94
S31508011910002840F099806368002B00F09B80A56839
S31508011920002D40F09480B9F1000F31D02F460126E1
S31508011930AA4636B123689B68186801F04FFC051E54
S315080119404CDB01F015FE002858DB21682269CE68B8
S31508011950A5694869531CB34214BF19465146013D4E
S3150801196010F802B0A561216101F016FEB5FA85F6F7
S3150801197000284FEA561641DB08F801BBE368DB0786
S3150801198007F1010708D4B945D3D1002D40D13D4609
S31508011990284603B0BDE8F08F23685B68186801F034
S315080119A01DFC021E3DDB59462046FFF727FE00288F
S315080119B0EDDB08D0636A002BE5D023681868036855
S315080119C09B689847DFE723685B68186801F0A4FB02
S315080119D00028EFDA0123A3603D46D9E71F492A46C5
S315080119E00020FFF7F7FD05F13503DBB2042B05D817
S315080119F0012202FA03F313F0150F03D10123A360A1
S31508011A006FF00405002FC2D1284603B0BDE8F08F58
S31508011A1023689B68186801F07FFB0028DADB3D46DE
S31508011A20B6E70E4901920020FFF7D4FD019A02F1AB
S31508011A303503DBB2042BCDD8012202FA03F313F0E6
S31508011A40150FC7D03D46A3E76FF01805A0E76FF05D
S31508011A5004059DE76FF028059AE700BFB438030827
S31508011A6038B504460D4601F021FE28B9636833B13D
S31508011A70A06838B9E56038BD6FF0180038BD6FF059
S31508011A80280038BD6FF0040038BD00BF38B50446DC
S31508011A900D4601F00BFE40B963684BB1A06850B919
S31508011AA0A269636AC5E9002338BD6FF0180038BD1D
S31508011AB06FF0280038BD6FF0040038BD406A7047E2
S31508011AC038B5456A0446B5B10268C3699269D35CFB
S31508011AD00B700168C3690A6901339342C36104BF84
S31508011AE00023C361436A9A420DD0013B6362012513
S31508011AF00BB1284638BD23681868036801211B699C
S31508011B009847284638BD4B68186801F005FB002838
S31508011B1001DB636AE9E70123A3606FF00405E8E7DF
S31508011B20036810B5DA680446806990421CD05A6980
S31508011B306369D15422686369D16801338B42636151
S31508011B4004BF00236361A3691BB10133A3610120AB
S31508011B5010BD9368186801F0DFFA002806DBA3694F
S31508011B600133A3610120F3E7002010BD0123A3601F
S31508011B706FF0040010BD00BF43680BB1436A0BB98F
S31508011B80184670470268C3699269D35C0B7002688C
S31508011B90C369126901339342426AC36104BF0023D0
S31508011BA0C361013A0123426218467047704700BF74
S31508011BB0704700BF704700BF704700BF704700BF3E
S31508011BC00148FFF77BBF00BF20A40020014601485A
S31508011BD0FFF776BF20A4002001460148FFF7A0BF02
S31508011BE020A4002010B500F06BF9064C01E001F0C5
S31508011BF0DFF9022003F046FA03462046002BF6D009
S31508011C0010BD00BF40420F00704700BF07F054B92E
S31508011C10012806D0022803D1034B01221A60704716
S31508011C207047024B18607047B0A80020B4A800207E
S31508011C30012806D0022803D1044B00221A607047F6
S31508011C407047034B00221A60704700BFB0A80020F6
S31508011C50B4A800200148FFF731BF00BF48A40020FF
S31508011C6001460148FFF72CBF48A400200146014858
S31508011C70FFF756BF48A40020704700BF704700BF52
S31508011C80704700BF704700BF704700BF704700BF6D
S31508011C9008B5FFF79FFAFFF79FFAFFF79FFAFFF7D5
S31508011CA09FFAFFF79FFAFFF79FFAFFF7B1FAFFF7D7
S31508011CB0B1FAFFF7B1FAFFF7C9FAFFF7EBFAFFF73F
S31508011CC0F9FAFFF7F9FABDE80840FFF705BB00BFC7
S31508011CD001F056B808B500F033FF01F005FA01F036
S31508011CE053FB01F0F7FCBDE8084001F007BD00BF52
S31508011CF008B500F057F8024A024B12681A6008BD87
S31508011D000C3C03080000002008B500F0BDFD0A4B95
S31508011D101A6842F400721A601A6842F480621A60FC
S31508011D201A6842F480721A6000F076F8BDE8084035
S31508011D30002000F041B800BF003C024008B5EFF3AF
S31508011D400883EFF309836B4600F016FEFEE700BF32
S31508011D5008B500F011FEFEE700B5002083B000F0DB
S31508011D602BF800240194019BB3F5801F06DA019B29
S31508011D7001330193019BB3F5801FF8DB002000F0C6
S31508011D8043F8EFE700207047034A044B1068A3FBAA
S31508011D9000308009704700BFAC2B0120D34D62107B
S31508011DA0704700BF034AD2F8883043F47003C2F87B
S31508011DB08830704700ED00E070B5044686B050B92A
S31508011DC00F4B00901A6B42F001021A631B6B03F06A
S31508011DD001030093009B0B4E012356F8240020258E
S31508011DE0022201A9CDE90332CDE9015302F0EAF94C
S31508011DF056F824000022294602F0CCFA06B070BD36
S31508011E000038024004000020024B202153F820002C
S31508011E1002F0C5BA0400002030B595B00023244A63
S31508011E200093116C234841F080511164126C02F041
S31508011E3080520092009A0193026822F4404242F4C9
S31508011E4000420260026802F4404202210124019222
S31508011E504FF480004FF48032CDE90742CDE90933CA
S31508011E60CDE90C31082460220E90042307A8CDE998
S31508011E700F42CDE91113019D139102F0A1FA80B920
S31508011E8002200F240023CDE902404FF48052052198
S31508011E9002A8CDE90432069302F068FC20B915B010
S31508011EA030BDFFF759FFEBE7FFF756FF15B030BD19
S31508011EB0003802400070004008B501F033FCFEE727
S31508011EC008B501F055FB054A054B106801221A7041
S31508011ED002F04EFE01F060FB002008BDB4000020B0
S31508011EE06C2A01203E2101F049BD00BF00B583B02F
S31508011EF001AA002101F0A8FD18B9019803B05DF8FF
S31508011F0004FB404203B05DF804FB00BF10B503882B
S31508011F10B3F5806F18BFC3F38702438882B008BF41
S31508011F20FF22B3F5806F8DF8042018BFC3F387022B
S31508011F30838808BFFF220C46B3F5806F14BFC3F32D
S31508011F408703FF2301A88DF805208DF8063004F0D4
S31508011F5043FAE078032820D9A378032B21D9B4F8CA
S31508011F6000C0BCF1270F25D9214AC3F1C80103FBDB
S31508011F7001F182FB0123CA17C2EB6312D2B2C0F187
S31508011F80C8031B49A27000FB03F381FB0301DB179E
S31508011F90C3EB6113E37002B010BD0022002121805A
S31508011FA0EDE7C3F1C80203FB02F26423B2FBF3F2C5
S31508011FB0D2B2F3E7ACF114021421120292FBF1F248
S31508011FC0D2B24FF0640E02FB02F20EFB02F10914C3
S31508011FD0C1F1C801C3F1C8020CFB01F103FB02F20E
S31508011FE0B1FBFEF192FBFEF289B2D2B2D7E700BF8E
S31508011FF01F85EB5170B53D2188B001F0BFFC04AADD
S315080120000521064601F020FD60B9DDE90402069BBB
S31508012010ADF8080001A902A8ADF80A20ADF80C3000
S31508012020FFF774FF064C074D062344F8043B0FCD12
S315080120300FC495E8030084E80300304608B070BD74
S31508012040702A01200800002000B585B06A460521DE
S3150801205001F0FAFC98B9DDE90023029913440B440F
S315080120606422A0F1553002FB03F300F1004080FB26
S315080120700312D817C0EB622005B05DF804FB0020F7
S3150801208005B05DF804FB00BF10B53F218AB001F029
S3150801209075FC02AA0621044601F0D6FC0499089AA1
S315080120A0094B0398DA609142C3E9001007DA01AADD
S315080120B00421204601F0C8FC20460AB010BD0024C0
S315080120C020460AB010BD00BFEC2A012000B583B036
S315080120D001AA042101F0B8FC50B90198054B1B6807
S315080120E004338342ACBF0020012003B05DF804FB32
S315080120F04042F3E7EC2A012070B582B000240121A1
S315080121000646019401F072FDC82520B111E000F0E0
S315080121104FFF013D0CD001A9304605F08FF9044661
S31508012120082C4CF25030F2D014B9019802B070BDA7
S31508012130204604F083FC002002B070BD10B513469A
S315080121404FF47A7205F0A6F9044608B9204610BD7F
S3150801215004F074FC204610BD002210B5114605F0A6
S3150801216099FA044608B9204610BD04F067FC2046D2
S3150801217010BD00BF10B5006801F0F4FA044608B9AD
S31508012180204610BD04F05AFC204610BD10B5006863
S3150801219001F0D0FA044608B9204610BD04F04EFCF9
S315080121A0204610BD38B5084C084DAC4204D254F847
S315080121B0043B9847AC42FAD3054B01221A70BDE895
S315080121C0384000F04DBF00BF9C7F0308A47F030879
S315080121D0FC2A0120024A1378002BFCD0704700BF65
S315080121E0FC2A01204B6823F003037F2B10B526D860
S315080121F09B10002203EB421C00EB8C0CDCF87440AC
S3150801220074B3C1E90240E16001F10B0424F003044F
S3150801221001F1080EA64502D0FFF790FDFEE7CCF8BE
S315080122207410012101FA02F401FA03F3016900EBC2
S3150801223082022143016151690B43536110BDB3FA0F
S3150801224083F2C2F11A04E34083F02003C2F11902B2
S3150801225003EB421C00EB8C0CDCF87440002CD0D14B
S31508012260FFF76CFDFEE700BF70B5D1E90245FDB188
S315080122700CB3E560AC6003EB421500EB85056E6FA8
S315080122808E4200D070BDA0426C67FBD100EB82057F
S315080122900124696904FA03F321EA03036B61002B3C
S315080122A0F0D1036904FA02F223EA0202026170BD5F
S315080122B0FFF744FDFEE7FFF741FDFEE738B551B3E9
S315080122C07F291AD88B10002200EB820465694FF02A
S315080122D0FF3404FA03F32B4020D1036901329440F9
S315080122E01C4019D094FAA4F2B2FA82F200EB8203E6
S315080122F05B699BB9FFF722FDFEE7B1FA81F3C3F1EA
S315080123001A0201239340013B0B44B3FA83F4012CCF
S31508012310C4F1190219D10024204638BD002B93FABD
S31508012320A3F3B3FA83F308BF4FF0FF3303EB421469
S3150801233000EB8404646F002CEED0656825F0030574
S31508012340A94208D9FFF7FAFCFEE7C4F11A04E340EB
S3150801235083F02003B8E72146FFF786FFDCE700BFD5
S31508012360421802F10F0302F10C0C23F003039C45FA
S3150801237010B502D0FFF7E2FCFEE7436823F003033A
S31508012380A3EB010E01EB0E049C42AEF1040E02D042
S31508012390FFF7D4FCFEE7936803F0030343EA0E0351
S315080123A0936023F003030B2B02F1040216D9436849
S315080123B003F0030319434160536833F0030310D054
S315080123C06344104643F8042C53F8041941F00201FA
S315080123D05960536843F00103536010BDFFF7AEFC23
S315080123E0FEE7FFF7ABFCFEE738B54B68DC071CD503
S315080123F00C4623F0030302F110018B4200D238BDCB
S31508012400054611462046FFF7ABFF636833F0030321
S315080124100ED04268234442F002025C6001464260E3
S315080124202846BDE83840FFF7DDBEFFF787FCFEE723
S31508012430FFF784FCFEE700BF4B6833F0030370B572
S3150801244026D001F1080633441C1F0D4623D06368C4
S31508012450DA071BD523F003037F2B1FD89B10002215
S315080124602146FFF701FF6A6832F0030302D1FFF73D
S3150801247065FCFEE76368043223F0030313446B60CB
S3150801248033F0030314D01E4446F8045C284670BD95
S31508012490FFF754FCFEE7FFF751FCFEE7B3FA83F2B8
S315080124A0C2F11A01CB4083F02003C2F11902D7E722
S315080124B0FFF744FCFEE700BF38B511F0030521D14B
S315080124C0083A22F00303104A0C46A3F10C01914283
S315080124D013D8254643F0010355F804296B602946AC
S315080124E0FFF780FE6B6833F0030308D0221D1344FF
S315080124F0022243E90152204638BD284638BDFFF776
S315080125001DFCFEE7002038BDF4FFFF3F70B50E46FF
S3150801251010F0030104461CD1C0E9020001616022E2
S3150801252014301AF0F9FC04F1700304F5476003F15D
S31508012530800243F8044F9342FBD19842F7D12546CE
S31508012540A6F6744204F674412846FFF7B5FF2846F5
S3150801255070BD0025F4E700BF30B5044683B039B92C
S3150801256000212046FFF7AAFE40B3FFF7E7FBFEE787
S31508012570CA1C22F00302B2F1804FF1D20C2A38BFED
S315080125800C2211460192FFF799FE019A0546A8B158
S3150801259001462046FFF728FF6B6833F0030310D086
S315080125A005F10800034453F8042922F002025A608F
S315080125B06B6823F001036B6003B030BD002003B0E4
S315080125C030BDFFF7BBFBFEE7A9B351F8043C13F096
S315080125D0010270B50C462BD133F0030342D00546F0
S315080125E0081FA1F10806C6500344586840F00200C6
S315080125F0586051F8043C43F00103980741F8043C3C
S3150801260026D551F8086C002E3CD07368D9072CD50D
S3150801261023F003037F2B2BD89B1031462846FFF75F
S3150801262023FE726832F0030306D1FFF787FBFEE744
S31508012630FFF784FBFEE7704754F8043C23F00303D5
S3150801264013440433736033F003031ED033445E60CE
S3150801265031462846FFF7F0FE01462846BDE8704098
S31508012660FFF7C0BDFFF76AFBFEE7FFF767FBFEE76B
S31508012670B3FA83F2C2F11A00C34083F02003C2F110
S315080126801902CAE7FFF75AFBFEE7FFF757FBFEE712
S31508012690002942D02DE9F04383B0002A62D051F8CF
S315080126A0043C33F003070C462ED0D11C21F003015C
S315080126B0B1F1804F0546A4F1080828D20C2938BF84
S315080126C00C21DB070E4625D48F422AD2E359D907B6
S315080126D0A4F1040905D523F00303391D0B44B342BC
S315080126E028D2114628460192FFF736FF0646E8B179
S315080126F0019ABA42214628BF3A46FDF769FC2146A6
S315080127002846FFF761FF11E0FFF718FBFEE713F014
S31508012710010305D0FFF712FBFEE71146FFF71CBFC1
S315080127201E4606F110039F4228D22646304603B0BC
S31508012730BDE8F0834146FFF77FFE54F8043C33F0C9
S31508012740030318D09944D9F8043023F00203C9F8D1
S31508012750043054F8047C27F0010344F8043C27F0BC
S315080127600307DEE70192FFF72FFF019A1646304667
S3150801277003B0BDE8F083FFF7E1FAFEE731464046CC
S31508012780FFF7EEFD436823F002030146436028463E
S31508012790FFF752FE014628462646FFF723FDC5E701
S315080127A04FF0E02307491A69074822F001021A6126
S315080127B0596199611A69002142F005021A6101609D
S315080127C0704700BFFF760100002B01204FF0E02380
S315080127D000221A61704700BF034A136803F57A732A
S315080127E0136000F059BA00BF002B0120031F0B2B01
S315080127F011D80E4B820853F822301A6800F00300EC
S31508012800C0004FF0FF0C0CFA00FC22EA0C028140D2
S31508012810114319607047A0F11003652BFAD823F00C
S31508012820030303F1604303F56443E6E7543D0308F4
S31508012830043803280BD8DFE800F01D140B024FF00B
S31508012840E022D2F8243D43F40023C2F8243D704720
S315080128504FF0E022D2F8243D43F48023C2F8243D08
S3150801286070474FF0E022D2F8243D43F40033C2F812
S31508012870243D70474FF0E022D2F8243D43F48033DB
S31508012880C2F8243D704700BF10B4102383F31188A2
S315080128903348344A0023012103601160BFF34F8F87
S315080128A04FF0E0223049C2F8081DD2F8181D2F480A
S315080128B021F0FF01C2F8181DD2F8181D006821F48D
S315080128C07F41C2F8181DD2F8181D21F47F01C2F8FC
S315080128D0181DD2F81C1D21F07F41C2F81C1DD2F823
S315080128E0201D21F0FF01C2F8201DD2F8201D21F478
S315080128F07F0141F47001C2F8201DD2F8241D41F46C
S315080129008031C2F8241DD2F8241D41F40031C2F8E1
S31508012910241DD2F8241D41F48021C2F8241DD2F8C1
S31508012920141D21F40071C2F8141DD2F8881D4FF048
S31508012930404441F47001C2F8881DC2F8344F60B1B1
S3150801294000EB80000A4A0B4C4000116944F8231039
S315080129500A33834202F11802F7D15DF8044B704736
S31508012960082B0120042B012000800008103D0308D4
S31508012970783C03087829012082B0044B0193019B16
S3150801298013B1019B02B0184702B07047A11D010897
S31508012990A0F10F0CBCF1660F70B520D80C4602F1F8
S315080129A010010F2918D80F2822D05342DBB2A0F103
S315080129B01001C3F110034FEA511C01F01F02012651
S315080129C01901154B964043F82C604FEA8C05FFF721
S315080129D00DFFE30706D470BDFFF7B0F9FEE7FFF771
S315080129E0ADF9FEE705F1604505F561452E6070BD57
S315080129F04FF0E02553422A69DBB222F00202C3F105
S31508012A0010032A611901FFF7F1FEE207E3D52B69E5
S31508012A1043F002032B6170BD80E100E010B5EFF3CE
S31508012A201184EFF30582054B53F822309847044B7E
S31508012A3000221A6084F3118810BD00BF0839030803
S31508012A40042B0120EFF30583C3F30803032B0FD0EF
S31508012A50052B07D1084B9A6A9A6A120406D59B6B0D
S31508012A60FFF76CB9062B04BF034B9B6AFFF766B9E0
S31508012A70014BDB6AFFF762B900ED00E0EFF305836E
S31508012A80FFF75CB900B583B00DF1060000F0A2FEB0
S31508012A90BDF80600C0F3001003B05DF804FB00BFE3
S31508012AA010B582B00446684600F03AFCDDE9002319
S31508012AB02046C4E9002302B010BD00BFF8B5FFF7F0
S31508012AC0E7F8FFF721F900F0BBF8FFF703F90C4B1C
S31508012AD01D6855B10B4E0024371F57F8343056F888
S31508012AE0340001349847AC42F7D1074A074B1268BC
S31508012AF01A6000F0CFF8064B01221A60F5F720FCA0
S31508012B001C3D0308E43A0308002B0120AC2B0120E5
S31508012B100C2B0120F8B5084B1D6855B1074E00244A
S31508012B20371F57F8343056F8340001349847AC4209
S31508012B30F7D1FFF70DF900BF203D03086C3C0308E8
S31508012B402DE9F047234D244C24482549254B0022DD
S31508012B502A602260012202600A6003F18002C3E949
S31508012B60003308339342FAD11F4A204B15684FF0B8
S31508012B70000AA3F800A05DB31D4CDFF87C801D4F49
S31508012B80564601E0AA4523D054F8043B013B03EB22
S31508012B90830908EBC90903EB430399F80F2007EBEF
S31508012BA0C3036FF30002C9F80830484689F80F20B5
S31508012BB000F024F8D9F80830C9F814601B68DB0757
S31508012BC00AF1010ADED5484600F026F8AA45DBD106
S31508012BD0BDE8F087182B01201C2B0120142B01209E
S31508012BE0102B0120242B0120103D0308202B012046
S31508012BF0243D0308783C030858290120C37B8268D1
S31508012C000021017323F01E03127B427343F008036C
S31508012C108273C373704700BF82685269203A10B441
S31508012C200021054C82610122C46141625DF8044BB1
S31508012C30027301F04DB800BFDD83000800000000F3
S31508012C409FED0B7B0C4B0D490D4A0E4810B483EDD5
S31508012C50007B0D4C00230B600C4923600C4C04606F
S31508012C600B605DF8044B1260704700BFAFF300803C
S31508012C700000000000000000B82B0120A82B01204D
S31508012C80482A0120A42B0120B02B0120B42B0120B6
S31508012C90003E14F4704700BF2DE9F84FEFF3148393
S31508012CA09B0702D5FFF74AF8FEE7DFF8C4A0DAF872
S31508012CB00030002B55D1EFF31182102383F31288CC
S31508012CC0DFF8B0800123C8F80020CAF80030BFF346
S31508012CD04F8FDFF8A490DFF8A4B0234E234DC9F82F
S31508012CE000300BF1040401F07DF9DBF80010A14274
S31508012CF028D34FF0000C08E0D7E902309847DBF8F3
S31508012D000010A1424FF0010CEDD3DBF804703068D6
S31508012D103A682B68121A1B1A9A42A1F104000ED8B6
S31508012D20A042CBF80000E7D30B682046196801F0EA
S31508012D3021F9DBF800305B6803605860DCE7BCF119
S31508012D40000FD0D1FFF7A6FF0023C9F80030CAF853
S31508012D500030BFF34F8FD8F8003083F31188BDE8F0
S31508012D60F88FFEF7EBFFFEE7A42B0120A82B012025
S31508012D70042B0120082B0120B02B0120482A012011
S31508012D8070B52C4C2568002D50D1002826D042DD7F
S31508012D90294B1B6883423EDB284B013800EB800038
S31508012DA003EBC000EFF31183102282F31288244E3D
S31508012DB0336001232360BFF34F8F037BE3B183683D
S31508012DC01B68990711D56FF02A0500232360BFF305
S31508012DD04F8F336883F31188284670BDEFF3148348
S31508012DE09A0718D5174B1868DCE7C37BDA07EAD4C4
S31508012DF043F00103C373E8E7FFF70EFF114A124BCD
S31508012E00106819688842E0D0EFF314839B0706D54A
S31508012E10F5F7B0FAD9E76FF01105284670BD4FF0FE
S31508012E20E0234FF08052C3F8042DCEE76FF0180562
S31508012E30D2E700BF042B0120103D030858290120C1
S31508012E40082B0120182B01201C2B012070B582B0FC
S31508012E50EFF31483980719D51C4D2C68B4B91C4B8C
S31508012E601B689BB1102383F311881A4A0123146046
S31508012E702B60BFF34F8F184E3068C37B59070AD4AE
S31508012E809A0713D564F34103C37306E06FF0180478
S31508012E90204602B070BD6FF0340400232B60BFF3E7
S31508012EA04F8F83F31188204602B070BD0423037344
S31508012EB000F036FF3068019401AB0361074B3246D7
S31508012EC01968F5F757FA019CE7E700BF042B0120BB
S31508012ED0102B0120082B0120182B01201C2B012067
S31508012EE070B52D4C2568002D53D1002822D033DD2D
S31508012EF02A4B1B6883422FDB294B013800EB8000E4
S31508012F0003EBC000EFF31183102282F31288254EDA
S31508012F10336001232360BFF34F8F037B8BB96FF0B7
S31508012F20280500232360BFF34F8F336883F3118885
S31508012F30284670BDEFF314839A070DD51A4B186806
S31508012F40E0E723F00203042B0DD0C37B9A0707D4CD
S31508012F5043F00203C373E4E76FF01105284670BD19
S31508012F606FF02A05DDE700F04DFF0F4A0F4B106899
S31508012F7019688842D5D0EFF314839B0702D5F5F774
S31508012F80F9F9CEE74FF0E0234FF08052C3F8042D4C
S31508012F90C7E76FF01805CBE7042B0120103D03089E
S31508012FA058290120082B0120182B01201C2B012050
S31508012FB0EFF314839A0725D570B5224D2B6886B091
S31508012FC0002B39D1204A1268002A35D01F4A90426F
S31508012FD0044634D8102282F311881D4901220B6058
S31508012FE02A60BFF34F8F1B4E3068C37B5B070CD536
S31508012FF06FF0340000232B60BFF34F8F83F31188E2
S3150801300006B070BD6FF0180070470823037300F00F
S3150801301087FE3368059301AA1A6102A80E4B01902F
S315080130202146049301F018F80C4B306819683246AA
S31508013030F5F7A0F90198DDE76FF01800E0E76FF002
S315080130401000DDE7042B0120102B012000286BEE70
S31508013050082B0120182B0120413E01081C2B0120B9
S3150801306008B5EFF314839B0719D5194B1A68CAB12A
S31508013070184B1A686AB9184A116809B90121116009
S3150801308016490A68F2B901221A6000F0FDFD144BCF
S315080130901860144B186800F085FEF5F762F96FF0B1
S315080130A0180008BDEFF31180102282F312880B492C
S315080130B0012208601A60BFF34F8F064B1A68002A6F
S315080130C0E7D1D8E71209102A1CBF00220A60DAE7FD
S315080130D0042B0120102B0120142B0120082B012081
S315080130E01C2B0120182B0120084B186868B1084BC6
S315080130F0084A03EB00105168D960C3E901321B6025
S315080131001033834202F10C02F5D170470C3D0308D6
S31508013110E8B80020143C0308F8B52A4C2568002DA8
S315080131204DD1002848DD284B1B68834244DB013812
S31508013130EFF31183102282F31288244E33600123A0
S315080131402360BFF34F8F224A010102EB001388580F
S31508013150834219D007688F507B6000F053FE1D4AE1
S315080131601D4B10681968884205D0EFF314839B0735
S3150801317010D5F5F7FFF800232360BFF34F8F3368A7
S3150801318083F311882846F8BD5A68934209D0FEF799
S31508013190D5FDFEE74FF0E0234FF08052C3F8042D2A
S315080131A0E9E7D3E9021289688A4202D20132DA6072
S315080131B0E1E76FF02A05DEE76FF01105E2E76FF048
S315080131C01805DFE7042B01200C3D0308082B012015
S315080131D0E8B80020182B01201C2B0120EFF31483DB
S315080131E09A0726D530B5234C226883B0002A3BD1ED
S315080131F0214B1B68002B37D0002838DD1F4B1B6875
S31508013200834234DB102383F311881D4901230A60A5
S315080132102360BFF34F8F1B4D2B68DB7B5B070CD4F9
S315080132201949431E01EB0310C3688BB1013BC36007
S3150801323005E06FF01802104670476FF0340200235C
S315080132402360BFF34F8F83F31188104603B030BD57
S315080132506A46402100F032FE0C4B286819682A4656
S31508013260F5F788F8009AEAE76FF01802EDE76FF0CC
S315080132701102EAE7042B0120102B01200C3D03085B
S31508013280082B0120182B0120E8B800201C2B01204F
S31508013290F8B5EFF314839B072ED51B4E35685DBB36
S315080132A000282DDD194B1B68834229DB0138EFF312
S315080132B01183102282F31288154F3B600123336074
S315080132C0BFF34F8F134C04EB0014204600F022FE87
S315080132D0A368114A5B68E360104B10681968884255
S315080132E001D0F5F747F800233360BFF34F8F3B68EA
S315080132F083F311882846F8BD6FF018052846F8BDEE
S315080133006FF01105FAE700BF042B01200C3D0308F5
S31508013310082B0120E8B80020182B01201C2B0120BE
S31508013320F8B5EFF314839B0722D5134E3468FCB91D
S315080133300546EFF31183102282F312880F4F3B6083
S3150801334001233360BFF34F8F00F04CFE0C4A0D4B3F
S315080133501968136852685B1842F100022B606A60AB
S315080133603460BFF34F8F3B6883F311882046F8BD5D
S315080133706FF018042046F8BD042B0120082B012004
S31508013380B82B0120B42B01202DE9F843154B1F68F2
S315080133902FB3154D154CDFF8589000264FF001084C
S315080133A007E00136BE42636005F1140504F118040D
S315080133B015D02B68256013F00203C4E90494F0D0F4
S315080133C020462B69C4F80480013640F8083F00F00E
S315080133D035FEBE4205F1140504F11804E9D1BDE82C
S315080133E0F88300BF083D0308E0380308B8A80020A1
S315080133F0213501082DE9F04383B0EFF314839B07C8
S3150801340036D5234E35689DBB00283EDD214B1B680A
S3150801341083423ADB441EEFF31183102282F31288AA
S31508013420DFF874800121C8F800303160BFF34F8F8F
S31508013430DFF8689004EB440009EBC00204FA01F7CF
S315080134405368C000D3B90830516048443C4459F820
S315080134503430196900F000FE00233360BFF34F8F43
S31508013460D8F8003083F31188284603B0BDE8F08305
S315080134706FF01805284603B0BDE8F08308304844C4
S31508013480019000F00DFE0198E0E76FF01105F1E7F4
S31508013490042B0120083D0308082B0120B8A80020A9
S315080134A070B5EFF314839B0725D5194D2C6814BB0A
S315080134B000282ADD174B1B68834226DB0138EFF308
S315080134C01183102282F31288134E336001232B6075
S315080134D0BFF34F8F114B00EB400003EBC002C00056
S315080134E0516861B900232B60BFF34F8F336883F3AB
S315080134F01188204670BD6FF01804204670BD08304B
S315080135005460184400F0CCFDECE76FF01104F4E7C1
S31508013510042B0120083D0308082B0120B8A8002028
S3150801352002688368D268134470B5044640F8083FB8
S3150801353000F084FD0C4D00232B60BFF34F8F0B4E1B
S31508013540336883F311882368D3E9010290472B680E
S315080135504BB9EFF31182102383F3128801233260EA
S315080135602B60BFF34F8F70BD042B0120082B012060
S31508013570074B1A6852B9EFF31180102282F31288A9
S315080135800449012208601A60BFF34F8F0020704773
S31508013590042B0120082B0120064B1A683AB1002298
S315080135A01A60BFF34F8F044B1B6883F31188002001
S315080135B0704700BF042B0120082B0120EFF3148369
S315080135C09B071BD50F4B1868C0B910B4EFF31184CC
S315080135D0102282F312880C4A012114601960BFF384
S315080135E04F8F0A4C0A49206008601860BFF34F8F55
S315080135F0136883F311885DF8044B70476FF0180060
S31508013600704700BF042B0120082B0120142B012031
S31508013610102B012070B5EFF314839B071DD51D4DA3
S315080136202C68D4B9EFF31182102383F312881A4E4A
S31508013630012332602B60BFF34F8F184A136033683A
S315080136407BB11B09102B0CD000232B60BFF34F8FC6
S31508013650336883F31188204670BD6FF0180420463D
S3150801366070BD0F4B01221A6000F00EFB0D4B0E4A7E
S31508013670186001461068C37B03F00C030C2B04D0B9
S315080136808842E1D0F4F776FEDEE700F08BFBF4F72B
S3150801369068FE00BF042B0120082B0120142B0120F2
S315080136A0102B01201C2B0120182B0120EFF314836A
S315080136B09B0702D5054B1B680BB101207047044BCC
S315080136C01868B0FA80F04009704700BF042B012042
S315080136D0102B0120074B70B51E6856B1064C002504
S315080136E0D4E90112013554F80C0BFFF751F9B5422B
S315080136F0F6D170BD143D0308F83A0308074B70B5B7
S315080137001D6855B1064E05EB4505002456F82400FB
S315080137100334FFF78DF8AC42F8D170BD183D0308A4
S31508013720DC2B030808B5082005F024FFBDE808408E
S31508013730FDF73CBD10B5044682B0084602F03AFED4
S31508013740002102460190204603F062F9019A08B960
S3150801375002B010BD0021204602B0BDE8104003F0BA
S3150801376057B900BF10B500220121044603F050F9EC
S3150801377000B910BD20460022BDE81040012103F022
S3150801378047B900BF10B5054C206803F051FB00B9D5
S3150801379010BD2068BDE8104003F04ABBD8000020E0
S315080137A010B50A490A4C203882B000EB8000014462
S315080137B02068019103F058FB019908B902B010BDC0
S315080137C0206802B0BDE8104003F04EBB643D030813
S315080137D0D800002001F05DBD214A1178814236D01A
S315080137E008B51070F4F780FF1E4B0022F5F710F9A3
S315080137F09FED170B41EC110B17F0FEFE1A4B51EC1E
S31508013800100B0022F4F722FE184B0022F5F700F9F7
S3150801381011A3D3E90023F4F7D1FFF5F7E1F982B251
S31508013820134BC2F5FF417F3189B203F1800023F8BA
S31508013830021F8342FBD10F4B02F5FF427F3292B240
S3150801384003F1800123F8022F8B42FBD108BD704793
S31508013850000000000000244000000000C0FFDF4017
S31508013860C02C0120000059400000F03F0000224012
S31508013870BE2B01203E2C012045F6C052904228BF9E
S3150801388010464028024638BF402210B509480C4662
S315080138909201802102F090F8002C09DB4FF47A702E
S315080138A004FB00F0FFF784FBBDE8104002F0A8B85E
S315080138B010BD00BFC02B012070B504460E4601E0BD
S315080138C0FFF776FB3146204603F059FA08280546E4
S315080138D04FF47A70F4D02DB3237A582B40D0642054
S315080138E0FFF77AFF244D207AFFF75AFF4FF4FA7152
S315080138F04FF47070FFF7C0FFFFF744FF2846FFF744
S3150801390057FB207AFFF74CFF4FF4FA7140F2023069
S31508013910FFF7B2FFFFF736FF2846FFF749FBE2E755
S31508013920FFF746FB204603F03CFA082803464FF406
S315080139307A70F5D063B1204603F039FA01E0FFF752
S3150801394037FB204603F02DFA08284FF47A70F6D093
S3150801395023681B783D2B0BD03E2B03D0252B07D094
S31508013960284670BD4CF25030FFF722FB284670BD41
S3150801397047F23050F8E700BFF049020030B5044677
S3150801398083B00D4601E0FFF713FB01A9204601F0BC
S3150801399009FF082803464CF25030F4D013B3582CCB
S315080139A04AD06420FFF718FF264D2046FFF7F8FE98
S315080139B04FF4FA714FF47070FFF75EFFFFF7E2FEFE
S315080139C02846FFF7F5FA2046FFF7EAFE4FF4FA71A3
S315080139D040F20230FFF750FFFFF7D4FE2846FFF703
S315080139E0E7FAE2E7019802681278AA4225D05C2D27
S315080139F023D0582C23D06420FFF7EEFE114D204624
S31508013A00FFF7CEFE4FF4FA714FF47070FFF734FFEB
S31508013A10FFF7B8FE2846FFF7CBFA2046FFF7C0FEA8
S31508013A204FF4FA7140F20230FFF726FFFFF7AAFEBC
S31508013A302846FFF7BDFAE2E7002003B030BD184675
S31508013A40FBE700BFF0490200F0B590F809C08C45C4
S31508013A5083B00446164627D00D46FFF72DFF18B347
S31508013A60237A582B77D06420FFF7B6FE5E4D207A6D
S31508013A70FFF796FE4FF4FA714FF47070FFF7FCFEEC
S31508013A80FFF780FE2846FFF793FA207AFFF788FEAC
S31508013A904FF4FA7140F20230FFF7EEFEFFF772FEBD
S31508013AA02846FFF785FAE2E701A9204603F05EF901
S31508013AB020B3237A582B00F086806420FFF78CFE0A
S31508013AC0494D207AFFF76CFE4FF4FA714FF4707086
S31508013AD0FFF7D2FEFFF756FE2846FFF769FA207A66
S31508013AE0FFF75EFE4FF4FA7140F20230FFF7C4FEAB
S31508013AF0FFF748FE2846FFF75BFAE2E7617A0DF120
S31508013B0003030DF10202204603F01AF980B3237A62
S31508013B10582B5FD06420FFF75FFE334D207AFFF7FD
S31508013B203FFE4FF4FA714FF47070FFF7A5FEFFF7E9
S31508013B3029FE2846FFF73CFA207AFFF731FE4FF4B3
S31508013B40FA7140F20230FFF797FEFFF71BFE28468F
S31508013B50FFF72EFAE2E7637AAB4206D029462046FA
S31508013B6003B0BDE8F040FFF7A7BE002003B0F0BDE3
S31508013B709DF8025065B3019F9DF80300791C013D2C
S31508013B8000F00300334651FA85F53A463C4610E003
S31508013B90012814BF97F90060B4F900601E60A942B4
S31508013BA003F1040304F1020402F104020F46DCD016
S31508013BB00131022804D00328EAD116681E60EEE70F
S31508013BC016681E60EBE701A9204603F0CFF8CDE79A
S31508013BD00320CBE7617A0DF103030DF102022046BA
S31508013BE003F0AEF8C2E700BFF049020030B504465B
S31508013BF083B001E0FFF7DCF901A9204601F0D2FD07
S31508013C00082805464CF25030F4D015B3582C31D05B
S31508013C106420FFF7E1FD1B4D2046FFF7C1FD4FF478
S31508013C20FA714FF47070FFF727FEFFF7ABFD2846D0
S31508013C30FFF7BEF92046FFF7B3FD4FF4FA7140F2DC
S31508013C400230FFF719FEFFF79DFD2846FFF7B0F989
S31508013C50E2E7019803685B78DC070ED55A0709D5B0
S31508013C6013F0080F437A14BF042102218B4201D0B5
S31508013C70FFF722FE284603B030BD0525284603B0C6
S31508013C8030BD00BFF04902000E4B1B8810B5ABB121
S31508013C90DAB282B1002113F00F000B4A0B4C08BFB0
S31508013CA0C3F30310024408BF043112F8013C0B4464
S31508013CB054F8330010BD1B0A0821ECE7FEF73EF85D
S31508013CC0FEE700BF202B0120403F0308242B0120DB
S31508013CD090F80EC00E4B0F4A03EBCC0110B44C689A
S31508013CE044600160206048600B4914880968012313
S31508013CF003FA0CF32343138031B1084A136813B14D
S31508013D009B7B634500D910605DF8044B704700BF83
S31508013D10242B0120202B0120102B01201C2B0120F4
S31508013D2038B5D0E90014827B1A4B21604C6053F8F0
S31508013D30321003EBC204A14209D0174B1A6882421A
S31508013D4000D038BD154A12683AB1196038BD6368A2
S31508013D50994205D0FDF7F2FFFEE7FDF7EFFFFEE713
S31508013D600F4C0D4D2388012101FA02F223EA0203C1
S31508013D702A6823808242E4D1084A12681AB12BB90B
S31508013D801846286038BDFDF7D9FFFEE7FFF77CFF27
S31508013D90F7E700BF242B01201C2B0120102B012043
S31508013DA0202B012010B5037BD90704461DD413F037
S31508013DB07C0F0CD163691BB1114B20461B689847D0
S31508013DC02046FEF71BFFE37BDA0711D410BD13F07B
S31508013DD0600F03D0D0E9003213605A60236918686E
S31508013DE00028E7D000F05CF9E4E7FFF799FFE1E77F
S31508013DF06FF30003E3732046BDE81040FEF70CBFDE
S31508013E00C42C0120036910B50446186810B100F0E6
S31508013E1047F9236900221A60237B13F07C0F0BD024
S31508013E209B0702D50223237310BD01232373204662
S31508013E30BDE81040FFF74CBFFDF780FFFEE700BF66
S31508013E4008B5026900211160027B12F07C0F29D0A6
S31508013E50920722D502220273144A154B12681B686F
S31508013E609A4205D04FF0E0234FF08052C3F8042D53
S31508013E70104B00221A60BFF34F8F0F4A116881F366
S31508013E80118800BFEFF31180102181F312880121F7
S31508013E9010601960BFF34F8F08BD01220273FFF747
S31508013EA017FFD9E7FDF74AFFFEE700BF182B0120E8
S31508013EB01C2B0120042B0120082B012070B5144E60
S31508013EC033680446197318461546FFF729FFA36890
S31508013ED031681B680D610022DB072A6006D4636816
S31508013EE0C1E90043196061606C6070BD2368887B15
S31508013EF09C4203D105E01B689C4202D09A7B824210
S31508013F00F9D95A68C1E90032116059606C6070BD0F
S31508013F10182B01202DE9F0410568A842044618D05E
S31508013F206FF03208022601272B692A681868226071
S31508013F30546010B100F0B4F82B69C3F800802B7BEC
S31508013F4013F07C0F10D09B0709D52E732568AC4258
S31508013F50EAD163689C420AD0FDF7F0FEFEE72F73AB
S31508013F602846FFF7B5FEF1E7FDF7E8FEFEE7BDE8EF
S31508013F70F08100BF70B5194C031B22689B1004EB36
S31508013F80C303934229D8164D2D68A1EB050E10E0FF
S31508013F901A6812681946521B0B1B9B10964504EBAF
S31508013FA0C3031AD90A680260506022689A42084611
S31508013FB013D3191D9142EBD8D3E90062126836680A
S31508013FC0521BA6EB050C624524BF194662460B1B1C
S31508013FD09B10964504EBC303E4D870BD482A01201B
S31508013FE0A42B01200E490F4B70B40F4C18680B68AF
S31508013FF022680E4D0860C31A991821602C680C486E
S315080140000C4EA21A08449A42306002D2A14202D347
S31508014010296070BC7047084A536801335360F7E753
S31508014020AC2B0120002B0120A82B0120B42B012049
S31508014030003E14F4A42B0120B82B0120054A13686D
S3150801404010B50446181D2168106000F063F8046075
S31508014050606010BD482A012070B504460E46FFF778
S31508014060C1FF0C4B0C4D1B68286803F57A73991927
S3150801407004302160286000F04DF8084B1B68046085
S31508014080606013B90435A84200D070BDBDE8704020
S31508014090FEF700BEA82B0120482A0120B02B0120DB
S315080140A0F8B5194D46682A682C46131F44F8043B8F
S315080140B0A34218D31368A64219680DD9701BC010FC
S315080140C0124B55F820701A683B68A1EB020C9B1A33
S315080140D09C4505EB80000CD33046FFF74BFF2B6858
S315080140E05B68036058600A4B1B680BB9A64205D08A
S315080140F0F8BD37607E6000F00DF8F0E7FFF772FF54
S31508014100BDE8F840FEF7C6BD482A0120A42B0120C8
S31508014110B02B012030B50E4CA042844616D90D4B62
S315080141201D68A4F1040E491B03E0A4450260506012
S315080141300CD9ACEB0E03DB1060465EF823200EEBC0
S31508014140830C13685B1B8B42EFD830BD604630BDCC
S315080141504C2A0120A42B012008B502F0F9FE0028FB
S31508014160FBD1BDE80840FDF71FB808B502F0DAFE35
S3150801417004F012FF012002F0DFFE062005F0FAF92D
S31508014180002004F093FE082005F046FAB0B1062097
S3150801419005F018FA002004F089FE012002F0CCFE91
S315080141A004F012FF072005F0E5F9FFF7D5FF01F046
S315080141B031FD0028F9D101F021FFF6E7FFF7CCFF21
S315080141C0E1E700002DE9F04F6B4ADFF8B481DFF82B
S315080141D0B49185B000230C6801279F4007EA0405BE
S315080141E037EA040440F0B5804C6824F0100ABAF1A5
S315080141F0020F16D14FEAD30E00EB8E0E03F0070B12
S31508014200DEF820604FEA8B0B4FF00F0C0CFA0BFC13
S3150801421026EA0C0C0E6906FA0BF646EA0C06CEF8E7
S315080142202060D0F800B04FEA430E4FF0030C0CFAA9
S315080142300EFC6FEA0C062BEA0C0B04F0030C0CFAC5
S315080142400EFC0AF1FF3A4CEA0B0CBAF1010F019682
S31508014250C0F800C015D8D0F808C006EA0C0CCE681C
S3150801426006FA0EFA4AEA0C0CC0F808C0D0F804C0DF
S315080142702CEA0707C4F3001C0CFA03FC4CEA0707EF
S315080142804760C768019E37408E6806FA0EF63E43B8
S31508014290C660E6005DD54FF0000BCDF80CB0D8F836
S315080142A04470364E47F48047C8F84470D8F84470CD
S315080142B007F480470397039F23F0030707F1804715
S315080142C007F59C3703F0030ED7F808A04FEA8E0EC0
S315080142D04FF00F0C0CFA0EFCB0422AEA0C0C3FD038
S315080142E006F58066B0423DD006F58066B0423BD001
S315080142F006F58066B04239D006F58066B04237D0F9
S31508014300484537D006F50066B0420CBF0626072693
S3150801431006FA0EF646EA0C06BE601668EF4314F472
S31508014320803F0CBF3E402E431660566814F4003F8A
S315080143300CBF3E402E435660966814F4801F0CBF8E
S315080143403E402E439660D668A40254BF3E402E4393
S31508014350D6600133102B7FF43EAF05B0BDE8F08F70
S315080143605E46D5E70126D3E70226D1E70326CFE73E
S315080143700426CDE70526CBE7003C014000000240B4
S3150801438000380240001402400369194214BF012093
S31508014390002070470AB1816170470904FBE7436948
S315080143A05940416170470000044A5169014208B504
S315080143B002D0506101F080FF08BD00BF003C0140FA
S315080143C00368F7B50446D8073BD42368990700F173
S315080143D0898023681E0700F1CA8023685D072AD5EC
S315080143E0002301938B4B8C4D1A6C42F080521A6450
S315080143F01B6C03F080530193019B2B6843F4807374
S315080144002B60FDF7C1FC06462B68DA0540F1D3801F
S31508014410A368804D012B40F0D5802B6F43F0010333
S315080144202B67FDF7B1FC7B4E054641F28837336FA2
S315080144309B0740F1E880A269002A40F0F18000203C
S3150801444015E0744B9A6802F00C02042A07D09A68A0
S3150801445002F00C02082A0CD15A68520209D56D4B92
S315080144601B689B03B1D56368002BAED1012003B04D
S31508014470F0BD6268B2F5803F11D11A6842F4803204
S315080144801A60FDF781FC634E054633689F039CD489
S31508014490FDF77AFC401B6428F7D90320E7E75D4D51
S315080144A0B2F5A02F2B6807D143F480232B602B6824
S315080144B043F480332B60E4E723F480332B602B68C5
S315080144C023F480232B60002ADBD1FDF75DFC064629
S315080144D02B6898037FF579AFFDF756FC801B642896
S315080144E0F6D9DAE74B4B9A6812F00C0F07D09A689F
S315080144F002F00C02082A17D15B68590214D4454BFD
S315080145001A68920702D5E268012AAFD119682369A8
S31508014510F82292FAA2F2B2FA82F2934021F0F80155
S315080145203C4A0B43136054E7E2683C4B82B10122D3
S315080145301A60FDF729FC374E054633689B0701D5F6
S315080145403168E4E7FDF720FC401B0228F5D9A4E70A
S315080145501A60FDF719FC2F4E054633689F077FF54C
S3150801456038AFFDF711FC401B0228F6D995E76269B9
S315080145702A4B82B10122C3F8802EFDF705FC254E90
S315080145800546736F98073FF528AFFDF7FDFB401BFE
S315080145900228F6D981E7C3F8802EFDF7F5FB1D4EF3
S315080145A00546736F99077FF518AFFDF7EDFB401BBD
S315080145B00228F6D971E7FDF7E7FB801B02287FF68B
S315080145C023AF6AE7052B04D12B6F43F004032B674E
S315080145D023E72A6F22F001022A672A6F22F00402D2
S315080145E02A67002B7FF41DAFFDF7CEFB41F2883712
S315080145F006462B6F98077FF51EAFFDF7C5FB801B97
S31508014600B842F6D949E7FDF7BFFB401BB8427FF62A
S315080146100EAF42E7003802400070004000004742F2
S31508014620304DAB6803F00C03082B3FF41FAF2E4B3C
S31508014630022A4FF000021A6646D1FDF7A5FB064687
S315080146402B6899013AD4D4E907211143626A254DA9
S3150801465047F6C07393FAA3F3B3FA83F39A40A36AAE
S315080146605B080A43013B4FF4403191FAA1F1B1FAD3
S3150801467081F18B401343E26A4FF0706191FAA1F11F
S31508014680B1FA81F18A401A43236B4FF0E04191FA5E
S31508014690A1F1B1FA81F18B4013436B60124B0122F0
S315080146A01A66FDF771FB04462B689A013FF5C7AEFA
S315080146B0FDF76AFB001B0228F6D9EEE6FDF764FB57
S315080146C0801B0228BCD9E8E6FDF75EFB04462B6889
S315080146D09B017FF5B4AEFDF757FB001B0228F6D9FF
S315080146E0DBE600BF00380240000047421C4A9368D7
S315080146F003F00C03082B30D15168536813F4800F6B
S3150801470001F03F0147F6C0731BD05068184093FA71
S31508014710A3F3B3FA83F3D840124B5843B0FBF1F035
S3150801472080000F4B5B684FF4403203F4403392FA32
S31508014730A2F2B2FA82F2D34001335B00B0FBF3F086
S3150801474070470948B0FBF1F15068184093FAA3F392
S31508014750B3FA83F3D8404843E3E70348704700BFF9
S315080147600038024000093D000024F400554B1A6840
S3150801477002F00F028A422DE9F04104460D462FD375
S315080147802268960736D4D0073CD44E4B1A6802F0F5
S315080147900F02AA4200F286802268510700F18A8038
S315080147A0130707D5484A2169936823F4604343EA06
S315080147B0C1039360FFF79AFF434B9B68F02203F00E
S315080147C0F00392FAA2F2B2FA82F2D3403F4AD35CDC
S315080147D0D8403F4B18600F20FDF7D4FA002007E0B8
S315080147E0CAB21A701B6803F00F038B42C8D00120A6
S315080147F0BDE8F0813449A0688B6823F0F0030343D0
S315080148008B60C0E76268304B012A1DD11B6813F41F
S31508014810003FECD02C4EB36823F003031343B36077
S31508014820FDF7B2FA6368012B074641F2883815D1BC
S31508014830B36803F00C03042BA7D0FDF7A5FAC01B38
S315080148404045F5D90320D3E7911E01291B6802D8F3
S3150801485013F0007FDDE713F0020FDAE7022B0AD126
S31508014860B36803F00C03082B8FD0FDF78DFAC01B34
S315080148704045F5D9E6E7032B0FD1B36803F00C03DE
S315080148800C2B82D0FDF780FAC01B4045F5D9D9E734
S31508014890FDF77AFAC01B4045D4D8B36813F00C0F5C
S315080148A0F6D172E7EAB21A701B6803F00F03AB423E
S315080148B09DD171E70449E0688B6823F4E05303430B
S315080148C08B606DE7003C0240003802403C3D03081E
S315080148D000000020014B1868704700BF0000002047
S315080148E0084B1868084B9B684FF4E05203F4E053F1
S315080148F092FAA2F2B2FA82F2D340044AD35CD840C1
S31508014900704700BF00000020003802404C3D0308F4
S31508014910084B1868084B9B684FF4604203F46043E0
S3150801492092FAA2F2B2FA82F2D340044AD35CD84090
S31508014930704700BF00000020003802404C3D0308C4
S3150801494038B5836804460D469BB10A4804600220BF
S31508014950A07304F10C0098470238012801D9832D68
S3150801496005D121462046BDE8384000F00BB80123A1
S31508014970A37338BD4C2E0120837BDB0701D5FFF7D6
S31508014980DFBF70472DE9F8431C4F3D68044688464A
S315080149902B46A34204D00BB9BDE8F8831B68F8E798
S315080149A0002CF9D0164EA37BD6F8009063B10023EC
S315080149B0A3738DB9A3683BB1444505D034602A4633
S315080149C0832104F10C0098473B68A3420ED1236862
S315080149D03B60C6F80090DFE7A54204D0224687214E
S315080149E02846FFF7C9FF2D68E3E71346002BF0D0E9
S315080149F01A68A242F9D122681A60EAE7502E012004
S31508014A004C2E012038B5094B00221A70084B1C6838
S31508014A10012504B938BDE37B2BB1E581002282214A
S31508014A202046FFF78DFF2468F3E700BF4B2E0120D0
S31508014A30502E0120014B1968FFF7A4BF4C2E012007
S31508014A40064B8A221A70064A00231370054A137008
S31508014A50054A1360054A1360704700BF492E0120B5
S31508014A60482E01204A2E0120502E01204C2E0120CD
S31508014A70F7B51C4E33780BB1FFF7C4FF1A4D2C78E6
S31508014A8094B11A4F1A493B780C225A438818895C03
S31508014A90D0E90120013303F01F03013C3B702C7060
S31508014AA0C0B9144B1C6824B933782878184403B064
S31508014AB0F0BD33782BB1CDE90012FFF7A3FFDDE98D
S31508014AC000122046CDE90012FFF756FFDDE9001274
S31508014AD02468E8E7812904BF01238373FFF74CFFA4
S31508014AE0E2E700BF4B2E01204A2E0120482E012065
S31508014AF0C82C0120502E0120F0B50B4D2C78202C06
S31508014B000FD00A4B0A4F1B7823440C2603F01F03C8
S31508014B107343FE180134F954C6E901202C700020AC
S31508014B20F0BD0120FCE700BF4A2E0120482E0120D6
S31508014B30C82C012038B5034C2568FFF71DFF2560F1
S31508014B4038BD00BF4C2E0120084B19680A4682421F
S31508014B500BD042B948B10160186001238373828181
S31508014B608121FFF7E7BF1268F1E77047502E012050
S31508014B7048B1837B013B012B05D80123024AC37344
S31508014B801370FCF713BB70474B2E0120034B1B68B0
S31508014B900BB1012018470E20704700BFC82E01200F
S31508014BA04FF6FF73002908BF1846014B1880704756
S31508014BB02200002010B5054B027A41680446188880
S31508014BC008F05EFD2368BDE8104018474400002040
S31508014BD010B5054B027A41680446188800F050FB67
S31508014BE02368BDE810401847220000200146042921
S31508014BF0104610B51A4602D0072913D010BD0378FE
S31508014C00F22BFBD18378112B06D0122BF6D10A4B46
S31508014C104FF6FF721A80F1E7032105F045FD064BB1
S31508014C201880EBE7054B1B68002BE7D00146BDE86A
S31508014C3010400220184700BF44000020C82E01205A
S31508014C40032938B51C460BD10648FBF7D9FB0246A2
S31508014C5085B21CB103492046FBF7BAF9284638BD87
S31508014C600025FBE7897F030870B51378A03B144636
S31508014C70072B23D8DFE803F012040B22222222494C
S31508014C8020462E4ABDE8704004210BF004BC20469C
S31508014C902B4ABDE8704004210BF019BC294CA37BB3
S31508014CA0052B13D1284BA189284804F110020BF0D2
S31508014CB0B8FB84F8400010B90623A37370BDA08918
S31508014CC007F0AAFD40F20943E381F7E7062B18D15D
S31508014CD004F12602A1891D4801230BF0ABFBA28929
S31508014CE084F8400038B904F12603184920460BF028
S31508014CF037FB0723E1E7104607F08EFD40F209531B
S31508014D00E2E7072BDAD10823D7E70221204605F087
S31508014D10CBFC0C4B9B898342D0D10D4D2B68002BC4
S31508014D20CCD00621204605F0BFFC2B68024604F1CB
S31508014D3008010320BDE87040184700BF6C2E01200A
S31508014D40822E01205C2E012014490308694C0108B2
S31508014D50C42E01200428F7B50146144640F0C48044
S31508014D6013783E2B13D0E22B59D0052B1DD11046B3
S31508014D70032105F099FC5D4A138883423FD14FF61A
S31508014D80FF7313805A4A13805A4A13800DE09378A9
S31508014D90012B0AD19379012B17D1104605F084FC12
S31508014DA0524B1880002007F013FD534D53482C60D1
S31508014DB002F00CFE00232B60514B1B68002B00F000
S31508014DC0938003B0BDE8F04018474E4DAB7B032BEB
S31508014DD0EBD1104605F068FC4B4AA88101464B48C1
S31508014DE00BF0D0FA85F8400010B90523AB73DCE760
S31508014DF0A88907F011FD40F20933EB81D5E7414D4A
S31508014E000321204605F050FCAB898342CDD12846C3
S31508014E100BF0B2FA4FF6FF73AB810023E6E7394D83
S31508014E209678D77A69460622201D05F08CFCAB7B5D
S31508014E30012B25D1002EB8D11F2FB6D1324904F145
S31508014E40110003F051FE0028AFD094F8262095F8FA
S31508014E5048309A42A9D105F14206062231466846EA
S31508014E6017F0ACFF0028A0D0BDF804300098C5F8AB
S31508014E704200A5F84630E37885F841300223B5E7C4
S31508014E80022B92D1042E90D105F14201684605F014
S31508014E9003FC002889D1637B092B17D195F8493082
S31508014EA004F10E0643B11422314605F1490018F002
S31508014EB0E1F908B1012399E7154B314604F12202BC
S31508014EC051F8040B43F8040B9142F9D107F0EAFBB8
S31508014ED095F841100F4807F0EFFB85F8400008B92F
S31508014EE0032383E7042381E703B0F0BD20000020F4
S31508014EF02200002044000020582E0120D82E01202F
S31508014F00542E01205C2E012024490308694C01080E
S31508014F10A52E01209E2E0120294B10B54FF6FF72B2
S31508014F20284C9A8105F048FB10F042FB05F0AEFBD0
S31508014F302368984707F032FF234906F07BF8636830
S31508014F40984706F0D7F8A368984706F0DFF81F4890
S31508014F501F4B436006F060F808F03EF90BF0DEFAE5
S31508014F600DF0C8FA03200DF0A7FAE0680DF0AAFAC9
S31508014F7020690DF0B3FA02200DF090FB0BF0CAF987
S31508014F801449154800220AF045F808F063FA13484F
S31508014F9008F0B2FA124808F0B3FA124B8122B3F8B4
S31508014FA0803040F29731012008F0AEFA0E480F49D9
S31508014FB000F010F9BDE810400D4808F00FBB00BF1E
S31508014FC05C2E012070420308743F0308BC2E0120A1
S31508014FD0554D0108414C01088C3F03084F3F030812
S31508014FE0553F0308007D00088D4B0108A14B0108B8
S31508014FF0ED4B010807F014BB08B507F035FC00387E
S3150801500018BF012008BD000030B587B0072200236C
S315080150100192302104AA0293009208461A46049383
S31508015020ADF814300DF0CCFC1049114D182007F0DD
S3150801503089FB1049104B0846B3F880306B72FBF7B1
S31508015040DFF9C4B20246631C0A49EB7205F10D0089
S31508015050FAF7BEFF04F10D002946C0B207F082FB3C
S31508015060012007B0BDE8304007F0B2BB5B3F03083B
S3150801507024000020897F0308007D0008002007F02E
S31508015080A7BB000038B90B4B18884FF6FF73C01A37
S3150801509018BF01207047012801D1074BF4E7022800
S315080150A001D1064BF0E7032802D1054B9889ECE7B5
S315080150B00020704720000020220000204400002024
S315080150C05C2E0120014B1860704700BF542E012049
S315080150D003460A4883605B7A012B05D1084B436076
S315080150E0084B198800F0CAB8022B05D1064B436054
S315080150F0064B198808F0C2BA704700BFCC2E0120AA
S31508015100D14B010822000020B54B010844000020BC
S31508015110014B1860704700BFC82E012038B5104DE5
S31508015120049B2D888D42044607D1BAB90D4A194602
S315080151301468BDF81420A04738BD0B4A12888A4264
S315080151400AD10021184605F0AFFA084B1880084B1A
S3150801515001461B68204698470020EDE70B20EBE740
S31508015160E82E0120E02E0120E42E0120E62E012062
S31508015170DC2E012010B51C46134B1B888B4208D127
S315080151802CB1124B00211A88204605F0A0FA0220FC
S3150801519010BD0F4B1B888B4213D184B1BDF8083063
S315080151A0092B0CD909F0A3FF4FF40071033801F05C
S315080151B055FC002381B20322204602F00EF90A208B
S315080151C0E6E70020E4E700BFE42E0120E62E0120F1
S315080151D0EA2E012007B51E4B18601E4B1E481960A2
S315080151E00023ADF804300DF106024FF6FF7301A94D
S315080151F0ADF8063009F034F9BDF80610174ABDF8BE
S31508015200040009F06BF9164BBDF806101880134A0D
S31508015210BDF8040009F08AF9124B134ABDF80610C5
S315080152201880BDF8040009F059F9104B1880104888
S31508015230BDF804308380BDF80630C3800D4B83600A
S315080152400D4BC36009F0D2FE03B05DF804FB00BF45
S31508015250E02E0120DC2E01205C4903083C490308A5
S31508015260E82E0120E42E01204C490308EA2E0120EC
S31508015270EC2E0120755101081D51010809F0F8BEEF
S3150801528013460A460149098809F00ABFE82E012092
S31508015290704713B50446002020800DF1070100F080
S315080152A0E3FA18BB9DF80730980742BF238843F0F5
S315080152B0200323800DF10701012000F0D5FAA8B9D2
S315080152C09DF80730D90742BF228842F01002228092
S315080152D09A0742BF228842F04002228013F0040353
S315080152E01DBF238843F400732380184602B010BDFE
S315080152F070470000014B1868704700BF002F012056
S31508015300024B1B680A205843704700BF002F012033
S31508015310024B1B684FF47A7058437047002F0120DF
S31508015320054A10B514684FF47A7113681B1B4B4371
S315080153308342FAD310BD00BF002F0120024A136829
S31508015340013313600FF074BB002F01202DE9F84FCC
S315080153504FF02C0B234B244F142210FB0BF402FBAA
S31508015360003304F1080600213E4404F1100AD981EC
S315080153705E600546BA4404F11809304610F03AFC55
S31508015380B94404F12008504610F034FCB8444846A4
S31508015390283410F02FFC3C44404610F02BFC2046E4
S315080153A010F028FC0021304610F050FC0021504630
S315080153B010F04CFC0021484610F048FC00214046FC
S315080153C010F044FC0021204610F040FC074B0BFB73
S315080153D0053B4135064B8BF80850CBF80430BDE840
S315080153E0F88F00BF0C300120B4420308042F0120B6
S315080153F09C4103082DE9F04F83298FB007460FD149
S315080154000024E0B20134FFF7A1FF062CF9D1B04818
S3150801541010F0F0FB00233B8002200FB0BDE8F08FAF
S31508015420048894B140F2E3139C4240F0A481842994
S315080154301DD1A84B062100201C68944208BF187488
S31508015440013903F11403F7D10CE0A34802210FF047
S3150801545069FBE0B20134FFF779FF062CF9D19C48C4
S3150801546010F0B6FB40F2E3133B800120D5E788290B
S31508015470F8D199480FF07CFB0028F3D09648954C53
S31508015480DFF85892DFF858A2DFF858B20FF05EFB42
S315080154904FF00008237C0E2B00F0898066680FCE3A
S315080154A003AD0FC50FCE0FC596E80700E389B3F51F
S315080154B0AB7F85E8070000F0E38025D840F2271581
S315080154C0AB4200F0B880B3F5947F0CD240F21116C6
S315080154D0B34254D040F21912934200F09580002B42
S315080154E058D0002354E040F23712934200F0B080BE
S315080154F0B3F5A57FF5D103A810F07CFB01280CBFF5
S31508015500032302232372ADE0B3F5C07F00F0EC80DC
S3150801551018D840F25F12934200F0BE8040F267123B
S315080155209342DED103A810F065FB237BE072012BC1
S3150801553040F0BC80002840F0BE80237A032B7AD144
S315080155400D2377E0B3F5C77F00F0DC8040F2A512A2
S315080155509342C6D105A810F04DFB09A810F038FBF7
S3150801556007A810F023FB627AA37A934240F0ED80F4
S31508015570637BFF2B40F0E2802274A272B1E705A893
S3150801558010F038FB207309A810F010FB40F219132C
S31508015590E3810CE063720323237209A810F018FB58
S315080155A007A810F003FB05A810F024FBE681237C6D
S315080155B0627C9A421DD00E2B637440F0C9806568DF
S315080155C095F8281005F1200010F023FB95F828100E
S315080155D005F1180010F01DFB05F1100010F0E6FAB0
S315080155E05FFA88F0019003F069FA0198214603F001
S315080155F051FA08F10108B8F1060F04F1140409F18A
S315080156002C097FF447AF2DE705A810F0F3FA237BA1
S31508015610E072012B0AD188B90523637207A810F035
S31508015620D7FA09A810F0E6FAE581C0E733B90128E7
S3150801563004D10B23637240F2A513A9E703A810F05E
S31508015640D9FA207309A810F0C3FA40F237139FE775
S3150801565003A810F0CFFA237BE072012B05D10128AC
S3150801566005D120724FF4AB7392E71843F9D007A816
S3150801567010F0AEFA09A810F0BDFA4FF4A57387E742
S3150801568007A810F0A5FA09A810F0B4FA05A810F0B1
S315080156909FFA40F25F137BE703A810F0ABFA207379
S315080156A005A810F083FA40F2671371E71BB90128C0
S315080156B001D10C23BEE709A810F08AFA07A810F051
S315080156C075FA05A810F084FA4FF4C07360E700BFB5
S315080156D0B44203080C30012084300120042F012034
S315080156E018420308C04103080BA810F083FA0128E1
S315080156F01BD105A810F05AFA0BA810F057FA4FF467
S31508015700C77345E70BA810F075FA237A30B9022B4F
S3150801571091D803EB430353449B788BE7022B8AD832
S3150801572003EB430353445B7884E7237A022B96BF42
S3150801573003EB43030E231AF803307BE70133DBB28D
S31508015740132B63737FF619AF16E70023637314E708
S315080157500BB923604DE70D2B06D9094B094A0A48AF
S3150801576040F20A21FBF726FD0BEBC303C4F80090B0
S31508015770C9F800303DE70023038003204DE600BF4A
S31508015780FF40030871410308404103080148FFF738
S31508015790DBB900BF480000200148FFF74BB900BF3D
S315080157A0480000204138C3B2052B0ED814220A4BF3
S315080157B050431A18527B132A05D91B580B6033B16B
S315080157C01B681B782BB908207047022070470520F3
S315080157D070470020704700BF0C30012013B50C46F6
S315080157E001A9FFF7DFFF052803D10020207002B0C9
S315080157F010BD0028FBD1019B1B685A78D20746BF0A
S315080158001B7823700920F2E7084A0949536F13F0F8
S31508015810805F06D001230B70536F43F08073536783
S31508015820704713F0005318BF0223F4E7003802400B
S315080158309430012008B560B9BFF34F8F0849094B69
S31508015840CA6802F4E0621343CB60BFF34F8F00BF0F
S31508015850FDE772B600F0D2FB00F0E8FAFAE700BFFE
S3150801586000ED00E00400FA050128F7B50C4635D825
S315080158701C4F12264643BD190DF10601287C0FF06F
S3150801588083FA28B9BDF80630BA5B9A4202D220706B
S3150801589003B0F0BD6A889A4202D204232370F7E75F
S315080158A0AA889A4201D20223F8E7EA889A4201D2E3
S315080158B00623F3E72A899A4201D20123EEE76A8988
S315080158C09A4201D20523E9E7AA899A4201D203231A
S315080158D0E4E7EA899A4203D20723DFE70520D7E7F7
S315080158E00320D5E724450308F0B52F4E2F4F7468DA
S315080158F030688DB00025012307A9CDE9083507943D
S3150801590001900A95FEF75EFC01982A46A1B2284C39
S31508015910FEF740FDF3692360336A63604023C4E9F7
S3150801592002354FF480624FF40063C4E904234FF44F
S3150801593000514FF48073C4E9061320464FF400332F
S31508015940C4E90835C4E90A5525630DF0ABFDB3680A
S315080159503B6038460DF060FB3369F268BC6003A909
S315080159603846CDE90335A7630DF00AFC114C736976
S31508015970A560C4E9003520464FF6FF73C4E903352F
S315080159800EF090FB202305A92046CDE905350EF03A
S31508015990C1FA20460EF0FFFA96F92400103016F0E7
S315080159A06BFE0DB0F0BD00BF4845030898300120D5
S315080159B0AC3001200C310120F0B50E4D85B00646FC
S315080159C003912868A98817460122FEF7E3FC0A48CD
S315080159D0AC69B4FBF7F4013CC4600EF063FB042226
S315080159E00092039BE968054832460DF029FB05B08C
S315080159F0F0BD00BF484503080C310120983001204D
S31508015A0010B5064C0022A1882068FEF7C3FCE168A0
S31508015A100348BDE810400DF07BBB00BF48450308AD
S31508015A209830012001480DF061BC00BFAC3001205F
S31508015A3082292DE9F041064617D1574C2578A5B993
S31508015A40564F5749387880F0010003F05DF808B1E0
S31508015A50544B1D70257845B93878534903F054F8E5
S31508015A6018B1524B1D800123237033882BB1B22BF9
S31508015A7040F08E80484F3B7823B9B223338001200A
S31508015A80BDE8F081494D4A482B880468412B31D03D
S31508015A9006D8D3B13C2B23D000232B80032340E027
S31508015AA0492B56D0562BF7D142480FF061F828B347
S31508015AB0A36B13F0040F3B4B14BF042203221A7085
S31508015AC0A36B23F48013A36353E00DF0C7FDA36B07
S31508015AD0384843F48023A3634FF47A710FF022F810
S31508015AE0A36B13F001080BD0324864210FF01AF8A2
S31508015AF041232B802F480FF03BF8E0B9002310E033
S31508015B002C480FF035F890B1A36B294823F480236C
S31508015B10A3630DF0ADFD234BA5F8008001221A7091
S31508015B200223012B8CBF002301233B70A5E73C23ED
S31508015B302B800123F5E7A36B1E4823F48023A36377
S31508015B40A36B43F40023A36364210EF0EBFF4923FF
S31508015B502B8018480FF00CF80028CFD0A36B13F050
S31508015B60020FA36B23F40023A36306D10D4B022274
S31508015B701A700F480DF07CFD8EE7A36B0D4843F4B0
S31508015B808013A36364210EF0CDFF56232B808BE788
S31508015B9000233380032073E7483101203038012080
S31508015BA01C3801201D380120493101204A310120C4
S31508015BB04C3101202038012001480DF0D3BD00BF2A
S31508015BC04C310120024B18700248FEF7D1BF00BFC5
S31508015BD0303801205800002008B50A480A4B0B49FD
S31508015BE0C0F8C4320022C3F8FC0303F0C7FF084813
S31508015BF0FEF7AAFF0648FEF7BBFFBDE8084000F01E
S31508015C00FDB800BF4C3501204C3101203802002077
S31508015C1058000020014B1878704700BF1D38012035
S31508015C20014B0020187070475839012021280ED0E1
S31508015C3022281CD0202808D1104B0A681A600A7934
S31508015C401A714A795A718A799A71002070470B4AF2
S31508015C5013680B70180A4870180C1B0ECB70137951
S31508015C600B7153794B71937988708B71EDE74B887A
S31508015C70034A03F001031370E7E700BF6800002039
S31508015C8058390120014B002018707047D939012075
S31508015C9070B506460D4600242B68A34203D8044B6B
S31508015CA00020187070BD305DFBF796FF0134F3E7ED
S31508015CB09939012010B50E490E4C0F4880220EF075
S31508015CC064FE0E490E4880220EF05FFE00220D4941
S31508015CD0204603F016FF0C49204603F01AFF0B4B2A
S31508015CE0002018700A4B18700A4B187010BD00BFB7
S31508015CF03C3801204C35012034380120C4380120B4
S31508015D00BC3801209A3901205939012099390120D5
S31508015D10D93901205839012003882DE9F041054672
S31508015D20BBB140F22112934254D1822926D12B4C80
S31508015D302B482C4F0EF00AFF26683B7846BBFBF72B
S31508015D403FFF3F28206021D93F232360DFF8A48045
S31508015D503CE02549254803F029FF2549234803F056
S31508015D60C9FE224803F035FF1D4801210EF0DAFE6F
S31508015D7040F221132B800120BDE8F0818829FAD150
S31508015D8017480EF0F5FE0028F5D0D0E70028DDD13A
S31508015D90226852B11749154803F0B3FE134803F0B8
S31508015DA0BEFE10B901233B702060134C2378002BEB
S31508015DB0DED10E4803F0CBFE0028D9D1012323708A
S31508015DC0D6E708EB0600FBF701FF013623689E427A
S31508015DD0F7D3DDE7002303800320CDE754390120FB
S31508015DE044390120D9390120F40000204C3501201D
S31508015DF0700000209A390120993901200148FEF7DF
S31508015E00A3BE00BF84000020074B45F255521A6015
S31508015E1004225A6040F2DC529A604AF6AA221A60B3
S31508015E204CF6CC421A60704700300040024B4AF6E5
S31508015E30AA221A60704700BF003000407047000070
S31508015E407FB502230122CDE90123054805930022E6
S31508015E5001A9CDE90322FEF7B5F907B05DF804FB00
S31508015E60000002407FB54FF400720223CDE90123F9
S31508015E700023CDE903330648032301A90593FEF759
S31508015E80A1F9044AD36A5B08136407B05DF804FBF9
S31508015E9000080240000401407FB54FF40042022386
S31508015EA0CDE901230023CDE903330648092301A9D6
S31508015EB00593FEF787F9044AD36A5B08936307B02B
S31508015EC05DF804FB000402400018004008B50648C6
S31508015ED04FF40071FEF758FA0038BDE8084018BFBC
S31508015EE00120FFF76FBE00BF0000024070477047F0
S31508015EF07FB502680D4B9A4215D1022302930321FD
S31508015F000723CDE9041318230948019301A900239E
S31508015F100393FEF757F9602301930548012301A965
S31508015F200393FEF74FF907B05DF804FB0044004000
S31508015F30000C02400FF062BC0FF066BC0FF06ABCA1
S31508015F4030B50268264B9A4287B046D1002403230E
S31508015F50CDE903434FF480651123224801A9CDE910
S31508015F600153FEF72FF91F4D0A2401224FF48061D0
S31508015F702846FEF70FFA0120FFF7D2F900224FF45F
S31508015F8080612846FEF706FA0120FFF7C9F9013CA8
S31508015F90EBD11223029304230DEB03011148059358
S31508015FA0FEF710F9082301A90E4801930923059361
S31508015FB0FEF708F9322016F05FFB312016F05CFB7C
S31508015FC0094B04941020CDE9010301A9054805945C
S31508015FD0FEF7F8F81A2016F04FFB07B030BD00BFE0
S31508015FE000580040000402400000111010F048B9A2
S31508015FF010F04CB91020FEF7D7B90000024B4FF04C
S3150801600000529A61704700BF000002407FB5102216
S315080160100323CDE901230448002301A90393FEF7CD
S31508016020D1F807B05DF804FB00000240FFF7FABC9F
S31508016030012010F025BE032010F022BE002010F02A
S315080160401FBE022010F01CBE052010F019BE042048
S3150801605010F016BE2DE9F04F00248BB0DFF8F09052
S3150801606009944FF0100B5A460646214601A8012508
S315080160700327CDE9074416F04FFF05A94846CDE9A0
S315080160800557FEF79FF80A2301A93046CDE90135E0
S315080160904FF00208CDE903540CF02CFF05A9484638
S315080160A0CDE905870794FEF78DF80B2301A930463C
S315080160B0CDE90138CDE903540CF01CFF05A92348A5
S315080160C007944FF0080ACDE90557FEF77BF801A9B1
S315080160D03046CDE901A7CDE903540CF00BFFCDE914
S315080160E005A7DFF870A0079405A95046FEF76AF8D8
S315080160F004230DEB03013046CDE9023501970494DB
S315080161000CF0F8FE05A94846CDE905B70794FEF750
S3150801611059F80E22052301A93046CDE90123CDE917
S3150801612003540CF0E7FE05A95046CDE90587079407
S31508016130FEF748F8062301A93046CDE9023501954F
S3150801614004940CF0D7FE0BB0BDE8F08F00040240B2
S3150801615000080240000002400EF022BE002010F0A6
S3150801616015BC002010F01CBCF0B502681E4B9A4203
S3150801617087B004460DD1E0210223CDE901130020A1
S315080161800323CDE9030301A9052318480593FEF75F
S3150801619019F82268164B9A4224D116484FF48056AC
S315080161A001270025032401A9CDE90167CDE9035497
S315080161B0FEF708F80F483A463146FEF7EBF84FF472
S315080161C000520223CDE901230A48052301A90593B3
S315080161D0CDE90354FDF7F6FF0C230748019301A9FE
S315080161E0FDF7F0FF07B0F0BD0030014000000240A6
S315080161F0003800400004024000080240002010F068
S31508016200D9BB0EF067BF0EF059BF0EF05DBF000097
S315080162100268034B9A4201D10EF06EBF704700BF68
S31508016220003800400368054A934201D110F0CCBBFF
S31508016230034A934201D10EF053BF70470030014023
S31508016240003800400268034B9A4201D10EF056BF4E
S31508016250704700BF0038004010B54FF4C05286B0F1
S315080162600223CDE9012300240323CDE9034301A930
S315080162700A230C480593FDF7A5FF0B4B0948039420
S315080162804FF40071CDE9011301A9FDF79BFF5320D6
S3150801629016F0F2F9272016F0EFF9FFF717FE06B008
S315080162A010BD00BF0000024000003110FFF784BC9A
S315080162B04FF40070FEF778B8102801D10FF0FEBF31
S315080162C0B0F5007F01D1FFF701BE704730B5184A16
S315080162D0536943F4007387B0536162B6154B164888
S315080162E01A6B42F4C00242F01F021A63196C134A70
S315080162F00A431A645A6C42F4A34242F043025A64AE
S315080163005A6B42F080025A634FF400540023012568
S3150801631001A9CDE903330593CDE90145FDF752FFFF
S3150801632005482A462146FEF735F807B030BD00BFB5
S3150801633000ED00E000380240000002405F405AE0EC
S3150801634007B50DF106000EF051FD20B9BDF806306E
S31508016350024A9B02136003B05DF804FBDC39012095
S3150801636007B50DF106000EF041FD58B9074ABDF80B
S3150801637006101368C3EBC31313EB812348BF7F339E
S31508016380DB11136003B05DF804FB00BFDC390120A3
S315080163904FF47A735843064B1B68002BB8BF03F2B8
S315080163A0FF339B124FF47A7190FBF3F000F07ABB3E
S315080163B0DC39012008B5642100F074FB054B1A6825
S315080163C0002AB8BF02F2FF3292124243642092FBBE
S315080163D0F0F008BDDC39012070B503784578867878
S315080163E0AB421A4638BF2A46B24238BF3246AB429A
S315080163F01C4628BF2C46A6428CBF101B901B0024A6
S3150801640010F0FF000C808C7016D093421AD095427A
S315080164101BD11D46782433465B1B3C256B4393FBF6
S31508016420F0F31B1948BF03F5B4730B80642310FB03
S3150801643003F0B0FBF2F08870652312FB03F2121227
S31508016440CA7070BD2B463546E6E7F024E4E770B519
S31508016450028840F211135A43C378807840F24714F0
S31508016460604363436FEAD010C3F3C714C0B26043F5
S31508016470C0F30720C2F34725C0EBD313C2F3452265
S31508016480DCB2C2F13F03DBB212FB04F613FB04F3E1
S3150801649000EB961600EB93133F2DF6B2DBB20AD941
S315080164A0403D3F2D9DBF08704B708E700E7084BFA6
S315080164B048708B7070BD0B704E708870FAE7C30810
S315080164C0C3EB03135B000B8010F0040318BF6423AE
S315080164D08B70830705D410F0010018BF3220C870ED
S315080164E070476420FBE7FEF70BBF00230370C0F873
S315080164F0CC304FF48073A0F8D030704700234FF4A6
S3150801650080720370C0F8CC30A0F8D02080F83C30F7
S315080165107047034608461A78022A03D103F1940004
S3150801652000F060BB7047F0B58DB0044616460D46BF
S3150801653030220021684616F0EFFC29462046FFF76F
S31508016540E8FF271D3146009001AA384600F0C9F92F
S3150801655003AA3146384600F0C4F9694604F14000F9
S3150801656001F0EAFA227802260023B24284F83C6056
S3150801657084F8D13008D084F8D0302A46394604F157
S31508016580940000F045FB267000200DB0F0BD2DE902
S31508016590F04F2DED028B97B01E46154600F14008C7
S315080165A004460F46DDF88CB0FFF7B3FF32460146C5
S315080165B0404601F0F7FA05A9404601F0DDFA331D18
S315080165C01846294608EE103A10F0D2FB6B69F268B4
S315080165D0A2EB030A2378022B814640F0C48018EE09
S315080165E0101A06A810F0C4FB4946024604F19400A5
S315080165F000F017FB03464846E16A009300F076F976
S31508016600616B8046504600F071F9009B216B019041
S31508016610184600F06BF9019B02904044A16A1844A0
S3150801662000F040FA0090A86800F014FA00F06DF93D
S31508016630A36AE16A0393400000F058F9039B0344F7
S315080166404046039300F006FA039B984280F2928033
S3150801665000232278022A40F0A88004F194003946E2
S31508016660002B00F09F8000F0C3FA2178AA68F3682E
S315080166700229394640F0A58004F1940000F029FB6F
S31508016680237884F8D000002B00F0C5803068059A7D
S31508016690012BA0EB02006FF0004340F0978098426F
S315080166A02CBF00200120009BD4F8CC2084F8D1000F
S315080166B003EB83035F2101FB0233642293FBF2F3AD
S315080166C0C4F8CC30002840F0A880229A032313701E
S315080166D0009BCBF8003004F1B009484600F0F3FB03
S315080166E000283BD0226C3368271D9B1A2946384659
S315080166F00A9300F0F1F8A9680B90384600F0E8F81B
S3150801670094F8D13094F8D0200C90DB0043EA820348
S31508016710229A1278134318EE101A0D933846DBF8AD
S3150801672000300E9300F0D8F8F1680F90384600F063
S31508016730CFF805F10C011090384600F0CDF86969DB
S315080167401190384600F0C4F8029B1493CDE912085B
S31508016750019B15930AA9484600F0B7FB17B0BDEC93
S31508016760028BBDE8F08F014604F1800000F01BFAA8
S31508016770002341E7404600F075F90390504600F0C2
S3150801678071F9039BC3423FF463AF404600F06AF9CF
S315080167908246306900F066F91AEB000F14BF01232F
S315080167A0002356E700F02AFA5FE704F1800023B1D7
S315080167B04A46394600F0E6F957E7494600F0EDF949
S315080167C053E704F1800000F0F6F959E7984201D33E
S315080167D0002068E7294606A810F0CAFA089B8146F0
S315080167E053B100F03FF98146089800F03BF9B9EB3F
S315080167F0000018BF012056E7A86800F02BF9A36925
S315080168009842E5DC484600F025F9E3699842CCBF91
S315080168100020012047E7012045E794F83C30042B86
S315080168203FF659AFDFE803F018031C1C1100229A42
S31508016830012313700023CBF800302370C4F8CC3041
S315080168404FF48073A4F8D03045E73368059A9B1A4C
S31508016850B3F57A7FFFF439AF229A00231370EAE77A
S31508016860229A03231370009BCBF800302378012B5F
S315080168707FF431AF089B002B7FF42DAF2946201DED
S3150801688000F02AF8394602462046FFF74CFE22E771
S315080168900078003818BF012070470078831E5842D7
S315080168A05841704770B503780D4613B190F8D0403A
S315080168B01CB900242C60204670BD022B0CBFD0F8F1
S315080168C09860D0F88460FEF71BFD801B2860F2E70C
S315080168D0006891FBF0F070470B460168184610F006
S315080168E089BA13460268184610F0A0BA0B464FF447
S315080168F07A720146184600F0E9B80A1E03DD4FF41C
S315080169007A7100F0E3B800207047C82390FBF3F0D2
S3150801691070470000A0F1410330B4DCB2052C0DD854
S3150801692018225343084AD5180D60696949B9D054E4
S3150801693014332046D11830BC0FF0AEBD022030BC4E
S3150801694070470020FBE700BFE039012083780B7010
S3150801695043681360704700238370436040690FF0F2
S31508016960ADBD37B50546412401A92046FFF7D2FF3B
S3150801697068B90DF103012046FEF730FF38B90198D1
S31508016980FFF7E9FF019829460C3000F010FD0134A4
S31508016990E4B2472CE8D103B030BD73B505460E46BF
S315080169A000780DF10701FEF719FFA8B99DF8073020
S315080169B093B105F10C0000F0F0FC78B92846FFF711
S315080169C0CAFF044628B99DF8070000F0EFFA6E7071
S315080169D0A860204602B070BD0524FAE70424F8E74A
S315080169E010B504468068884203DB40428842B8BF36
S315080169F008460223A3706060FFF7CAFC6378012B7F
S31508016A0008BF404201B26069BDE810400FF062BD9F
S31508016A1070B504460E460C300021154600F0C7FC39
S31508016A2058B926B12046BDE87040FFF794BF2946FC
S31508016A302046BDE87040FFF7D3BF70BD0138C0B22C
S31508016A400A289ABF024B53F820000020704700BF5E
S31508016A50504603080028B8BF404270478842A8BF7D
S31508016A6008467047002804D002DC4FF0FF30704713
S31508016A70012070478A4208B505DA074B074A0848D4
S31508016A805B21FAF797FB824203DB81420A46B8BFCC
S31508016A900246104608BD00BF7C4603082E47030878
S31508016AA0874603080A1E08B505DC054B054A06484C
S31508016AB07221FAF77FFBBDE808405142FFF7DABFBA
S31508016AC0A54603081A47030887460308F8B580EA66
S31508016AD0E07581EAE177A5EBE075A7EBE17785FB40
S31508016AE00757B7F5004F06D3214B224A40F20D113D
S31508016AF02148FAF75FFB22B9204B1E4A4FF48771EA
S31508016B00F6E782EAE27C2E0C46EA0746ACEBE27C23
S31508016B10ADB2B6FBFCF700280CFB176445EA044442
S31508016B20B4BF4FF0FF3501250029B4BF4FF0FF363A
S31508016B300126002A06FB05F54FEAE273B4BF4FF0BA
S31508016B40FF36012680FB01017543B4FBFCF4F2F71D
S31508016B50B7F844EA07446C43E5178D4208BF8442F7
S31508016B6004D0074B034A40F22311C1E72046F8BD7A
S31508016B70B1460308FE46030887460308C8460308C4
S31508016B80CF46030803783BB100230370836841604D
S31508016B90D21AC3681A44C2607047037813B901232D
S31508016BA00370816070470278C36812B18268891AD6
S31508016BB00B441846704730B50446007880B9002B57
S31508016BC0236904DA52425D68954201DA30BDFAD189
S31508016BD06068091A9868814234BF00200120F5E7E8
S31508016BE00020F3E7037803B941688068081A7047FB
S31508016BF0037813B10023037041607047037833B9F2
S31508016C0001230370836819444368C91A8160704770
S31508016C100023C0E901230361C36001238161037075
S31508016C2070472DE9F84F836904460F46D3E90901F0
S31508016C309146FFF762FEA3694FEA4008D96A586A86
S31508016C40FFF75BFED4E903A605465046FFF75DFE4E
S31508016C503044FFF7FFFE83462069FFF7FBFE2678DF
S31508016C602EB9834533DB2069E760BDE8F88F834594
S31508016C7017DBA36926695B6B9A45A8BF9A465B42EF
S31508016C809A45B8BF9A465046FFF73FFE3044FFF78C
S31508016C90E1FE06462069FFF7DDFE8642ACBF002607
S31508016CA001264846FFF7D6FE404500DD2EB150467F
S31508016CB0FFF72BFE2369184420612369AB42C8BF3D
S31508016CC0256123696D42AB42B8BF2561CBE7012631
S31508016CD0E7E72DE9F0419846836905460E46586A65
S31508016CE0D96A1746FFF709FE044630B12869FFF746
S31508016CF0B1FEA042B4BF002401242B7803B13CB1F4
S31508016D00B8F1000FAB6905DA7F425A68BA4202DA6E
S31508016D10002007E0F9D16C689868341B844234BFB7
S31508016D2000200120BDE8F08100F00300012805D00C
S31508016D300238012894BF04200120704702207047B9
S31508016D4030B5046825786DB1A5788D420CD904EB68
S31508016D504104A4791470026802EB41010020CA7942
S31508016D601A7030BD0520FCE70220FAE703681B7894
S31508016D701BB10C300860002070470520704710B41D
S31508016D80446824683CB103689B788B4207D923463B
S31508016D905DF8044B184707205DF8044B704702203D
S31508016DA0FAE743685B6803B11847072070474368E9
S31508016DB09B6803B11847704730B490F824408C4259
S31508016DC022D9944220D990F82550013D042D08D89E
S31508016DD0DFE805F0030C15070C00D24314440A46F4
S31508016DE0E1B284692468A44630BC6047D243C943EA
S31508016DF054FA82F254FA81F1D2B2C9B2F1E7C9431F
S31508016E000C441146E2B2ECE7002030BC704780F82A
S31508016E1024108261002110F0CEB910B5044610F095
S31508016E203FFA20B12046BDE8104010F0F9B910BD6F
S31508016E30F8B50446FFF7F1FF002594F82430EFB2C0
S31508016E40BB4209D8002006E0002339462046FFF751
S31508016E50B3FF013608B1F8BD002694F82430F2B222
S31508016E609342F1D80135E8E72DE9F0470646884609
S31508016E70FFF7D3FF96F8247000254FF001095FFA52
S31508016E8085FA57451CD93C4614E018F80510013C0B
S31508016E9009FA04F3194214BF0123002303EB830300
S31508016EA003EB83039B0003F0FC0351463046FFF7CF
S31508016EB083FF30B93A1BD2B2002CE6D10135DEE7A1
S31508016EC00020BDE8F08700787047F8B58369426904
S31508016ED00133934204460E46836106D1D0E9013255
S31508016EE000259A42856101D30570F8BDFEF702FABD
S31508016EF06778A368E268D4F810C07B43801A4CF817
S31508016F002300311F2B460133D8B28742A26802D823
S31508016F100132A260E9E702FB073251F8040F4CF887
S31508016F202200F0E708B50EF055FDBDE80840014816
S31508016F300DF055BD4447030810B5044608B110F0D5
S31508016F40A5F92046FFF70DFDBDE81040FEF758BD2F
S31508016F50FDF78EBD038810B504462BB11D2B1ED136
S31508016F6088290DD0012010BDFFF7EAF90120FFF7A6
S31508016F70F8FC0D4805210DF0D5FD1D232380F1E709
S31508016F8009480DF0F5FD0028ECD0FFF7E9F910F0F6
S31508016F900DF800F0EFFB04480DF0E1FDEDE70023E5
S31508016FA003800320DFE700BF703A012042F228324E
S31508016FB041F27073412814BF104618467047000005
S31508016FC010B50B46044642F210714CF25030C4E932
S31508016FD0050144F6206C4FF4FA61C4E901C1312A6E
S31508016FE043F6982161630DD8252A11D9A2F1260104
S31508016FF00B290DD8DFE801F00E0C0C0C0C0C0C0C4F
S31508017000364260544B2A57D04C2A49D0412A3BD0A4
S31508017010072026E02E4919602E49E1602E49E161D3
S3150801702043F2BC41A16240F246512163E168216104
S31508017030E169216242F2283041F27071412A18BF92
S315080170400146186800F096F9A36960624FF47A72EE
S3150801705093FBF2F390FBF3F000EBD0704010E06283
S31508017060002010BD1D4919601D49E1601A49E161F9
S3150801707044F25C41A16240F6C411D6E71949196088
S315080170801949E1601949F2E7194919601949E16095
S315080170901149E16141F64C51A1624FF47A71C4E795
S315080170A0154919601549E1601549E16148F6B801C4
S315080170B0A16241F27071B8E7124919601249E1609B
S315080170C00549E16143F69821A1624FF4E161ACE714
S315080170D06447030840420F0080841E00AC4703083A
S315080170E0306E1600CC48030808451700A02526006F
S315080170F084480308E0750900F447030810CD0E001B
S3150801710060E316003C480308C07A10000346C0F83D
S31508017110EC1092E8030083E803000021C3E9021199
S3150801712083F8E01003F1100011460FF0AEBE30B53A
S3150801713004460D46D0E9000182E80300A2681A60F8
S31508017140D4F8DC302B6030BD90F8E03010B563B16F
S31508017150D0F8E440D0F8EC008068091B814201D8D8
S3150801716000210B461160184610BD1946FAE70000C2
S31508017170036C2DE9F04103EBD373064608469046A6
S315080171800F465C10FFF76EFC0D4944433846FFF77E
S3150801719089FC40F25A3707FB00F50949B06B95FBA4
S315080171A0F0F54046FFF77EFC07FB00F2F06B92FB19
S315080171B0F0F260190349BDE8F0411044FFF772BCCB
S315080171C0A025260040420F0010B504460846054989
S315080171D0FFF768FC40F663034343206B93FBF0F02B
S315080171E010BD00BF40420F002DE9F84F0646D0F802
S315080171F0E870DDF8288089461030114693469A468C
S315080172000FF026FED6F8E830C6F8DC005C6C40F6CE
S315080172106305314658466C433D6B94FBF5F40FF014
S31508017220A7FDBAF1020F04FB00F04FF47A7590FB43
S31508017230F5F56CD00023B2683C6C86F8E030002A7C
S31508017240D8BF644204EBD47440F6630364105C430C
S31508017250DFF81C91F3684448F96840F25A3A0AFB88
S3150801726002F2454409FB03F393FBF1F3396892FBF8
S31508017270F1F10B444543B96995FBF1F10B443046ED
S31508017280796A94FBF1F119440FF0A6FDB268F36827
S315080172907868364909FB03F30AFB02F292FBF0F21E
S315080172A0386993FBF0F00244F86995FBF0F0024463
S315080172B0B86A94FBF0F01044FFF7F4FBB3687A69F7
S315080172C080460AFB03F0BB6890FBF3F0F36809FB01
S315080172D003F393FBF2F318443B6A95FBF3F5054474
S315080172E047F23051F86A94FBF0F02844FFF7DAFBCD
S315080172F0BB6A94FBF3F4A8EB0404E40FB4EBD87F60
S3150801730018BF4FF00008C6E90280BDE8F88FD6F825
S31508017310EC20B1685268B8F1000FBDBF4942C8F107
S3150801732000046B422B46A8BF44468A4282DD002BE5
S3150801733080DA5B4204EB4402B3EBA20F7FF77AAF24
S31508017340D6F8E800016C01EBD1714910FFF73CFF53
S3150801735000EB800084427FF76DAF96F8E0300BB9F9
S31508017360C6F8E490012366E70CBB0200A0252600B7
S315080173709E17010010B50446084642F6E061FFF77C
S3150801738091FB034B4343606B93FBF0F010BD00BFC9
S315080173900CBB0200C0E9001270470068003818BF2C
S315080173A0012070470068431A58425841704738B55A
S315080173B0044600680D4620B1636898470DB100235D
S315080173C0236038BD002303700B0A417083700B0CD0
S315080173D0090EC37001710520704782700022C270C0
S315080173E0027142711A0A01708371090AC2711A0C73
S315080173F01B0E4170027243727047000007289ABF3C
S31508017400014B185C0E2070473449030870B500F12A
S315080174100806054630460C46FFF73AFA30B92146C2
S3150801742005F5F470BDE87040FFF7C1BF3046FFF7B8
S3150801743065F8002CF3D1204670BD000038B5A0F1DF
S315080174404103DAB2052A04460D4610D84FF4FA71FB
S315080174504B430849CA1804332A60194400F020FA34
S3150801746030B929682046BDE83840FFF753BA0220EB
S3150801747038BD00BF803A012010B504460068214690
S315080174800C30FFF78FFF08B984F8F00194F8F00182
S3150801749010BD0000F0B51646002280F8F02185B02F
S315080174A005461A4640680F4600F050FA044690BB56
S315080174B028683946FFF771FA044660BB2868174AF7
S315080174C029460C30FFF766FF05F10800FFF716F8A5
S315080174D02B680DF107011878FEF780F90446D0B933
S315080174E005F10C079DF8072005F5E2713846FFF707
S315080174F067FD044678B96868EE6002A900F0E6F906
S31508017500044640B902AA394605F1DC00FFF7FEFD3B
S31508017510012385F8F031204605B0F0BD0D74010848
S3150801752070B5064640680C4600F0D0F9054648B9DC
S3150801753004F1140304F10C0204F1080106F1DC005C
S31508017540FFF7F5FD284670BDF0B587B004460F462E
S315080175501646FFF791FF98B169462046FFF7E0FF07
S31508017560054650B90C3469462046FFF7B5F9029924
S3150801757038602046FFF7ACF93060284607B0F0BD01
S315080175800925FAE70B4610B511460446032B14D80C
S31508017590DFE803F00207080DBDE810400068FFF7B1
S315080175A0DAB900212068BDE81040FFF719BAD0F80A
S315080175B0C401FFF709FE0146F4E7022010BD38B5FC
S315080175C004460D46FFF758FF78B1002104F5F4701B
S315080175D0FFF7EDFE50B9FEF786FF2A46014604F18C
S315080175E00800BDE83840FEF79EBF092038BD30B512
S315080175F087B004460D46FFF73FFF002846D0002115
S3150801760004F5F470FFF7D3FE002837D1042D3FD8CF
S31508017610DFE805F0030D183E030004F10800FEF744
S3150801762064FF206807B0BDE83040FFF794B904F15C
S315080176300800FEF75AFF2068002107B0BDE8304070
S31508017640FFF7CEB904F108052846FFF721F9B8B1C5
S31508017650FEF749FF01462846FEF75BFF01AA0146E8
S3150801766004F1480000F09EFA02A904F10C00FFF7A4
S3150801767033F9009000992046FFF7A1FF07B030BD06
S3150801768001AA69462046FFF75FFFF3E70920F5E7F8
S315080176900220F3E72DE9F043054685B00830884610
S315080176A01746FFF7F5F801AA0DF103010646286802
S315080176B0FFF74CF900212846FFF799FF0446C8B998
S315080176C005F10C0902AA41464846FFF70AF9686816
S315080176D03A4602A900F012F9044658B902AA4946DF
S315080176E005F1DC00FFF712FD46B102212846FFF736
S315080176F07EFF0446204605B0BDE8F0839DF80330B9
S31508017700022BF7D101992868FFF76AF9F1E7F7B56E
S3150801771006460D461446FFF7AFFE20B928702060CD
S31508017720092003B0F0BD06F108073846FFF7B0F89F
S3150801773050B121463846FFF7B5F8236828700A2262
S31508017740B3FBF2F323600AE0306801AA0DF10301E5
S31508017750FFF7FCF89DF803301BB923602B70002056
S31508017760DFE7FEF7C0FE2246014606F1DC00FFF719
S31508017770EBFCE2E72DE9F0474FF00008474C9AB0D9
S31508017780C14694F8E831002B6DD0FEF7ACFEA4F1A2
S31508017790080607460BA93046FFF7C2FE00286DD139
S315080177A003902046FFF774F80546C8B103AB019369
S315080177B011AB00930BAA06AB39462046FEF7E7FE46
S315080177C0DDE90912D4F8BC01FFF7D2FC039A9DF84A
S315080177D04410054602443046FFF7D4FE00284DD131
S315080177E054F8080C04AA0DF10A0104F5E27AFFF728
S315080177F0ADF85046FFF767FB58B305AA0DF10B0123
S315080178003046261DFFF783FF0BA930461197FFF770
S3150801781063F80D9912903046FFF75AF89DF80B2038
S315080178209DF80A30139043EA820314930EA9049B28
S3150801783015933046FFF750F8109916903046FFF722
S3150801784047F8039B179011A95046CDE91835FFF75C
S315080178503CFB049B00930BAA9DF80A30394604F1B8
S31508017860D400FFF7C1FC08F17D0840F2EE239845E4
S3150801787004F5FA7485D11AB0BDE8F08754F8080CF6
S3150801788084F8E891FFF767F82046FEF737FE0021EE
S3150801789004F5F070FFF78BFDE5E700BF883A012094
S315080178A0A0F14103D8B2052810B409D8064A02EB5B
S315080178B003140C6021460C315DF8044B0EF0C4B874
S315080178C002205DF8044B70473846012073B504461B
S315080178D00E46C06801AA69460EF0CCF8054650B9AD
S315080178E03246211D68460FF035FA2378012B02D15D
S315080178F030460FF078FA284602B070BD73B50446D3
S315080179000E466AB1C06804310EF0B7F80546B8B933
S315080179102378012B02BF73685B42736000233360CF
S31508017920E06801AA69460EF0A5F8054640B922465F
S31508017930314612F8043B012B684604D10FF024FAAC
S31508017940284602B070BD0FF005FAF9E737B50025EC
S31508017950CDE900550446017022B96946FFF7B6FF1D
S3150801796003B030BD01226946FFF7C8FF0728F7D1E2
S315080179702A4669462046FFF7C1FFF1E710B5436875
S31508017980014604460C309847012813D9A37B082BD6
S3150801799005D10A4B0A4A27210A48F9F70BFCA3F134
S315080179A00B0253425341E27B934205D0064B044AEC
S315080179B02821F1E7002010BD0120FCE76C490308E6
S315080179C0DD4903088D490308A749030870B505462B
S315080179D00CF0A8FF044604B970BD20460CF0D2FF8E
S315080179E0A37B082B064605D0214628460CF0AAFF9C
S315080179F03446F0E72046FFF7C1FF0028F4D1F7E740
S31508017A00642344F6206190FBF3F0FFF74BB80000BE
S31508017A1038B5124B994205460C4605D3104B114A07
S31508017A20BC211148F9F7C6FBFFF714F844F62063A1
S31508017A30984203DD0D4B0B4ABD21F2E70C4B9C42E4
S31508017A4003D90C4B074ABE21EBE7214628464FF4DA
S31508017A507A72BDE83840FFF739B800BF80C95100CE
S31508017A60954A0308924B0308494A0308B04A030892
S31508017A70FF340C00DB4A030838B50F4B994204461C
S31508017A800D4605D30D4B0E4AB3210E48F9F792FB65
S31508017A9000EBD0704010FEF7DDFF44F621639842F3
S31508017AA003DD094B064AB421EFE72946204664223D
S31508017AB0BDE83840FFF70AB880C95100954A03085E
S31508017AC0874B0308494A0308694A030838B5134B23
S31508017AD0994205460C4605D3114B124AC62112484E
S31508017AE0F9F768FBFEF7B6FF44F62063984203DD13
S31508017AF00E4B0C4AC721F2E70D4B9C4203D90D4B9D
S31508017B00084AC821EBE721462846FFF781FF2146A7
S31508017B10FFF7B2FF00EBD070401038BD80C95100A5
S31508017B20954A03089D4B0308494A0308B04A0308C6
S31508017B30FF340C00DB4A030838B540220C46002105
S31508017B40054615F0E9F9D4E901012B1D83E803007F
S31508017B50A369EB6023682B60E069FFF751FFE862D0
S31508017B60E069FFF74DFF286394F82C0010B1E0692E
S31508017B70FFF746FF686338BD30B40268C569436BD1
S31508017B80846A2A440A6064225343CB6000230B614A
S31508017B900B1DD0E9010183E803002146184630BCD4
S31508017BA00FF01AB92DE9F04706685B4B8E1B9E420A
S31508017BB08EB004468A46904606D3584B584A40F238
S31508017BC0AB215848F9F7F6FA4369F21A00F10409A4
S31508017BD001D4334319D13146A06BE76AFFF718FF81
S31508017BE031460744E06AFFF747FF31460546A06B71
S31508017BF0FFF76CFFD4F838A00544474B9E4257D38C
S31508017C00464B474A40F2DE21DBE78369F11A09D57B
S31508017C10076B056A11463846FFF72EFF05444FF0F4
S31508017C20000AEAE7C369F31A14D5076BC06BFFF7B5
S31508017C30EFFEA169656A711A0744206BFFF71CFFFD
S31508017C40A1690544711AE06BFFF740FFD4F83CA01F
S31508017C500544D2E7476B856A19463846FFF70CFF94
S31508017C60314B9E420544DADD99E803006E4686E803
S31508017C700300294630460FF0AFF82422002105A853
S31508017C8015F04AF996E8030003AB83E80300636B32
S31508017C90CDF808A06422534309930025012302A9BC
S31508017CA020468DF83430AA46FFF746FF2E46A4E74C
S31508017CB02846FEF7CFFE6FF04043984204DB1B4B84
S31508017CC0174A40F2DF217CE73846FEF7C3FE44F641
S31508017CD02163984204DD164B114A4FF4387170E757
S31508017CE0236864201E4447434FF47A7399E80300D6
S31508017CF003FB0AF3C8F80060C8F80C70C8F810301E
S31508017D0008F1040888E80300294640460EB0BDE894
S31508017D10F0470FF061B800BF80C95100204B030836
S31508017D20694B0308494A0308C0C62D00FC4A0308E3
S31508017D30414B030810F0C0024FF001030AD0C0F30B
S31508017D40C20003FA00F0C0B2802A14BF0230033021
S31508017D50C0B270471846704710B50446406C0EF01D
S31508017D6039FF08281CBF002384F8713010BD406C08
S31508017D700EF051BF2DE9F047016E91F800A00446B7
S31508017D805046FFF7D7FF0AF0C009B9F1800F4B78C3
S31508017D900AF0070807461AD19A0618D5012808F1E4
S31508017DA0080603F0DF0519D80B2D00F2B3800B2D59
S31508017DB056D8DFE815F0D500550055005500550091
S31508017DC029013E01550055004A015500560194F80E
S31508017DD06560012F4644F6B21D463AD90022FF20B6
S31508017DE007F1FF3C11F802E00132944580EA0E00E2
S31508017DF0F8DCCA1912F8012C82422AD094F85030BC
S31508017E00052B40F0838094F851301D2B28D1BAF107
S31508017E10DC0F25D194F85030052B77D1A36C9B78CC
S31508017E20B34273D994F853306672B34205D1BA1E78
S31508017E30013104F10C00F8F7CBF8A36C94F8512042
S31508017E401A70012384F87030E36E4BB1013BE36687
S31508017E5006E0B9F1400F1DD004D8B9F1000F07D0DB
S31508017E60BDE8F087B9F1800F9ED0B9F1C00FD0E710
S31508017E70B8F1040FF4D1A36C9B78002B46D0A26D00
S31508017E8044F21303934341D194F8533084F8508054
S31508017E906372E5E708F1FF38B8F1060F36D8DFE86F
S31508017EA008F004153524352B2E00A36D43F0020284
S31508017EB09E07A2652AD4072D28D8A26C0135052F5D
S31508017EC09570CDD9CB7801339370C9E7A36D43F08B
S31508017ED004025D07A26519D4D1F80130674AA3F5F2
S31508017EE01661914212D86365BAE7A806B8D505F0B6
S31508017EF0030584F86650B3E784F86530B0E7A36DE7
S31508017F0043F00802A26513F0080FA9D0002384F8EC
S31508017F105030A5E7802DA3D194F85330B342F5D15B
S31508017F20A36D43F48042A2655A04EFD4A26C887803
S31508017F3002EB460290710028E8D0062FE6D944F2F2
S31508017F401300034043F480438342DFD1D379C978D0
S31508017F500B43D371002E83D0013E84F853607FE72B
S31508017F60A36D23F4FF4323F07003A3658B78413B8C
S31508017F70392BCBD83944002301F8013CD4F8608069
S31508017F8008F10200F8F73CFA0B28BFD8A36D84F86C
S31508017F90536043F010030528A3652FD80B2F2DD95D
S31508017FA098F80850E90641BFA26C537843F00103DB
S31508017FB05370EA0741BFA26C537843F0020353702A
S31508017FC06B0741BFA26C537843F004035370AF07A4
S31508017FD041BFA26C537843F0080353706E0641BF44
S31508017FE0A26C537843F0100353702D067FF538AF12
S31508017FF0A26C537843F02003537031E794F851305B
S31508018000262B08BF3525CDE794F85330B3427FF4C4
S315080180107DAFA36D43F400729805A2653FF576AF6F
S31508018020CB78A26C002B02EB460618BF0423F3712A
S3150801803016E794F85330B3427FF468AFA36D43F45F
S315080180408062A26513F4806F5FE794F85330B342F8
S315080180507FF45CAFA36D43F40052A26513F4005F8D
S3150801806053E794F85330B3427FF450AFA36D43F40A
S315080180700042A26513F4004F47E700BFA0FE0600C1
S315080180802DE9F84F9DF828700546781E1F2800F23D
S3150801809083802C6F24F07F4424F0FF04002C7DD1CB
S315080180A00120C02985F8710010D1E86D46240470B5
S315080180B0687A0728E86D8CBF082400244470EC6DA3
S315080180C0207866787040C043A07003245E1E4FF086
S315080180D0FF0C0123E86D16F801EF20448EEA0C0C1B
S315080180E000F803E00133581EC0B28742F2D8012FC7
S315080180F042D0022F44D0042F46D9082F48D9112F30
S3150801810035BF4FF020094FF028091020202007EB32
S31508018110040E0EF1010EF3463B464FF0000A04E049
S31508018120013308F80BA0DBB2B3468342D5F85C806D
S315080181300BF10106F4D3C31BDEB202F007031943A0
S3150801814041EA090108F80410EA6D874294BF3346EB
S31508018150002372448CEA0101D154BA1C22441A4400
S31508018160E96D686CFA23D2B20EF01BFD10B100233B
S3150801817085F87130BDE8F88F38464FF00009C6E733
S3150801818038464FF00809C2E74FF010090420BEE748
S315080181904FF018090820BAE70220EBE70820E9E7BB
S315080181A007B50B46009240210422FFF769FF03B089
S315080181B05DF804FB1FB501238DF80F100093032208
S315080181C00DF10F0340210446FFF75AFF28B99DF820
S315080181D00F3084F8533084F8720004B010BD30B5FE
S315080181E085B0826C0391417A02EB41020446D0794B
S315080181F043070ED59579FEF797FD684300F0FF0012
S315080182000090039B627AC0212046FFF739FF05B02B
S3150801821030BD0920FBE738B590F87250044685B998
S31508018220406C0EF0D7FC082801D1082038BD01237F
S3150801823084F8715084F872300028F7D184F87000F8
S31508018240F3E790F87030002BEFD0427A90F853306C
S315080182509A42EAD1002380F872301846E6E7000010
S315080182600388B3F58D6F2DE9F74F81460FD040F29C
S31508018270734293421CD0002B40F00184C04A13601C
S31508018280C04B00221A804FF48D63A9F80030BD4F08
S31508018290BB4E3A88D6F8008040F25543E2B19A427D
S315080182A01BD000233B8033680133052B3360E7DDA0
S315080182B0DFF8CCA2B44CDFF8E4B20023CAF80030E8
S315080182C0DAF80050052D30DD40F27343A9F8003085
S315080182D0012003B0BDE8F08F3B805FFA88F478256A
S315080182E0DFF8A4A2A94B654305F14401185D514481
S315080182F00EF01CFC002840F0C683A54AA549262392
S3150801830003FB04220AEB05034AF805209A64462270
S315080183105443A14A59601119233408F141081444F8
S3150801832083F80880D9651C66BBE778276F4304EB99
S31508018330070840F23933B8F82C609E4200F00581EF
S3150801834000F22E81B6F53D7F56D2B6F5397F2DD886
S31508018350002E00F01E82B6F5387F00F034827823AD
S3150801836003FB054300229A85782303FB054393F80B
S315080183705020052A14D1DB8D40F2C932934200F010
S31508018380418300F20F83002B00F0248340F2C332AD
S31508018390934200F02583782303FB05450023EB85EB
S315080183A0DAF800300133CAF8003089E76FF4397119
S315080183B00E440E2ED3D801A353F826F0E3870108FD
S315080183C05F830108038801085F8301085F83010849
S315080183D0378801085F8301085F8301085F83010805
S315080183E05F8301085F8301085B8801085F830108D1
S315080183F05F8301088788010840F211339E421FD026
S3150801840000F28A80B6F53F7F00F04E8240F20133D2
S315080184109E42A4D1782606FB0546706C0EF0ABFB8E
S315080184200828A1D00A2800F03982002840F0D78010
S31508018430336E1B78402B40F0318240F21133B385FD
S31508018440782606FB0546FA23316E706C0222013145
S315080184500EF080FB082887D0002840F0C08040F243
S315080184601633B385782606FB0546706C0EF083FB3A
S3150801847008283FF479AF002840F0B180326E53786E
S31508018480A3F11D01482900F2AA8011784B40DB436C
S315080184909178DBB2994240F0A280B36C01219970C0
S315080184A0537886F851300323B16586F87000F06673
S315080184B086F85030782303FB054393F85020032AA6
S315080184C000F04682042A40F08A8040F25E329A859C
S315080184D0782303FB054393F87120002A7FF444AF00
S315080184E0012283F87120DA6D0421117040F261329C
S315080184F09A85782606FB0546FA23F16D706C0122EA
S315080185000EF04FFB08283FF42FAF002800F03E82FB
S31508018510002386F8713062E040F216339E42A1D0FC
S31508018520B6F54D7F7FF41BAF782606FB0546FA2381
S31508018530316E706C01220EF00DFB08283FF414AF62
S3150801854000284CD140F23933B385782606FB054617
S31508018550706C0EF010FB08283FF406AF00283ED1D8
S31508018560336E1878FFF7E6FB232886F8640036D8B9
S31508018570012800F2F1814046FFF7FCFB9AE700BFAC
S315080185800C4B0120F44B01203C480120A04503086F
S31508018590104B0120B84B03089846012018FCFFFF31
S315080185A040F271339E4253D000F28D8040F25E3321
S315080185B09E428DD02BD840F247339E4200F0CF81A0
S315080185C0B6F5537F7FF4CBAE782303FB0543586C8E
S315080185D00EF0D1FA08283FF4C7AE0028CBD078268A
S315080185E006FB0546002307F1340086F8503020447F
S315080185F00CF0C4FAB36EF06C0133B36608B10DF032
S315080186005DFF424684210020FCF776FAA7E640F290
S3150801861061339E423FF46DAF40F267339E427FF469
S315080186209EAE782606FB0546706C0EF0D3FA08282E
S315080186303FF49AAE00287FF46BAF86F8710007F114
S3150801864034000A2120440CF06DFA40F27133B385E7
S3150801865007F1340020440CF08BFA00283FF484AE6D
S31508018660782303FB05434FF45D729A85782606FB4A
S315080186700546716D706C0EF0CFFA08283FF474AE9A
S315080186800523F06C86F850300023F38570B1B36C7E
S315080186905B78DA0640F17E8159460DF01BFF782397
S315080186A003FB054393F85030052B98D107F13400A5
S315080186B0642120440CF03FFA782303FB054340F27A
S315080186C089329A850CE040F296339E4226D049D8E3
S315080186D0B6F55D7FCAD040F289339E427FF43FAE3C
S315080186E007F1340020440CF043FA00283FF43CAE6D
S315080186F0782303FB054393F8701031B9DA6E01321A
S31508018700062ADA6688BF83F85010782303FB0543E7
S31508018710002283F8702040F296329A85782303FB6B
S31508018720054393F87120002A7FF41EAE012283F8CF
S315080187307120DA6D0221117040F299329A857826F4
S3150801874006FB0546FA23F16D706C01220EF029FA33
S3150801875008283FF409AE00287FF4DAAE4FF46873AF
S31508018760B38507E040F299339E42E8D0B6F5687FB3
S315080187707FF4F5AD782606FB0546706C0EF02AFAED
S3150801878008283FF4F1AD00287FF4C2AE86F87100DF
S3150801879085E798F8080007F14C0141382144C0B231
S315080187A00DF07AFE08B1C8F84C60782303FB05433F
S315080187B00022996C0A8083F86520012283F85020EB
S315080187C04FF438729A85782606FB054696F8503096
S315080187D0022B7FF4C9AD706C0EF050FA40F2E52316
S315080187E0B385782606FB05464FF4E131706C0EF029
S315080187F013FA08283FF4B8AD0023338640F2E7237D
S31508018800B385782303FB05431A8EB2F52C7F00F056
S3150801881085805CD840F2AD21002A69D08A4268D0A9
S31508018820782303FB054300221A86782303FB0543B5
S3150801883040F2EA229A85782606FB05466423316EBC
S31508018840706C01220EF086F908283FF48DAD0028D8
S315080188507FF4C5AE4FF43C73B385782606FB05460F
S31508018860706C0EF088F908283FF47EAD002840F0B8
S315080188700C81336E1B78042B10D0782303FB054338
S3150801888040F2F3229A85782303FB05434FF41661D8
S31508018890586C0EF0C1F908283FF466AD782303FB3E
S315080188A005434FF43F729A85782606FB0546FA2357
S315080188B0316E706C01220EF04DF908283FF454AD63
S315080188C000287FF48CAE40F20133B385A2E5B2F5F8
S315080188D02E7FA5D1782606FB0546706C0EF07AF92F
S315080188E008283FF441AD80B3002386F8713097E735
S315080188F01986782303FB054393F8711000297FF441
S3150801890033AD07F1730222444FF4E17083F8731013
S31508018910A2F80100D1704FF42C721A86042207F1CD
S31508018920730300922344022240214046FFF7A8FB25
S3150801893008283FF419AD00287FF472AF782303FBAA
S3150801894005434FF42E721A86C4E786F8710067E765
S315080189504FF44D729A85E7E540F24733B385782699
S3150801896006FB0546FA2396F86420316E706C013AC7
S31508018970D2B201310EF0EEF808283FF4F5AC002822
S315080189807FF42DAE4FF45373B3851DE640F267337A
S31508018990B38546E69B0602D54FF47A717DE60DF05E
S315080189A08DFD7CE640F2DD32934251D040F2E3324E
S315080189B093427FF4F0AC782303FB0543586C0EF021
S315080189C0DAF808283FF4ECAC00287FF4E4AC40461A
S315080189D0FFF7D0F9782303FB054340F2C332DA8562
S315080189E0782606FB0546FA23316E706C01220EF0D5
S315080189F0B1F808283FF4D4AC00287FF4CCAC40F297
S31508018A00C933F385782606FB0546706C0EF0B3F874
S31508018A1008283FF4C5AC00287FF4BDAC316E087850
S31508018A20FFF788F986F8640003382028D2D80B782E
S31508018A3003F0C002C02A05D0402ACBD103F00503B2
S31508018A40042BC7D1782303FB054340F2DD32DA85CF
S31508018A50782606FB0546FA2396F86420316E706C73
S31508018A60013AD2B201310EF075F808283FF498ACF4
S31508018A7000287FF490AC40F2E333F3859BE70023AB
S31508018A800380032025E4002023E40A283FF4F5AEF9
S31508018A90A5E500BF05280DD8074AC0EB001302EB70
S31508018AA0C3030B60782358431358002B14BF0020C7
S31508018AB008207047022070473C48012005280DD838
S31508018AC0074B782202FB003090F85030012B05D174
S31508018AD0022380F850300348FCF74AB8704700BFB4
S31508018AE03C480120A400002010B5013801F110030B
S31508018AF010F8014F13F8012D944203D18B42F7D197
S31508018B00012010BD0020FCE728B10B7883F0010392
S31508018B100870184670470346FAE7000010B50C4876
S31508018B200BF00AFF437B022B04460ED1F9F792F8A4
S31508018B3058B1074821460BF018FF064B0648002294
S31508018B40BDE810401A70FCF713B800232374F4E744
S31508018B502C4C0120284C0120B40000200148FCF7C8
S31508018B6007B800BFB4000020012870B50C461146AD
S31508018B7004D12046BDE8704000F0B6B9022817D1E5
S31508018B800C4E3368A51883B1AC4201D1002070BDE3
S31508018B9033682078984710B92078F9F767F80134CF
S31508018BA0F2E714F8010BF9F761F8AC42F9D1EDE7F0
S31508018BB00120ECE7E44C01202DE9F8430388B3F5DD
S31508018BC0A07F05462DD00BD8B3F59B7F41D0B3F5D1
S31508018BD09D7F60D0002B40D000232B8003205FE0CF
S31508018BE0B3F5CD7F7ED0B3F5D27F00F09780B3F58C
S31508018BF0A67FF1D10020FCF745FA00285CD00020B9
S31508018C00FCF740FA002861D1072000F005FD00288D
S31508018C105CD1FCF733FA032000F0D4FC4FF4A073BF
S31508018C202B800020FCF72EFA00283BD00020FCF709
S31508018C3029FA00284AD1072000F0EEFC002845D180
S31508018C40FCF7E2F9032000F095FC4FF4A6732B809C
S31508018C50D0E7882914D0012022E07648FCF732FAB9
S31508018C607548FCF755FA072000F0D6FC0028B3D161
S31508018C70724896210BF056FF4FF49B732B80EAE757
S31508018C806E480BF075FF0028E5D00120FCF7B2F914
S31508018C904FF49D732B80FCF7AFF90028BED1002055
S31508018CA0BDE8F883072000F0B7FC0028BED1644B65
S31508018CB01B78002BBAD1F2E7072000F0ADFC00289B
S31508018CC09DD15F4B1B78002B99D0E8E70020FCF774
S31508018CD0D9F908B9FCF7D2F9032000F073FC594B0E
S31508018CE000221A800020FCF7CDF9002855D1564EEE
S31508018CF0002730460BF020FE0446002840F09780F6
S31508018D00524B187052480BF095FF52480BF092FFE0
S31508018D102046FCF76FF94FF4D2732B80FCF76CF9F8
S31508018D200028A0D0BBE74C480BF022FF00285FD1F2
S31508018D30464F3E7876BB44480BF0F4FD044648B3EB
S31508018D40464B4360437B022B00F111081BD1067386
S31508018D5000F1250946463046F8F782FF002805DD69
S31508018D60237B01360133B1452373F4D1237B53B9F0
S31508018D703B4B3C4A3C484FF4C971F8F71BFA26802D
S31508018D80D6E72080D4E70123C4F80880201D3B706C
S31508018D90FCF79EF94FF4CD7370E7072000F03CFC11
S31508018DA006460028A3D10120FCF76CF9254C0028BA
S31508018DB0E7D02388B3F58B7F10D0B3F5927F31D0F6
S31508018DC0002BDCD1294B24484FF0FF324FF4FA71BE
S31508018DD01A600BF0A7FE4FF48B732380DFF88C80A3
S31508018DE0234F00F05BFCD8F80030386098429AD0DF
S31508018DF0204E19480BF0B3FE396806F11100FEF74B
S31508018E00E1FA4FF00109307331460F4886F80D90A3
S31508018E100BF0ABFD3B68C8F800304FF4927386F847
S31508018E2010902380134B1B7C002BD4D080E727742A
S31508018E305FE700BF5D8B0108698B0108444C01207F
S31508018E406C2A0120304C01202C4C0120284C012091
S31508018E50E84C0120244D0120344C01201D8B0108CA
S31508018E60DC4B03081B4C0308F24B0308244C012076
S31508018E70204C0120F84B012008B50749074829224B
S31508018E800BF0B6FE0648074965220BF0B1FEBDE8B0
S31508018E9008400548FBF758BEF84C0120244D01202F
S31508018EA0E84C01207C4C0120B4000020014B1860DD
S31508018EB0704700BFE44C0120084908B50B7C5BB933
S31508018EC0022307484B7301230B740BF04EFDBDE8D3
S31508018ED008400448FBF74CBE08BD00BF544C0120AE
S31508018EE02C4C0120B400002010B528B90F4B104AAC
S31508018EF013211048F8F75EF919B90F4B0C4A1421DA
S31508018F00F7E70478042C04D844B9204600F006FB98
S31508018F1002E0052C07D08024204610BDBDE810408C
S31508018F200720FEF76BBA0220FCF784FC424C0308C3
S31508018F30694C0308474C0308644C030838B5038891
S31508018F400D4604461146C3B1212B1ED1284600F011
S31508018F507FF8882D15D10F480BF00AFE88B10D4808
S31508018F600BF0F4FD0EF0E0F900F087F800F0ABF82D
S31508018F7000F05CFC00F0D6FA03E0064832210BF05B
S31508018F80D1FD21232380012038BD0023038003203E
S31508018F90FAE700BF384D012010B50EF08BF9FFF73F
S31508018FA06BFF00F049F800F021FC0548054CFBF77A
S31508018FB0CBFD236803B910BDFDF7CAFFF9E700BF6A
S31508018FC0C4000020344D012038B500F01BFCFCF725
S31508018FD091F9074D04462B6833B9FCF78BF9031B46
S31508018FE0B3F5FA7F00D338BDFDF7B2FFF3E700BF4B
S31508018FF0344D012010B50446062000F00DFB0D4B3B
S3150801900060B91A88312A10D004D83AB1302A07D063
S31508019010002208E0322AFBD104B110BD30221A80A1
S31508019020002CFAD131221A80F7E7002CF5D032222A
S31508019030F9E700BF484D012008B500F0A5F900F091
S31508019040E5F8024B00221A8008BD00BF484D0120F1
S3150801905038B505460C4600F0A1F92846214600F028
S31508019060E5F8072000F0D8FA30B12DB9E4B2052C9D
S3150801907002D12846FCF7DEFB38BD13B50DF1060013
S31508019080FCF707F9A8B9BDF8060010F020044FF05F
S31508019090050012D000F06EFA0120FFF7ABFF40F68B
S315080190A0B8320121052000F0D3FA10B1082000F0EA
S315080190B061FA00F0E5F902B010BD00F083FA204626
S315080190C0FFF798FFF5E708B5072000F0A5FA18B1EC
S315080190D0BDE80840FCF760BB08BD7FB506460D46EE
S315080190E0002003A9144601930DF006F9019A48B91F
S315080190F096F82410039801FB0541C9B20DF008F949
S3150801910004B070BD0020FBE72DE9F041DFF84C8083
S3150801911006460025D8F8003093F82430ECB2A3426D
S3150801912019D8BDE8F081022C11D892B1042A34BFAE
S31508019130334600232146FFF7D0FF0137D8F8000050
S3150801914090F82430FAB29342EDD80135E2E70023CC
S31508019150F0E71346EEE70027F0E700BFD800002046
S3150801916073B5002001A90DF0C7F8C0B90E4E0F4D11
S3150801917004462A782244D2B2C82A13D8632A02D9C5
S31508019180C2F1C802D2B21F3416F8011B0198E4B223
S315080191900DF0BEF8F82CECD12B7809332B7028206A
S315080191A002B070BD0022EEE77E4C03084A4D01204D
S315080191B010B5054C054920680DF0FDFF2068BDE88E
S315080191C010400DF0FDBF00BFD8000020D191010865
S315080191D038B50B4C0B4D20782B781844C0B220704B
S315080191E0FFF792FF2378642B00D03BB9064B18682A
S315080191F00EF016F860232370F8232B70282038BD4B
S31508019200D4000020D5000020D800002008B5054B61
S31508019210054A18680521FDF7FAFDBDE80840FFF77C
S31508019220C7BF00BFD8000020884C0308F8B558BB53
S31508019230C9B206291ED11C4D04460BE00023394646
S31508019240FFF74BFF0136286890F82430F2B29342B3
S31508019250F4D80134286890F82430E7B2BB4207D81D
S3150801926012490DF0A8FF2868BDE8F8400DF0A8BF1F
S315080192700026E8E7082916D1062000F0CDF990B9AD
S31508019280BDE8F840FFF794BF01280CD1C9B20629F9
S3150801929009D1082000F0C0F90028F1D1BDE8F8404D
S315080192A06420FFF731BFF8BDD8000020619101089D
S315080192B013B5F0230F4CADF8043064238DF806304E
S315080192C02378632B84BFC3F1C803DBB28DF807305B
S315080192D0094B1868836901A91B6898472378C8222E
S315080192E004332820B3FBF2F102FB1133237002B0D9
S315080192F010BD00BF744D0120DC00002010B50378B5
S3150801930051F8233013B3427803EB420252784AB933
S315080193104270827832B10E4B0E4A0F4840F207115D
S31508019320F7F748FF427803EB420413F81210647802
S31508019330FF2C09D083780133DBB29C42837003D8B2
S31508019340531C437000238370084610BD3021FBE788
S315080193508C4C0308234D0308A64C0308034613B592
S31508019360086843F8080C13F8040C0C4640B101A927
S3150801937000200CF0DDFF28B9019821460CF0EAFF20
S3150801938002B010BD0020FBE7024B034918680DF037
S315080193908CBF00BFDC000020584D030801282DE9C9
S315080193A0F04706460C464BD8032000F035F98146AE
S315080193B0042000F031F90746002000F02DF9054692
S315080193C0022000F029F98046082000F025F9824696
S315080193D0072000F021F900282CD1BAF1000F2BD172
S315080193E0B9F1000F18D0002D14BF04230323154A21
S315080193F0517999421EBF53710023D38006BBE4B24B
S31508019400062C1DD1104C114920680DF0D4FE206898
S31508019410BDE8F0470DF0D4BEB8F1000F0ED127B163
S31508019420002D14BF06230523E1E7002D0CBF0023F9
S315080194300223DCE70823DAE70723D8E70123D6E77F
S31508019440BDE8F087784D0120DC000020B1920108C3
S3150801945010B50CF0F1F9022804460AD003280AD0FF
S3150801946001280AD10DF0B2FF002818BF02242046B0
S3150801947010BD0324FBE70424F9E70024F7E70000FD
S3150801948037B521492148FFF739FF3028044630D13D
S31508019490062000F0C1F81E4D00F0010369460020C0
S315080194A02B710CF045FF28B92B7923B3294600986F
S315080194B00CF050FFFFF7CCFF164B17491A7882427A
S315080194C01CBF0022187013481CBF5A709A70FFF708
S315080194D015FF6946044601200CF02AFF38B901A98F
S315080194E02046FCF7ECFF009801A90CF033FF03B006
S315080194F030BD0020CFE7302C01A914BF20464620F5
S31508019500FCF7DDFF01A9D2E75C4D03087D4D01207B
S31508019510784D0120754D0120444D0308062000F0C1
S315080195207BB8000013B5082000F076F8044628B188
S31508019530062002B0BDE8104000F06EB80DF1060035
S31508019540FBF7A7FE094B1B885BB1BDF806209343C1
S31508019550074B08D11A7822B9012206201A7000F0A1
S315080195605BF802B010BD1C70FBE700BFE0000020ED
S31508019570A84D0120082838B5044605D90D4B0E4AD1
S315080195800E482B21F7F716FE0D4D01232A68834055
S3150801959043EA020193430CD02960FBF7ABFE05EBC6
S315080195A084050021686022460846BDE83840FBF775
S315080195B0A3BA38BD804D0308FE4D0308A24D030822
S315080195C0AC4D0120082870B5044605D90E4B0F4A43
S315080195D00F483421F7F7EEFD0E4D01262B6806FAE2
S315080195E000F21A4223EA02010CD02960FBF782FE37
S315080195F005EB84052246686031460020BDE87040C7
S31508019600FBF77ABA70BD00BF804D0308EB4D03081E
S31508019610A24D0308AC4D0120082808B505D9084B09
S31508019620084A09483E21F7F7C5FD012303FA00F068
S31508019630064B1B68184214BF0120002008BD00BF55
S31508019640804D0308D94D0308A24D0308AC4D0120EE
S31508019650082870B504460E46154605D90B4B0C4A23
S315080196600C484F21F7F7A6FDFFF7D6FFB0420BD1FD
S31508019670FBF740FE084B03EB84046268801AA84294
S3150801968034BF0020012070BD0020FCE7804D03088F
S31508019690BE4D0308A24D0308AC4D0120014B1868C5
S315080196A0704700BFAC4D012010B5094C4FF41E722E
S315080196B00021204613F030FC04F5037000F0B0F8E1
S315080196C00023C4E98133034B01221A7010BD00BF80
S315080196D0188F0120D54D01200388B3F5EF7F37B5E3
S315080196E004463AD008D840F2DB1203B3934221D09C
S315080196F000232380032029E0B3F5FB7F0CD040F239
S3150801970002229342F4D13249324B0A6832480BF0AD
S315080197108DFD012806D818E085293ED12F4B1B78E7
S31508019720002B3CD12E4A1368013B1360E0E72A4916
S315080197300B800280284D274B0093254A04230021DC
S3150801974028460BF0E7FC012802D8002003B030BDFB
S3150801975000232B804FF4EF7323801D4A1D4D00957E
S3150801976013681D4800210BF0D5FC0128EDD92B788B
S315080197700BB1FFF799FF1B4800F055F81A4B002269
S315080197801046012589211D70FBF7B6F9144A13689D
S31508019790013B13604FF4FB7323800120D6E70C4A83
S315080197A0D2F85432D2F85C1203F51E730B44D2F880
S315080197B064120B44D2F86C120B44D2F874120B449F
S315080197C01360054B00221A8040F2022303809AE7B0
S315080197D0188F0120D64D0120D84D0120D54D0120E5
S315080197E0344D012024910120D44D0120034A044817
S315080197F0136801331360FBF7A7B900BF344D012085
S31508019800E4000020044A05481368013313608521E2
S315080198100022FBF771B900BF344D0120E400002096
S3150801982004300DF07BBC04300DF09ABC08B5FCF78A
S31508019830FDFA012140F6B8320846FFF709FF20B1C3
S31508019840BDE808400820FFF795BE044A0121032018
S31508019850FFF7FEFE0028F3D108BD00BF20BF0200B6
S31508019860D0F8C03210B56BB1D0F8BC4294F80002FA
S31508019870FF2807D09B6894F8012221469847FF23C1
S3150801988084F80032002010BD432303800048704746
S315080198902C010020432303800048704770010020F3
S315080198A04323038000487047C00100200A23038030
S315080198B000487047B401002038B5D0F8BC420546C7
S315080198C06CB100F0CFFDD5F8C032C4F80C02DB68E4
S315080198D0D4F8040204F503719847002038BD032023
S315080198E0FCE7F8B5D0F8BC5203460A461DB3142660
S315080198F006FB0106B46994B1D0F8C4724FF01C0C8A
S315080199000CFB01773F6CB4FBF7FC07FB1C4434B92D
S31508019910B4612346224600F097FD2046F8BDD3F8E8
S31508019920C032D5F808021B690024C5F8144205F5AA
S3150801993004719847F1E70320F0E700002DE9F743A2
S315080199400A78D0F8BC724FF0000812F06004054698
S315080199500E468DF80580ADF8068028D0202C5ED1FC
S31508019960CC884B78E4B1120611D5D0F8C022394615
S31508019970D2F8089018462246C847F288394628463A
S3150801998000F07EFC4446204603B0BDE8F08387F824
S31508019990003287F801422246394600F086FCF1E793
S315080199A0D0F8C022184695682246A847EBE74F78B3
S315080199B00B2F34D801A353F827F000BFED990108FE
S315080199C0879901081F9A01081F9A01081F9A010819
S315080199D01F9A01081F9A01081F9A01081F9A010870
S315080199E01F9A0108039A0108179A010890F89C32F0
S315080199F0032B14D102220DF1060100F041FC3C466D
S31508019A00C1E790F89C32032B09D101220DF105011A
S31508019A1000F036FCB7E790F89C32032BB3D03146F9
S31508019A20284600F006FC0324ADE700BF38B5044616
S31508019A300025812100F0D9FC01212587204600F067
S31508019A40D4FCA4F878518221204600F0CEFCD4F843
S31508019A50BC32E5642BB1D4F8C0325B689847C4F8C8
S31508019A60BC52002038BD000070B5037C204DC0F8FB
S31508019A70BC5204468BBB4FF4007302228121012696
S31508019A8000F0A9FC26874FF40073022231462046CE
S31508019A9000F0A1FC1023A4F84E30032208238221EA
S31508019AA0A4F87861204600F096FCD4F8C03201216A
S31508019AB01B68A4F84C1098470023C5F81432C5F85A
S31508019AC01832237C01218BB94FF40073D5F804228F
S31508019AD0204600F0C0FC002070BD402302228121EF
S31508019AE0012600F078FC26874023CEE74023EDE7E0
S31508019AF0DC4D012019B1C0F8C012002070470320BF
S31508019B007047D0F8BC320020C3F80812C3F81022F7
S31508019B107047D0F8BC320020C3F804127047D0F859
S31508019B20BC2210B57AB1D2F8144201236CB9C2F835
S31508019B301432D2F81032C362D2F80822812100F019
S31508019B4083FC204610BD0320FCE71846FAE7D0F847
S31508019B50BC2210B582B1047CD2F8042234B94FF480
S31508019B600073012100F077FC204610BD4023012136
S31508019B7000F071FC0024F7E70324F5E7A0B1D0F85B
S31508019B80B83213B10023C0F8B832D0F8CC3213B1C9
S31508019B900023C0F8CC3209B1C0F8B412012380F809
S31508019BA09C32027000F0ECBB0320704737B50024E5
S31508019BB00546ADF8064051B1C0F8B8128B6A0DF1E9
S31508019BC006009847C5F8CC02204603B030BD0320ED
S31508019BD0FBE700F0F9BBD0F8B8320BB11B681847A0
S31508019BE00320704708B5D0F8B8320BB15B689847BF
S31508019BF0002008BD38B5044600F2AA25284600F01B
S31508019C000DFB012394F8AA12C4F89432B4F8B032C1
S31508019C10C4F8983201F01F03012B08D0022B0CD08F
S31508019C208BB929462046BDE8384000F0FBB82946DD
S31508019C302046BDE8384000F037BA29462046BDE837
S31508019C40384000F057BA204601F08001BDE8384097
S31508019C5000F0D2BB70B5044616460D46F9B9D0F8E0
S31508019C609432032B0CD1D0E9573293420AD99B1A65
S31508019C709A42C0F85C3128BF1A46314600F022FBE9
S31508019C80284670BDD0F8B8321B6923B190F89C22DA
S31508019C90032A00D19847204600F01CFBF0E7D0F8CC
S31508019CA0B8329B6933B190F89C22032A02D1BDE8E8
S31508019CB0704018470325E3E770B5044616460D4676
S31508019CC0D9BBD0F89432022B0ED1D0E90732934290
S31508019CD013D99A1AC261314600F0DFFA2B462A4691
S31508019CE02946204600F0B7FB94F8A032012B02D191
S31508019CF0002384F8A032284670BD0CD182699342AC
S31508019D0009D8D0F898329A4205D20A4600F0C5FA1F
S31508019D10C4F89852E2E7D4F8B832DB682BB194F864
S31508019D209C22032A01D1204698478021204600F02B
S31508019D3063FB204600F0D9FAD6E7D0F8B8325B695A
S31508019D4033B190F89C22032A02D1BDE87040184726
S31508019D500325D0E7012370B580F89C32D0F8BC32D0
S31508019D6000210446C0F894124160C0F8A4121BB140
S31508019D70D0F8B8325B68984700224025114601267B
S31508019D804023204600F027FBA4F86461C4F860511B
S31508019D902B4600228021204600F01DFBA684256261
S31508019DA0002070BD01740020704790F89C3280F83D
S31508019DB09D32042380F89C320020704790F89C322B
S31508019DC0042B04BF90F89D3280F89C32002070471E
S31508019DD008B590F89C22032A04D1D0F8B832DB6979
S31508019DE003B19847002008BD00207047002070473E
S31508019DF000207047012208B580F89C22D0F8B822C5
S31508019E0012B1526801799047002008BD10B580212A
S31508019E10044600F0F1FA20460021BDE8104000F0A2
S31508019E20EBBA0000F7B50D7805F06005202D04465C
S31508019E300E4614D0402D12D0002D40F0FE804F78EA
S31508019E40092F00F2FA80DFE817F0FF002101F80078
S31508019E501701F80082001300F800E8009E00D4F804
S31508019E60B8329B683146204603B0BDE8F040184732
S31508019E700023ADF806304B881A0A013A062A37D864
S31508019E80DFE802F0041C293636505A00D0F8B432FD
S31508019E901B68207C0DF106019847F288002A00F01C
S31508019EA0F180BDF806301BB39A4228BF1A46ADF8B1
S31508019EB006200146204600F0E3F91CE0027CD0F8B2
S31508019EC0B83232B99B6A0DF10600984702234370EE
S31508019ED0E3E7DB6AF7E7DBB2052B09D8DFE803F02E
S31508019EE0030E12161A1ED0F8B4325B68002BD0D1B5
S31508019EF02046FFF78BFF284603B0F0BDD0F8B432F1
S31508019F009B68F3E7D0F8B432DB68EFE7D0F8B432F0
S31508019F101B69EBE7D0F8B4325B69E7E7D0F8B432EE
S31508019F209B69E3E7037C002BE2D1D0F8B8320DF147
S31508019F3006005B6B9847B0E7037C002BD8D1D0F8B5
S31508019F40B8320DF106001B6B98470723BFE78B88CC
S31508019F50002BCDD1CB88002BCAD14E887F2EC7D8EE
S31508019F6090F89C32032BC3D0F1B280F89E1200F010
S31508019F7064FA204600F0AEF91EB1022384F89C3239
S31508019F80B9E70123FAE78E78464F012E3E7003D9C9
S31508019F90FFF73CFF0325AEE790F89C32022B08D069
S31508019FA0032B14D0FFF732FF39782046FFF71AFE44
S31508019FB0F0E7002E66D001214160FFF70CFE054649
S31508019FC02046002D95D100F085F90323D6E75EB921
S31508019FD0022380F89C3246603146FFF703FE20468D
S31508019FE000F078F9354686E7416801294AD0C9B2B1
S31508019FF0FFF7F8FD397861602046FFF7ECFD064664
S3150801A00000283FD02046FFF701FF21792046FFF7B8
S3150801A010E9FD022384F89C32E4E7CA88012A7FF421
S3150801A02067AF90F89C32022B05D833B1014600235D
S3150801A03041F8083F3EE7032B04D02046FFF7E6FE2A
S3150801A040002558E7011D35E790F89C32013B022BA4
S3150801A050F3D8CB88022B7FF44BAF0123C360D0F82A
S3150801A060A4320BB10323C360022204F10C0120467A
S3150801A07000F006F93D463EE74B88012B7FF43BAFDE
S3150801A080C4F8A432204600F025F934E790F89C324A
S3150801A090013B022BD1D84B88012B7FF42CAF00232F
S3150801A0A0EEE700BFF84F012070B50B7803F06002A8
S3150801A0B0402A04460E4601D05B0616D494F89C3213
S3150801A0C0013B022B11D83379012B0ED8D4F8B832BB
S3150801A0D031469B6820469847F38805461BB910B94F
S3150801A0E0204600F0F7F8284670BD2046FFF78EFE99
S3150801A0F00025F8E770B50B7803F06003202B0446BA
S3150801A1000D4629D0402B27D0A3BB6B788A880979BD
S3150801A110012B40D0032B27D063BB90F89C32022B2E
S3150801A12059D0032B26D101F00F0312F0800F4FF0FF
S3150801A130140202FB03035DD09B8CDBB101F07F05A2
S3150801A140013505EB850500EB850511F07F035DD12A
S3150801A1502B600222294649E0D4F8B832294620461E
S3150801A1609B68BDE87040184790F89C32022B29D0AD
S3150801A170032B03D02046FFF749FE0AE06B882BB96B
S3150801A1804A0603D0EB880BB900F036F9204600F0F1
S3150801A190A1F8002070BD90F89C32022B12D0032B37
S3150801A1A0E8D16B88002BF4D14E0601D000F02BF9CB
S3150801A1B0204600F08FF8D4F8B83229469B68204625
S3150801A1C09847E6E74B06D5D000F016F980212046D8
S3150801A1D000F012F9DDE74906CCD113064CBF00F1B0
S3150801A1E0140100F5AA7100230B600222204600F033
S3150801A1F047F8CEE7B3F86431002BBBD001F07F05F1
S3150801A200142303FB050505F5AA759EE7204600F00C
S3150801A21001F908B101239BE728609AE70B780370D7
S3150801A2204B7843704B8843808B888380CB88C38067
S3150801A230704710B58021044600F0DEF8204600215B
S3150801A240BDE8104000F0D8B830B588B1002401380F
S3150801A25023460134055D002DFAD1DBB201335B00DB
S3150801A26013800B7003234B70022310F8012F02B9D8
S3150801A27030BDCA545A1CD2B202338D54DBB2F4E74C
S3150801A28010B502241346C0E90622C0F894420A46CC
S3150801A290002100F0D9F8002010BD08B513460A467A
S3150801A2A0002100F0D1F8002008BD10B5032413469B
S3150801A2B0C0E95622C0F894420A46002100F0CBF8BC
S3150801A2C0002010BD08B513460A46002100F0C3F860
S3150801A2D0002008BD08B50423C0F8943200231A46A5
S3150801A2E0194600F0B1F8002008BD08B50523C0F8E5
S3150801A2F0943200231A46194600F0ADF8002008BD2D
S3150801A30000F56F71D0F8FC03FFF774BC1C2303FB3F
S3150801A3100103D0F8FC03D3F80422FFF79BBC1C23E6
S3150801A32003FB0103D0F8FC035A6CFFF7C5BCD0F850
S3150801A330FC03FFF74DBD10B504460121D0F8FC0317
S3150801A340FFF730FDD4F8FC03BDE81040FFF702BD66
S3150801A350D0F8FC03FFF729BDD0F8FC03FFF72EBDA3
S3150801A360D0F8FC03FFF742BDD0F8FC03FFF73CBD6C
S3150801A370D0F8FC03FFF73CBDD0F8FC03FFF73ABD64
S3150801A38038B5D0F8C4424FF0A04204230025C4E9E9
S3150801A39000230223C4E90635E360256325612562A6
S3150801A3A0E562204609F06EF98021204609F03EF95A
S3150801A3B029464022204609F019F980220121204622
S3150801A3C009F014F9284638BD08B5D0F8C40209F0D1
S3150801A3D0B4F9002008BD10B51446D0F8C4021A46CF
S3150801A3E0234609F0ABFC002010BD08B5D0F8C4021D
S3150801A3F009F0D1FC002008BD08B5D0F8C40209F05F
S3150801A40039FD002008BD08B5D0F8C40209F05DFD84
S3150801A410002008BD11F0800FD0F8C4324FF01C029D
S3150801A4201BBF01F07F0102FB013102FB013191F8EB
S3150801A4303A0008BF91F8FA01704708B5D0F8C40286
S3150801A44009F06AFC002008BD08B5D0F8C40209F075
S3150801A450F1FC002008BD08B5D0F8C40209F0BEFC1D
S3150801A460002008BD08B5D0F8C40209F0DBFC08BD18
S3150801A470002370B54D1C1E46040FB0F1204F34BFA2
S3150801A4803034373401F8134005F813600133DCB270
S3150801A490A2424FEA0010EFD870BD0000122301480E
S3150801A4A00B80704704020020042301480B80704783
S3150801A4B0180200201A2310B50B800A4BD3F8100A8C
S3150801A4C0D3F8182A80180AD0D3F8144A064908225C
S3150801A4D0FFF7CEFF042210312046FFF7C9FF0348D4
S3150801A4E010BD00BF0070FF1F1E0200201C020020C5
S3150801A4F010B5044C04480A462146FFF7A5FE204636
S3150801A50010BD00BFFC4F0120174E030810B5044CBF
S3150801A51004480A462146FFF797FE204610BD00BFAC
S3150801A520FC4F0120244E030810B5044C04480A4682
S3150801A5302146FFF789FE204610BD00BFFC4F0120CA
S3150801A540374E030810B5044C04480A462146FFF75E
S3150801A5507BFE204610BD00BFFC4F0120424E03087A
S3150801A56010B5064800F040F8044620B140F6F85206
S3150801A570002112F0D1FC204610BD00BF7451012004
S3150801A5800146014800F036B87451012010B5054856
S3150801A59000F02AF8044618B17422002112F0BCFC16
S3150801A5A0204610BDFC5001200146014800F022B8A2
S3150801A5B0FC5001207047704710B50749074840F617
S3150801A5C0F853022200F01EF8BDE810400449054878
S3150801A5D07423012200F016B8785101207451012024
S3150801A5E000510120FC50012003680BB11A68026072
S3150801A5F0184670470268134613B90A600160704726
S3150801A6001B68F9E770B5002415461E460460AC427E
S3150801A61000DB70BDFFF7EEFF01343144F7E78160D7
S3150801A6207047816070470000014B1B68DB6818475B
S3150801A630686D0120014B1B681B691847686D01206D
S3150801A640014B1B685B681847686D012008B5024B0A
S3150801A6501B689B68984708BD686D0120014B1B68FC
S3150801A6605B691847686D0120C1607047C06870470B
S3150801A670014B1B689B691847686D012008B5024B99
S3150801A6801B68DB69984708BD686D0120014B186096
S3150801A69003681847686D0120062212F08FBB0B6804
S3150801A6A003608B88838070474318405C5A7840EA78
S3150801A6B00220704710B54218405C937854781B0401
S3150801A6C043EA04230343D07843EA006010BD4254A9
S3150801A6D0013189B2120A425470474B1C9BB210B51C
S3150801A6E0140A4254C4548B1C03319BB289B2140C0C
S3150801A6F0120EC454425410BD4318405C5B7843EAB9
S3150801A700002070474218405CD37843EA006390788A
S3150801A71043EA0023507843EA00407047130A43543A
S3150801A720013189B242547047130E43544B1C9BB2F4
S3150801A73010B5140CC4548B1C03319BB289B2140A8C
S3150801A740C454425410BD10B511440023934200DB92
S3150801A75010BDC45C01F8014D0133F7E70622FFF786
S3150801A760F2BF0722FFF7EFBF0822FFF7ECBF10225F
S3150801A770FFF7E9BFFFF7F2BF884228BF08467047CF
S3150801A780884238BF08467047401A70470F28DABF13
S3150801A790014BC05C3F207047504E03087047704715
S3150801A7A0074B30B40A4603F11004014653F8045B1B
S3150801A7B041F8045BA342F9D130BC0021FFF7B4BFCD
S3150801A7C0E02B030808B504490C22043012F0F6FA06
S3150801A7D0B0FA80F0400908BD774E03080D49F8B56F
S3150801A7E0421D441E0E463A2714F8015F2809FFF751
S3150801A7F0CDFF087005F00F00FFF7C8FF033101F818
S3150801A800020CA24201F8017CEED1002373740148BF
S3150801A810F8BD00BF6C6D01202DE9F843DFF84890BB
S3150801A82007460E469046002404F11003B34201DBA5
S3150801A830BDE8F8833D1911224946284612F0BEFAA9
S3150801A84010B10134A4B2EFE74046FFF7C7FF03464C
S3150801A85000F1100253F8041B45F8041B9342F9D181
S3150801A8601B782B701134EDE7614E0308154B30B593
S3150801A8701D6800216A690446084652B995F8F436F6
S3150801A880181A04D495F8FB368BB1591A12D500203B
S3150801A89017E0137B032B04D892F8DE3619441268A5
S3150801A8A0EBE7FD2B04BF92F8DE36C018F7E7401A2E
S3150801A8B0EDD41146FD2C04D0FE2CE8D0002B18BF90
S3150801A8C0084630BD806D0120064B1B68586840B1AB
S3150801A8D0B3F80A3780680F2B03D1034B984228BF78
S3150801A8E018467047806D0120C0C62D0010B5084C6A
S3150801A8F023681B68DB6898472368DB6813B19B6884
S3150801A90003B198472368002283F80E2710BD00BFBC
S3150801A910806D012010B5064C2368DB6813B1DB682E
S3150801A92003B198472368042283F80E2710BD00BF98
S3150801A930806D0120054B1B680122002183F8F3264F
S3150801A94083F8EC16A3F80E27704700BF806D012027
S3150801A9500B460749096810B48C6902462CB1A4460E
S3150801A96000215DF8044B022060475DF8044B7047EF
S3150801A970806D0120074B1B68586900B97047037B36
S3150801A980032B04D8837B012BF8D9032BF6D0006857
S3150801A990F3E700BF806D012030B5154D296891F8A0
S3150801A9A0923785B00BB3143101A80DF06EF9002466
S3150801A9B001A80DF070F950B92A6892F8A437A34294
S3150801A9C0D4BF0023012382F8933705B030BD01A80F
S3150801A9D00DF06FF9837B072BEAD1437B012BE7D176
S3150801A9E0037B032B98BF0134E2E781F89337ECE741
S3150801A9F0806D01207FB504460D462AB10B460246F5
S3150801AA000021042002F076F80A4B196801A82031C2
S3150801AA100DF03BF901A80DF03EF908B904B070BD77
S3150801AA2001A80DF046F92B46466822460021042066
S3150801AA30B047EFE7806D012007B56E23002202219A
S3150801AA4001A8ADF80430FFF7D5FF03B05DF804FBA4
S3150801AA5007B562238DF8043001220023022101A8DB
S3150801AA608DF80530FFF7C6FF03B05DF804FB00005B
S3150801AA7038B5154D2B68DB6843B15B6833B1984728
S3150801AA80044618B1FFF7E4FF204638BD2A689368E3
S3150801AA901BB15B680BB1506898472A6813685B68F5
S3150801AAA00BB1506898472B681B689B689847044602
S3150801AAB00028E9D02B68DB68002BE3D09B68002BC4
S3150801AAC0E0D09847DEE700BF806D012007B5612316
S3150801AAD08DF8043001238DF80530094B1B685A6936
S3150801AAE000234AB90122032101A88DF80630FFF790
S3150801AAF081FF03B05DF804FB12680133F1E700BF7B
S3150801AB00806D012013B505238DF800300423024614
S3150801AB100C468DF801306846002303218DF8023072
S3150801AB20FFF7D5FD0122062168468DF80540FFF796
S3150801AB3061FF02B010BD00000C4B1B680022FF210B
S3150801AB405A6183F8EC2683F8452783F8251783F895
S3150801AB504120C3F84D27A3F8512783F8532783F8D3
S3150801AB605D27A3F85E2783F854277047806D012077
S3150801AB70F0B587B00D463E218DF800101321064623
S3150801AB808DF801100127684604218DF80330002449
S3150801AB908DF80270FFF79BFD02A928468DF806403D
S3150801ABA08DF80760FFF7E6FD224668460E21FFF796
S3150801ABB08EFD224668461021FFF789FD2246684622
S3150801ABC01221FFF784FD3A46152168468DF814408F
S3150801ABD0FFF710FF07B0F0BD70B506460D46FFF743
S3150801ABE0BFFC0446C8B131460430FFF758FD4FF69D
S3150801ABF0FF7363810023A36123822375A4F8DA36E0
S3150801AC00C4F8DC36064B25731868FF22627384F88C
S3150801AC10EC26214614300DF00AF8204670BD00BF17
S3150801AC20806D012010B504461C30FFF727FD064B41
S3150801AC301868214614300DF012F82046FFF7A0FCDB
S3150801AC40BDE81040FFF742BF806D0120044B1B6829
S3150801AC501B685B690BB1022018470120704700BFCA
S3150801AC60806D0120054B1B6803F5EF63024603CB94
S3150801AC701060516018689060704700BF806D0120B0
S3150801AC8030B50588BDF80C408D4211D841889142EE
S3150801AC900ED382889A420BD8C2889A4208D303896E
S3150801ACA0A34205D84089A04234BF0020012030BD07
S3150801ACB00020FCE7024B196814310CF0E6BF00BF0F
S3150801ACC0806D01201FB5094B19680446143101A886
S3150801ACD00CF0DBFF01A80CF0DEFF28B101A80CF08F
S3150801ACE0E8FF4389A342F5D104B010BD806D012068
S3150801ACF07FB50F4B0E4619680546143101A80CF0AD
S3150801AD00C4FF01A80CF0C7FF044668B101A80CF0FE
S3150801AD10D0FF037BB3420446F3D1011D0622284620
S3150801AD2012F04CF80028ECD1204604B070BD00BFE3
S3150801AD30806D012008B5FFF7C5FF20B1BDE80840C1
S3150801AD40007BFFF793BD08BD10B50B4C236893F83C
S3150801AD50EC260AB1002010BD1B685B6933B923686C
S3150801AD6093F8F306003818BF0120F4E70120984745
S3150801AD700028F4D1EEE700BF806D012010B5094B1C
S3150801AD801B6893F8EC460CB1002010BDFFF75EFF77
S3150801AD900028F9D02046FFF769FD0028D4BF002016
S3150801ADA00120F2E7806D012010B50446FFF74EFF3A
S3150801ADB030B12046FFF7BEFF0028D4BF002001208E
S3150801ADC010BD0000044B1B6893F8EC360BB9FFF76E
S3150801ADD0EBBF0020704700BF806D0120024B1B6846
S3150801ADE093F8EC06704700BF806D0120054B1B6880
S3150801ADF093F8EC261AB9012083F8EC06704700206F
S3150801AE00704700BF806D0120024B1B68002283F842
S3150801AE10EC267047806D01202DE9F74F3A4C027BED
S3150801AE202368032AB3F8F6A6074604D8B3F8FC360E
S3150801AE30002B18BF9A464FF0010B2368B3F8EE961C
S3150801AE40B3F8F056A9F10408A5EB0905AA451FFAB6
S3150801AE5088F8BABF554601260026B8F1000F0DD06D
S3150801AE60586C0021FFF720FC236820F4405082B279
S3150801AE7042F48052586C4146FFF729FC2368A9F130
S3150801AE800201586CAAB289B20192FFF720FC97F821
S3150801AE90DE36013387F8DE3623681EB3B3F8EE16BD
S3150801AEA0019A0A44A3F8EE2623685B6C0435984494
S3150801AEB04246ABB20021022001F01CFE236883F84A
S3150801AEC0F2B61B682A469B69414602209847054601
S3150801AED06EB17889FFF768FF0028AED1284603B01E
S3150801AEE0BDE8F08FA3F8EE66A3F8F066DCE7236801
S3150801AEF01A685269002AF1D183F8F266FFF784FFCE
S3150801AF00FFF79AFDEAE700BF806D012070B5154E7F
S3150801AF103268054692F8EC0670B1506C0021FFF7CD
S3150801AF20C3FBC0F30B042046FFF73EFF28B9FFF722
S3150801AF306BFFFFF781FD572070BD2046FFF7C2FE64
S3150801AF40044628B9FFF760FFFFF776FD2046F3E7C9
S3150801AF5033680422A3F8F056A3F8EE26BDE870403C
S3150801AF60FFF75ABF806D0120014B1B68586C70476B
S3150801AF70806D0120084B1B6893F84C27027032B18B
S3150801AF80D3F84D270A60B3F851378B8070475A6B4F
S3150801AF900A601B8FF9E700BF806D01202DE9F04F8C
S3150801AFA090F803A08DB006460F464FF00009042419
S3150801AFB04FF0E20BD14501DAA74202DC0DB0BDE83C
S3150801AFC0F08F3219157A1F2DF8D804F10A08A8440A
S3150801AFD0B845F3D805F10A0304F1090131448DF89E
S3150801AFE005301368CDF806305368CDF80A302A467D
S3150801AFF04B5D8DF80E3004A88DF804B08DF80F500E
S3150801B000F4F7E6FF012205F10C0101A8FFF7F2FCAE
S3150801B010444609F10109CDE7024B0146186820307B
S3150801B0200CF012BE806D0120014B1B6898617047B8
S3150801B030806D0120244B70B5244E04460D4640F21E
S3150801B040B47200211846336011F066FF00F1490217
S3150801B050426440F29F62C0E900452369A0F8F626DA
S3150801B0601B48984733681B49D963002283F80E2782
S3150801B070194A1A63012283F8282783F8612783F876
S3150801B080A42783F84020154AC3F86427144AC3F84D
S3150801B0906827144AC3F86C27134AC3F870275E3227
S3150801B0A0C3F87427114AC3F878274FF0FA7260215A
S3150801B0B0C3F87C270E4AA3F84017BDE87040C3F8C9
S3150801B0C08027FFF739BD00BF846D0120806D0120FF
S3150801B0D03DBC0108010304010C027A00E0013000BD
S3150801B0E00800180004004800020030000600800C21
S3150801B0F00A00800C044B1A68906018B143680BB1BA
S3150801B10050681847704700BF806D0120024B0268DE
S3150801B1101B68D86058681047806D0120034B1B686F
S3150801B1205A6B02601B8F8380704700BF806D0120B8
S3150801B13070B50E4600210446FFF7B6FA41F602033A
S3150801B14098422A4D0ED0A0F50050053883B2092B36
S3150801B1500CD809280AD8DFE800F01E0909090928C8
S3150801B160090930432B68E27883F844272A6892F85C
S3150801B170F336013B82F8F3360021B3B222460120A9
S3150801B18001F0B8FC2B681B68324621469B69BDE86D
S3150801B1907040012018472968012381F85337E01CBC
S3150801B1A001F24D71FFF7E6FAE0E7E3782A68003B1A
S3150801B1B018BF012382F89137D8E7E37929684BB19B
S3150801B1C0012B0BD0237A81F8B23704F1090001F279
S3150801B1D0AC71E7E7022381F85E37F3E70323FAE761
S3150801B1E02B68012283F85E27C0E700BF806D012026
S3150801B1F0F8B505460E46FFF7A7FD0446D0B10E4F32
S3150801B2002B883968A1F82237FFF7F0FD4C6C3246D6
S3150801B2102946204601F086FB01462046FFF788FFAE
S3150801B220041E03DB3B681B685B691BB9FFF7ECFD72
S3150801B230FFF702FC2046F8BD806D01200FB407B563
S3150801B24004A951F8040B0191FFF7D2FF03B05DF889
S3150801B25004EB04B07047000007B560238DF804308D
S3150801B260074B1B68012293F80E378DF80520032139
S3150801B27001A88DF80630FFF7BDFB03B05DF804FBA6
S3150801B280806D0120F0B5AF4D2B68B3F8F02697B065
S3150801B290CAB1586C0021FFF707FAC0F30B0630460E
S3150801B2A0FFF710FD044648B13046FFF77DFD50B162
S3150801B2B0204617B0BDE8F040FFF7AEBD2B68A3F8EE
S3150801B2C0F006A3F8EE06FFF73FFD00285CD02968D3
S3150801B2D091F80E37022B40F05D8191F84C3723B176
S3150801B2E091F85337002B00F0558101F5EB610BA856
S3150801B2F00CF0CBFC0BA80CF0CEFC064630B10BA823
S3150801B3000CF0D7FCC37A13F0060FF3D02C6894F827
S3150801B3105D374BB194F8602762BB94F85C1794F8D3
S3150801B320622709B102F0010394F85E27911E0129EB
S3150801B33022D8032A00D10EBB94F85F17B1FA81F11E
S3150801B340490994F8910770B194F894775FB994F81C
S3150801B35093C794F89D77BCF1000F04D0002F0CBF5A
S3150801B360002006F001005BB1002284F85D27114632
S3150801B370754863E01346D7E70021E2E73146E0E77F
S3150801B38021B17248FFF75AFF17B0F0BD28B184F80A
S3150801B39091176F48FFF752FFF6E794F860377BB1CC
S3150801B3A084F8600794F86207B4F86637B4F8642736
S3150801B3B094F86117019094F84C0700906548B8E134
S3150801B3C094F894375F071CD594F89D07B4F8982725
S3150801B3D0B4F8961723F0040384F8943794F89A3747
S3150801B3E0049094F89C07039004F29E70029094F8D6
S3150801B3F09B07019094F84C0700905748FFF71EFFEA
S3150801B400C2E7DF071DD523F0010384F894371F220D
S3150801B4100EA811F081FD94F88827D4F884170EA890
S3150801B420F4F7D6FD94F8881704F134020EA8FFF74D
S3150801B430F3F92B68494893F888170EAAFFF7FEFE19
S3150801B440A2E79F071CD523F0020384F89437014627
S3150801B4501F220EA811F060FD94F89027D4F88C17D6
S3150801B4600EA8F4F7B5FD94F8901704F134020EA866
S3150801B470FFF7D2F92B683A4893F890170EAADDE739
S3150801B480012A00F0878076BB2B6893F85C27002A8F
S3150801B4906ED1B3F85E27B2F5407F71D100200E90C8
S3150801B4A0ADF83C00B3F87257B3F87627B3F87417BA
S3150801B4B00895B3F870570795B3F86E570695B3F81C
S3150801B4C06C570595B3F86A570495B3F86857039509
S3150801B4D093F84C3700900EACCDE90143214801237E
S3150801B4E0FFF7ACFE50E704F5EB610BA80CF0CDFBBA
S3150801B4F00BA80CF0D0FB0028C6D00BA80CF0D9FB82
S3150801B500C37A5E07044606D523F00403817AC3721B
S3150801B510021D154892E7980708D523F0020343F060
S3150801B5200103A17A1148E372221D87E7D907DFD4FF
S3150801B5302868214600F5EB600CF091FB2046FFF7E1
S3150801B5403AF8D5E7806D012040500308C04F03083B
S3150801B55010500308485003082050030818500308E0
S3150801B56050500308B84F030808500308A84F0308AA
S3150801B57093F85D27002A8CD1012183F85D17F7E638
S3150801B58093F8932732B193F891271AB9012183F8D1
S3150801B5909117FEE62C6867693E466EBB94F80E372E
S3150801B5A0032B00F07482052B00F0C182012B7FF476
S3150801B5B0EBAE94F80F371C2B40F2C080383BDAB259
S3150801B5C0082A3FF6E1AE082B3FF6DEAE01A252F895
S3150801B5D023F000BF57BA010889B301086FBA0108F9
S3150801B5E089B3010861BA010889B301087DBA01085E
S3150801B5F089B3010887BA0108B37B022B26D0082B29
S3150801B6002CD0002B34D1B4F87207B4F87627B4F8E5
S3150801B61074170890B4F870070790B4F86E07069087
S3150801B620B4F86C070590B4F86A070490B4F868078B
S3150801B630039094F84C070290301D0190307B0090DE
S3150801B640BA48FFF7FBFD0123B3739DE60323B84808
S3150801B650B37317B0BDE8F040FFF7F0BD0923B37324
S3150801B66013227189B34817B0BDE8F040FFF7E6BD6C
S3150801B670092B61D0B3699A0309D523F4003371897B
S3150801B680AD48B36117B0BDE8F040FFF7D7BD338ABF
S3150801B69013F4807006D023F4807333820923B373BD
S3150801B6A00522DEE796F8DF36052B19D0062B2AD0B8
S3150801B6B0032B2DD100204FF6FF7486F8DF06B6F866
S3150801B6C0E436B6F8E2267189CDE90204B6F8E80649
S3150801B6D00190B6F8E60600909848FFF7AFFD53E6E5
S3150801B6E04FF6FF7486F8DF06B6F8E436B6F8E226B2
S3150801B6F07189CDE90204B6F8E8060190B6F8E606BE
S3150801B70000908F48E9E786F8DF0620218D48B9E7DA
S3150801B71096F8EC26FF2A0FD096F9EF067189FF23D2
S3150801B72086F8EC3696F8ED36019096F8EE06009016
S3150801B7308548FFF783FD27E636682EE71C2B3FF67B
S3150801B74023AE01A252F823F0BDB7010889B3010857
S3150801B750EDB7010889B30108FDB7010889B30108E6
S3150801B7603FB8010889B30108C3B8010889B30108BC
S3150801B77009B8010889B3010889B3010889B3010821
S3150801B78013BA010889B3010891B8010889B30108F8
S3150801B790F3B9010889B3010833B8010889B3010867
S3150801B7A01BBA010889B3010825BA010889B301083A
S3150801B7B02FBA010889B3010839BA0108FFF7BCF99C
S3150801B7C004F5E260C821FEF749FF28685F4900F5DC
S3150801B7D0E260FEF724FF286800F5E260FEF748FFFD
S3150801B7E02B68012283F80F27594832E75948FFF792
S3150801B7F025FD2B68032283F80F27C5E55648FFF771
S3150801B8001DFD2B680522F6E7FFF796F904F5E260B8
S3150801B810C821FEF723FF28684C4900F5E260FEF7C8
S3150801B820FEFE286800F5E260FEF722FF2B680B2270
S3150801B830D8E7FFF781F9152384F80F37D4E7FFF71F
S3150801B84043F8A368616CDB6898472C680021606C33
S3150801B850FEF72AFF2B68A4F822070722586C83F8FB
S3150801B8600F2781780331FFF763FC2868B0F80A3798
S3150801B870302B7FF489ADC82100F5E260FEF7EEFEB4
S3150801B880286800F5E26017B0BDE8F040FEF7F0BEA3
S3150801B890FFF71AF8A368616CDB6898472C680021E2
S3150801B8A0606CFEF701FF2B68A4F822071122586C79
S3150801B8B083F80F278178033117B0BDE8F040FFF709
S3150801B8C037BCA36873B19B6863B1606C984784F809
S3150801B8D02007286890F82037012B09D0022B3FD082
S3150801B8E0032B62D12B680F2283F80F271B48B0E67A
S3150801B8F0092380F80F372E68706C00218478FEF7CB
S3150801B900D3FE2A68A6F8220703342346526C00217F
S3150801B910012001F0EFF82B681A68596C9569012026
S3150801B92022462B4617B0BDE8F0401847B84F030822
S3150801B930C04F0308A04F030890500308B04F0308EF
S3150801B94000500308F84F03083050030899BB010853
S3150801B9509850030888500308705003087850030864
S3150801B960C82100F5E260FEF779FE28687E4900F5F0
S3150801B970E260FEF754FE286800F5E260FEF778FEFD
S3150801B9802A68B2F80A370A2B0DD153685BB1936856
S3150801B9904BB11368DB6933B1FEF796FF18B107237C
S3150801B9A082F80F37A7E70C23FAE7B0F80A370F2B07
S3150801B9B001D05A2B96D1436853B1826842B1D268F5
S3150801B9C032B10268D2691AB1996809B158689047C3
S3150801B9D028680D2380F80F374FF4967100F5E26059
S3150801B9E0FEF73CFE2868604900F5E260FEF717FE9F
S3150801B9F046E7A368616C1B6904F2A57098472C6831
S3150801BA000021606CFEF750FE2B68A4F8220713226A
S3150801BA104DE70F2384F80F3768E71723534884F84F
S3150801BA200F3716E61923524884F80F3711E61B23F8
S3150801BA30504884F80F370CE61D2384F80F3794F81D
S3150801BA4004374D485B064CBF6FF040426FF06042C9
S3150801BA504FF0FF3107E63923484884F80F37F8E5F0
S3150801BA603D234749474884F80F370022FBE53B2326
S3150801BA70454884F80F3700220121F4E53F2343485E
S3150801BA8084F80F37E5E5412384F80F378AE494F8FB
S3150801BA900F37482B24D8462B7FF676AC04F5EB6195
S3150801BAA00EA80CF0F2F80EA80CF0F5F810BB2868F1
S3150801BAB044696CB36589FFF747F900283FF464AC1C
S3150801BAC0A37B092B3FF460AC09231621A3732846EF
S3150801BAD0FFF718F82046FFF7A5F813222946C1E50E
S3150801BAE04A2B7FF451ACFEF701FF17B0BDE8F040D1
S3150801BAF0FFF7B2BB0EA80CF0DCF80446286821460D
S3150801BB0000F5EB600CF0ABF82046FEF754FDCAE7EA
S3150801BB1090F80F37482BE6D1492380F80F373221A1
S3150801BB2000F5E260FEF79AFD286819495CE794F882
S3150801BB300F37432B05D0452B7FF426ACFEF7EAFEDB
S3150801BB40D3E7002FFAD0FFF7FFF800283FF41CAC23
S3150801BB50798910481322FFF771FB384617B0BDE8FB
S3150801BB60F040FFF75FB800BF99BB010860500308B2
S3150801BB706850030880500308A0500308E84F0308DB
S3150801BB80FF09080028500308A8500308F04F0308C6
S3150801BB9005C60108A04F030810B51F4C236893F882
S3150801BBA00F27013A0C2A35D8DFE802F00734343476
S3150801BBB034341834343415112C00002283F80F2735
S3150801BBC0012283F8F326BDE81040FFF75BBB1B682B
S3150801BBD01B6A03B1984723680A22EFE71B68DA69EB
S3150801BBE012B1FEF771FE90472368B3F80A270A2AAD
S3150801BBF010D11B681B6A03B1984723680A2283F888
S3150801BC000F27E0E70F2283F80F27BDE81040034806
S3150801BC10FFF714BB10BD00BF806D012078500308E3
S3150801BC2008B5054B1B68022283F80E27FFF714FB9C
S3150801BC30BDE80840FFF726BB806D01202DE9F04FCE
S3150801BC401346074687B00C4616460A46012100F0F8
S3150801BC5051FF022F00F03C84042F40F0548463788E
S3150801BC6002339E4240F04F842378132B15D8042BB8
S3150801BC701DD9053B0E2B1AD8DFE813F01F02190050
S3150801BC801900030219001900190019001900920078
S3150801BC909901680219001900D6016E2BA24F00F00E
S3150801BCA06182FF2B00F031833E2B00F06C829E4FA0
S3150801BCB03B6893F80E37012B40F0538323780E2BFC
S3150801BCC040F02C8303212046FEF7EEFC3B68B3F8CF
S3150801BCD02287A8EB0005D5F1000848EB050823786B
S3150801BCE00F2B0DD104212046A578FEF7DDFC3B6814
S3150801BCF0B3F82237834203D1002D18BF4FF001084C
S3150801BD003D6895F80F17092940F00B832378FF2B17
S3150801BD1040F06D846B68002B00F05A83A86840B127
S3150801BD20C06830B12A68D06918B19868003818BF58
S3150801BD30012095F8AB37002B00F04C83AB68002B3C
S3150801BD4000F048831B69B3F1000818BF4FF00108DA
S3150801BD5095F80F371D2B00F23F831D2B00F2458303
S3150801BD60DFE813F04F035203430343034303570327
S3150801BD7043035C0343036E0343036903430343031A
S3150801BD804303700343038203430390034303980366
S3150801BD9043039A0343034303430343034303B003A0
S3150801BDA0A378614D003B2A6818BF012382F8F33650
S3150801BDB003212046FEF778FC41F20903984229D867
S3150801BDC0B0F5805F0BD840F6144398427FF46FAF05
S3150801BDD06379002B7FF46BAF84F8FE3067E7A0F533
S3150801BDE08050013808283FF662AF01A353F820F0C6
S3150801BDF003BF01082DBF0108EFBE0108AFBC01084A
S3150801BE005BBE0108AFBC0108AFBC0108AFBC0108A5
S3150801BE10E3BE010842F20203984247D042F20F03F9
S3150801BE20984259D041F2054398427FF440AF63796D
S3150801BE30002B7FF43CAFE5238DF80C3003238DF8F6
S3150801BE400D30E388ADF80E300122237A8DF81030D3
S3150801BE50052103A8FEF7CEFD29E72B6893F80E37CF
S3150801BE60012B7FF424AF06212046FEF71DFC40F284
S3150801BE709F61277AFEF780FC2B6840F29F61A3F841
S3150801BE80F6063846FEF778FC2B68092183F8F90689
S3150801BE902046FEF709FC2B680B2183F8F406204699
S3150801BEA0FEF702FC2B6883F8F80600E70621204610
S3150801BEB02F68FEF7F9FB2B68A7F8FC06227A83F8A8
S3150801BEC0FB26B3F8FC26B2F5D46FFFF4F0AE40F2C8
S3150801BED09F62A3F8FC26EAE62B68A27983F8542721
S3150801BEE0E5E62968A01D3431FEF744FCDFE62A6839
S3150801BEF0D4F80630C2F80037D4F80A30C2F8043745
S3150801BF00D5E60A212046FEF7CFFB40F231139842C7
S3150801BF1005D120460F220A21FEF7D9FB0F202B68EF
S3150801BF20A3F80A07C3E600BF806D0120237E207DA2
S3150801BF3094F829102A6803F0080343EAD01394F801
S3150801BF402800000100F010000343880000F02000DB
S3150801BF504900034301F040010B43A17EC90021F0CA
S3150801BF607F010B43A17F490901F002010B43217CA3
S3150801BF70890801F004010B4382F8083794F8261062
S3150801BF8094F8293088085B00890001F0080103F05C
S3150801BF9004030B43217AC1F380110B4300F002011C
S3150801BFA00B4300F010010B4382F809377FE6E3786B
S3150801BFB0B74F003B3A6818BF012382F8F336237856
S3150801BFC00F2B7FF474AE04212046FEF76DFBB14BAF
S3150801BFD01B8883427FF46BAE386894F8029090F818
S3150801BFE0B28700F2AC704146FEF782FE0546386814
S3150801BFF00023FE22C0F8AC37A0F8B03780F8B22784
S3150801C000B9F1000F3FF453AEB8F1030F98BF80F8AA
S3150801C0105E37002D3FF44BAE294614300BF01FFE58
S3150801C0202846FEF7ADFA42E6022E40F26C8294F8F3
S3150801C0300290032707EB89039E4240F064824FF082
S3150801C0400008C246C845BFF632AE39462046FEF755
S3150801C0502BFBB91C83462046FEF726FB0546CBF388
S3150801C0600B00FEF72FFE40B190F8DE369D429ABFCF
S3150801C0705D1B80F8DE5680F8DEA608F10108043754
S3150801C080E0E703212046FEF70FFBFEF71BFE00281B
S3150801C0903FF40DAEA378002B7FF409AE637943B163
S3150801C0A0037B032B3FF603AE836943F48033836135
S3150801C0B0FDE5836923F48033F9E7A578002D7FF43C
S3150801C0C0F6ADDFF8CC8103212046FEF7EDFAD8F864
S3150801C0D00030B3F8F026074692B1586C2946FEF7A8
S3150801C0E0E3FAC0F30B039F420AD1D8F8003093F85C
S3150801C0F0F226A3F8F056A3F8EE560AB9FEF784FE1F
S3150801C1003846FEF7DFFD054600283FF4D0AD0A2381
S3150801C1108373038A5F0412D5E122837C8DF80C2090
S3150801C1200DF10F01072204308DF80D208DF80E3020
S3150801C130FEF720FB0122092103A8FEF75BFC2B7BF6
S3150801C140032B3FF6B4ADFEF727FCB0E5504B1B6851
S3150801C1505B6A13B1A0789847A9E5FEF7C7FBFEF716
S3150801C16087FCA4E53B681A685269002A00F0CB816E
S3150801C170002283F8F226B3F8F036002B7FF497AD48
S3150801C180FEF742FE93E5A378013B052B3FF68FADFB
S3150801C19001A252F823F000BFC7C10108B1C10108C5
S3150801C1A06DC20108AFBC0108AFBC010899C20108FC
S3150801C1B03B6893F85C37002B3FF479AD314620464E
S3150801C1C0FEF7ECFE73E503A904F10800FEF7D2FABF
S3150801C1D094F8078003A84146FEF78AFDE3780546E9
S3150801C1E093B1022B3A6808D1B8F1030F9CBF00231B
S3150801C1F082F85E37FEF7BEFB0546002D3FF457ADC4
S3150801C200294602F1140009E7A2795ABBB8F1030FCE
S3150801C21002D83B68A3F85E273DB9414603A8FEF755
S3150801C220DBFC054600283FF442AD0723AB73A3792F
S3150801C2306B7304212046FEF737FA0E2168812046E2
S3150801C240FEF732FAA5F8EA06A379012B01D1FEF722
S3150801C250A3FB1723A5F81E37002385F82237FEF717
S3150801C26035FC24E53A6882F89137D5E7042120465A
S3150801C270FEF71AFAFEF726FD054600283FF417AD24
S3150801C28006212046FEF710FAA5F8EA060FE500BFD3
S3150801C290806D0120B84F030803212046FEF704FAF2
S3150801C2A0FEF710FD054600283FF401AD052120469D
S3150801C2B0FEF7FAF9072182462046FEF7F5F9092124
S3150801C2C081462046FEF7F0F90B2180462046FEF707
S3150801C2D0EBF9074603A8FEF7C5FC009743464A460D
S3150801C2E0514603A8FEF7CCFC58B1052385F8DF367D
S3150801C2F0A5F8E2A6A5F8E496A5F8E686A5F8E876EF
S3150801C300D5E4062385F8DF36D1E43B68B3F80A2776
S3150801C3100A2A04BF012283F8F326C8E44FF000086D
S3150801C320DDE4072907D12378FF2B40F0608101233B
S3150801C33085F8F336EEE4B8F1000F40F05081237822
S3150801C3400E2B0ED1032940F038812046FEF7ACF9B1
S3150801C350AA4B1B88834240F02C813B68022283F852
S3150801C3600F273B68B3F80E2744F205439A4210D1CA
S3150801C37023780E2B0DD103212046FEF795F9A04B04
S3150801C3801B88834201BF3A6892F80F37013382F856
S3150801C3900F37002231462046FEF72CFB2378052B62
S3150801C3A00DD1A3785BB903212046FEF77DF9FEF787
S3150801C3B089FC20B1837B0A2B01D1FEF733FC07B038
S3150801C3C0BDE8F04FFEF75EBF012385F80F37A1E4FC
S3150801C3D01846AEE49846BBE4392B64D00CD82F2B0B
S3150801C3E070D0372B6ED02B2B63D03A6892F80F3763
S3150801C3F0013382F80F37B4E7412BF6D1FFF710FC6A
S3150801C400AFE7012385F80F3705F5E260FEF736F940
S3150801C410EBE7A8B1062385F80F37A2E7B5F80A377F
S3150801C420302B05D020B1FEF74FFA2B68DB69984708
S3150801C4303B68082293E705F5E260FEF71FF9F7E77F
S3150801C4400823E8E758B195F82037032B07D0B5F844
S3150801C4500A370F2B01D05A2B01D11023DBE7B8F18C
S3150801C460000F17D01223D6E720B1FEF72DFA2B6855
S3150801C470DB6998473B68B8F1000F01D012226EE7D5
S3150801C48016226CE7B5F80A37302B01D0132B01D1E8
S3150801C4901423C0E71623BEE795F80837D8074CBF1B
S3150801C4A018231A23B7E795F8083799079DD43C232B
S3150801C4B0B1E795F840301BB195F809379A0794D436
S3150801C4C02E23A8E795F804375B0697D53823A2E704
S3150801C4D000212046FEF7E8F8C0F30B00FEF7F2FB51
S3150801C4E039460546204694F80180FEF7DDF80746E9
S3150801C4F04DB100F10409B14505D1C8F30113012B6A
S3150801C50004D0022B2AD007B0BDE8F08FB5F8DA06B9
S3150801C5100028F8D0C319B3F5D56F03DB0023A5F8B6
S3150801C520DA36F0E73230211D3A462844F3F750FD52
S3150801C530B5F8DA16B5F8DC36394489B208339942C2
S3150801C540A5F8DA16FFF43BAF05F13200FEF700FA5B
S3150801C5500023A5F8DC36A5F8DA3630E7B5F8DA3679
S3150801C56013B10023A5F8DA3604212046FEF79CF814
S3150801C57000F104084745064605D31FFA89F1204606
S3150801C580FEF7E6F91BE740F2A3639F42BBD84A468A
S3150801C590214605F13200F3F71BFDA5F8DA96A5F851
S3150801C5A0DC661FFA88F2042105F13000FEF78FF8E0
S3150801C5B005E723780E2B7FF4D4AE3B6893F80F3743
S3150801C5C00F2B7FF4CEAE03212046FEF76DF80B4BF9
S3150801C5D01B8883427FF4C5AE3B680E22BFE600295D
S3150801C5E03FF4F2AE0A297FF495AB0B23EDE6B8F1D9
S3150801C5F0000F3FF4A4AEFFF78DBB00BF98500308A8
S3150801C600B050030808B5054B1B684A2283F80F2763
S3150801C610FEF722FEBDE80840FEF734BE806D012014
S3150801C62008B51F4B1B6893F80E27052A0FD8DFE8B4
S3150801C63002F0030B1A222925012808D1FEF718FA58
S3150801C64050B9FEF777F902E038B1022808D0FEF7AB
S3150801C65003FEFEF717FE002008BDFEF747F9F6E7C9
S3150801C660FEF758F9F3E7C0B10228F0D144F20532D2
S3150801C670A3F80E27EBE70128F6D1E2E768B101280E
S3150801C680DFD0E4E748B10128E1D1DB68002BD8D037
S3150801C6901B69002BD5D09847D3E744F20372E7E725
S3150801C6A0806D0120034B1B68002283F85C27FEF787
S3150801C6B0E9BD00BF806D012058B50C460646FEF758
S3150801C6C017FB014610BB032C04D81D4B1B6893F8B6
S3150801C6D05F379BBB21463046FEF77EFA024630B9E4
S3150801C6E0204656233146FEF743FA932058BD032CBC
S3150801C6F09EBF134B1B6802214FF0000498BF83F8B5
S3150801C7005F178473FEF7BEFD0020EFE7007B032861
S3150801C71002D88B7B012B06D80C2300220431FEF7A5
S3150801C72027FA9520E2E70A2B02D100248C73E9E760
S3150801C7304A8900230431FEF71BFAE3E70C20D5E703
S3150801C740806D0120064B1B6893F8942783F88807A8
S3150801C75042F00102C3F8841783F89427FEF792BDC5
S3150801C760806D0120064B1B6893F8942783F8900780
S3150801C77042F00202C3F88C1783F89427FEF782BDAC
S3150801C780806D0120F0B4114C049D24689DF8147045
S3150801C7909DF81860A4F89607A4F8981784F89A27BC
S3150801C7A084F89B3784F89C7784F89D672B68C4F8CE
S3150801C7B09E37AB88A4F8A23794F8943743F004035C
S3150801C7C084F89437F0BCFEF75DBD00BF806D01208B
S3150801C7D008B5064B00381B6818BF012083F8920775
S3150801C7E0FEF7DAF8BDE80840FEF74CBD806D01207A
S3150801C7F0084B1B6893F84C27824209D093F8942773
S3150801C80083F84C0742F0040283F89427FEF73ABDF1
S3150801C810704700BF806D012010B50446FEF752FA35
S3150801C820014620B92046FEF76DF9002010BD837B2D
S3150801C8300A2BFAD008238373FEF724FDF5E708B51A
S3150801C840FEF740FA38B1007BFC280AD004D8022842
S3150801C85034BF0320002008BDA0F1FD03584258410A
S3150801C860F9E70220F7E70000024B1B6893F80E0769
S3150801C870704700BF806D012008B5FEF723FA38B16D
S3150801C880037B032B05D890F8FE3623B190F80107F0
S3150801C89008BD0020FCE71846FAE708B5FEF712FAC4
S3150801C8A038B1037B012B05D890F8FE3623B190F8F1
S3150801C8B0FF0608BD0020FCE71846FAE708B5FEF7AB
S3150801C8C001FA38B1037B012B05D890F8FE3623B15E
S3150801C8D090F8000708BD0020FCE71846FAE708B5F6
S3150801C8E0FEF7F0F948B190F8FE3623B190F8FF3615
S3150801C8F00BB190F80937184608BD0346FBE7000057
S3150801C900074B1B6893F80E27032A08D193F80F27BC
S3150801C910472A01D04A2A02D1482283F80F277047AD
S3150801C920806D01200B882DE9F74303700B881B0ADC
S3150801C93043704F6806461446013F032517F8013F21
S3150801C9402BB9EB1EA8B2B37003B0BDE8F083313B37
S3150801C9501F2BF3D801A252F823F000BFDDC9010845
S3150801C960DDC90108FFC90108FFC901083DC9010858
S3150801C9703DC901083DC901083DC901083DC901086C
S3150801C9803DC901083DC901083DC901083DC901085C
S3150801C9903DC901083DC901083DC90108C1CA0108C7
S3150801C9A021CA01083DC9010845CA010857CA010833
S3150801C9B03DC901083DC90108DDC901083DC901088C
S3150801C9C03DC90108E3CA01083DC901083DC9010875
S3150801C9D067CA01083DC90108A7CA010854F8041B1A
S3150801C9E071558BB23978322905F1010203D11B0A37
S3150801C9F0B3540235A2E74829F9D015469EE754F8FB
S3150801CA00043B73557219190A180C517090703A78CB
S3150801CA10342A05F103016BD11B0E735404358DE7D6
S3150801CA2054F8043B5A797255721919795170D978A3
S3150801CA3091709978D17058781071691D1A78725465
S3150801CA4006357BE754F8042B13687351711953683B
S3150801CA504B60083572E7701954F8041BF022F3F796
S3150801CA60B7FAF0356AE754F8041B01910846F3F75B
S3150801CA70C7FC1FFA80F8B8F1F80FC14628BF4FF076
S3150801CA80F80901994A467019F3F7A2FAB8F1F70FAE
S3150801CA9007D809EB0500C9F1F8020021304410F066
S3150801CAA03BFAF8354AE754F8043B721903F11001C9
S3150801CAB053F8040B42F8040B8B42F9D110353DE7C4
S3150801CAC054F8043B721903F11C0153F8040B42F89C
S3150801CAD0040B8B42F9D1198811809B7893701F3505
S3150801CAE02CE754F8040B10227119FDF72CFEE5E723
S3150801CAF00D4623E72DE9FF41DFF86080D8F800509D
S3150801CB0015B3134C2478FCB1124C2768002F13DD9A
S3150801CB10114C2668B7420CDC2D6855B10027CDE9C2
S3150801CB200223CDE900012760A847DDE90223DDE9F3
S3150801CB300001256801352560D8F800406468A446D7
S3150801CB4004B0BDE8F041604704B0BDE8F08100BF1C
S3150801CB50447501203C750120407501203875012076
S3150801CB60014B1B685B69184748750120044A012374
S3150801CB701370044A00211180034A1380704700BFCD
S3150801CB804E750120F67B01204C750120044B0549A1
S3150801CB901A88054B05481B6809881B6A10441847FB
S3150801CBA0F67B01204C75012048750120517501203D
S3150801CBB0094B13B51A88013A92B20192FFF7D6FFCB
S3150801CBC00649074B0C689878019AD91C234602B086
S3150801CBD0BDE81040184700BFF67B0120540200202B
S3150801CBE04F750120024B1878431E58425841704729
S3150801CBF0F87B012008B503460846022100F8013DE5
S3150801CC00044B1970044B1B6801325B6A91B2984751
S3150801CC10002008BDF87B012048750120044A00233D
S3150801CC201370044A1370044B1B689B68184700BFAE
S3150801CC30F87B01204E75012048750120014B1860CB
S3150801CC40704700BF540200207047000038B5244AD7
S3150801CC50244D13882988244C0B4413802378052BEB
S3150801CC6013D8DFE803F034031E232E311F4B9B78BC
S3150801CC70032B13D0042B05D0022B1FD104232B80A1
S3150801CC80032301E002232B8023702378052B23D16C
S3150801CC902B88FBB1BDE83840FFF778BF2B8004230A
S3150801CCA0F2E7124B1B792B800523EDE71048032188
S3150801CCB0FDF7FAFCB0F5D46F2880F5D3FFF756FFD8
S3150801CCC0E3E70A4B5B79EEE7FFF772FFDDE700233F
S3150801CCD02B80DAE7FFF76CFF2378002BDAD138BD12
S3150801CCE0F67B01204C7501204E7501204F750120F8
S3150801CCF051750120054B1A78022A06D101211970AE
S3150801CD00034B04491B68042018477047F87B012028
S3150801CD1054020020E450030810B5E8B10278DAB9E4
S3150801CD200E4B41681960C16859604169D96001694A
S3150801CD3099600B490B4C0A700B490A702268184610
S3150801CD401268904723680948DB68984723680848AA
S3150801CD501B69BDE81040184710BD00BFFC7B0120C8
S3150801CD60F87B0120487501204E7501204DCC01083C
S3150801CD70F5CC0108074B1B6810B55B689847044654
S3150801CD8030B9FFF7F3FEFFF701FF034B01221A70D3
S3150801CD90204610BD48750120F87B0120014B18601B
S3150801CDA00148704748750120BC5003081FB5044661
S3150801CDB0074901A80AF069FF01A80AF06CFF28B122
S3150801CDC001A80AF076FFC388A342F5D104B010BDC5
S3150801CDD0147C01200CB430B585B004460D46FDF728
S3150801CDE0F1FF98B1FEF702F8FEF7BEF809AB039317
S3150801CDF000932A469DF82030214600F0F7FAFEF7FF
S3150801CE0085F805B0BDE8304002B070475720F8E70D
S3150801CE102DE9F041404D414C88B02B6823B1268855
S3150801CE203046FDF7CFFF58B905A8FDF743FF3C4D3E
S3150801CE30032605A80AF02FFF90BB08B0BDE8F081CC
S3150801CE402868A27894F803E0E38801382860214627
S3150801CE500027B84201F108080DDCBEF1140F15D000
S3150801CE60BEF11F0FD9D10021CDE9001130460121AC
S3150801CE70FFF7B0FFD1E7D1F808C0C1F800C0D8F86C
S3150801CE8004C0C1F804C001374146E2E70393002311
S3150801CE90CDE90133009315213046FFF79BFFBCE727
S3150801CEA005A80AF006FF037B012B0446C1D8408971
S3150801CEB0FDF788FF0028BCD094F8DF26022A1CD08B
S3150801CEC0042A24D0012AB4D1002384F8DF362B782A
S3150801CED0B4F8E8166089FF2B1CBF5A1CD2B2B4F805
S3150801CEE0E2362A700291B4F8E6160191B4F8E4160E
S3150801CEF000911221FFF76EFF9BE784F8DF66002396
S3150801CF0094F8E02660891321FFF764FF91E700236F
S3150801CF1084F8DF360123F3E7587C0120407C0120A1
S3150801CF203E7C0120F0B51F4D85B00026294601A893
S3150801CF300AF0ABFE01A80AF0AEFE08B905B0F0BDCD
S3150801CF4001A80AF0B6FE0379032B0446F2D1037B46
S3150801CF50002BEFD0FDF712FF0028EBD0214628461B
S3150801CF600AF07DFE214628460AF06EFE2379032B38
S3150801CF70DCD1A7682673E48878230221224668460D
S3150801CF808DF800308DF80110FDF7A1FB04236A46E0
S3150801CF9018460021FFF7AEFD04236A4621461846C6
S3150801CFA0B847C3E7147C012008B51378132B0AD0B8
S3150801CFB005D80F2B0CD0BDE80840FFF729BF612B18
S3150801CFC001D06E2BF7D1FFF723FFFFF7ABFFF2E78F
S3150801CFD0FFF71EFFEFE700002DE9F04F072B87B09B
S3150801CFE014461D4640F2EE8000211046FDF75CFB13
S3150801CFF0C0F30B063046FDF765FE002800F0E28017
S3150801D000037BFD2B2ED006212046FDF74DFB052877
S3150801D01012D0062800F0C580042823D1FFF7C6FEE2
S3150801D02000B38768F7B1A5F108039BB204F10802BA
S3150801D03031460820B84715E00A212046677AFDF7E8
S3150801D04033FB0C30A8420DD8257A04F108080221D1
S3150801D0504046FDF729FB122D09D0132D64D0072D63
S3150801D06040F08A8007B0BDE8F04FFFF7D1BE072828
S3150801D07040F282803046FDF725FE054670B3437BB4
S3150801D080002B79D103A8FDF7EDFD04214046FDF7F4
S3150801D0900BFB062182464046FDF706FB082183461F
S3150801D0A04046FDF701FB0A2181464046FDF7FCFA99
S3150801D0B04B46804600905A46514603A8FDF7E0FDC7
S3150801D0C070B3022385F8DF36A5F8E2A6A5F8E4B61B
S3150801D0D0A5F8E696A5F8E88685F8E0763B4D2B682F
S3150801D0E0002BBFD076238DF80C303246082303A8CF
S3150801D0F002218DF80D30FDF7EAFAE068216904ABE3
S3150801D10003C30C230DEB030200210420FFF7F2FCF5
S3150801D1100C232C680DEB030200210420A047A1E78C
S3150801D120042385F8DF36D7E7012825D904214046A7
S3150801D130FDF7BAFA0424772305463246022103A8E5
S3150801D1408DF80C308DF80D40FDF7C1FA2A462146B7
S3150801D15003A8FDF7BCFA062303AA00212046FFF718
S3150801D160C9FC1A4B1D68002D3FF47CAF062303AAA0
S3150801D17000212046A84775E715490A68022A3FF79C
S3150801D18071AF144B23F8326003EBC2031F20D8702A
S3150801D190002001329F709880D8800A60FFF738FE18
S3150801D1A060E7FFF703FE00283FF45CAF8768002FAE
S3150801D1B03FF458AFA5F108039BB204F108023146C2
S3150801D1C0092037E707B0BDE8F08F00BF187C0120BA
S3150801D1D0587C0120407C0120124A38B5002313608F
S3150801D1E0114A124CFF211170114A12491360124A51
S3150801D1F023601380032504232046CB800D710AF092
S3150801D20016FD0E4906232046CB800D710AF00FFD47
S3150801D2100B480C4B4360FDF7FFFEBDE838400A4852
S3150801D220FDF702BF587C01203E7C0120147C0120B9
S3150801D230187C01201C7C01203C7C01202C7C0120CF
S3150801D2400C7C0120A9CF0108D9CF01083F2908B5CF
S3150801D250084608D8FFF7AAFD28B101230373BDE8DC
S3150801D2600840FFF75FBE08BDFDF7ACBD08B5FDF781
S3150801D2707BFE083008BDFDF7B9BDFDF7C5BDF8B59C
S3150801D28006460F461446FDF7A9FD00B33046FDF7DD
S3150801D2908BFDE0B1FDF768FE324600210546FDF734
S3150801D2A016FA221D284692B20221FDF710FA2246E5
S3150801D2B028460421FDF70BFA28463A460621FDF7CA
S3150801D2C006FA04F10800BDE8F840FDF71FBE57202D
S3150801D2D0F8BDF8B505460E4617461C46FDF772FD1C
S3150801D2E078B1FDF783FDFDF73FFE22463946083042
S3150801D2F0F2F76EFE224631462846BDE8F840FFF7AA
S3150801D300BEBF5720F8BD0000034B188840F29B6347
S3150801D310002808BF184670473C7C01203F2910B5F4
S3150801D3200446084603D8FFF741FD00B1846010BDE5
S3150801D3302DE9F0411E46013B9046DAB2152A079FB0
S3150801D34005464FD8284A52F823402CB30A460021ED
S3150801D350FDF7BDF9424606212846FDF7B8F99DF8BD
S3150801D36018302E726B72661E0C2416F8013FB3B97B
S3150801D370221F92B202212846FDF7A9F9A4F1080253
S3150801D38092B204212846FDF7A2F9A4F10C0292B241
S3150801D3900A212846FDF79BF92046BDE8F081322B84
S3150801D3A010D8302BE1D93A682A553178631C3229CD
S3150801D3B007F104079BB213D10234C2F30722EA54D8
S3150801D3C0A4B2D2E7442BD0D13B4657F8088B59680B
S3150801D3D028191FFA88F24444F2F7FAFDA4B2C4E701
S3150801D3E01C46C2E70024D7E7EC50030813B5049C92
S3150801D3F0CDE9003413460522FFF79AFF02B010BDA6
S3150801D400F0B40C4CBDF8107000252646E088884219
S3150801D41008D1206830B106EBC5050497A988F0BC88
S3150801D42001F0ECB80135092D04F10804EED100200C
S3150801D430F0BC70475C7C012038B50546044C0846AB
S3150801D44044F83510F2F7DCFF04EBC504A08038BDBB
S3150801D4505C7C012070B5214B86B001AA03F1100549
S3150801D460164618685968144603C40833AB4222465F
S3150801D470F7D11B8823800DF10202194C694641F642
S3150801D4800A0000F08BFF174B23630823A386164B6C
S3150801D490A3630423A387154B23640723A4F8443005
S3150801D4A0002536F8022BBDF80210BDF8000000F081
S3150801D4B0B5FF04EBC5030135092DD880F1D10C4818
S3150801D4C0BDF800308380BDF80230C380094B836004
S3150801D4D00023C36001F08AFD06B070BDF02B030876
S3150801D4E05C7C0120C47C0120A47C0120A87C01204D
S3150801D4F0B07C012001D4010801460420FFF79CBF36
S3150801D50001460520FFF798BF70B506460948154636
S3150801D51006700A4601211C46FDF7D9F82A46054830
S3150801D5200321FDF7D4F822460248BDE870400521DB
S3150801D530FDF7CDB8A87C01201A4B1B88F7B58B429D
S3150801D540089E04460D4607D1174B01461F68BDF8CC
S3150801D550243032460720B847144B1B88AB421ED1EC
S3150801D56000213046FDF7A0F8114B002818804FF02E
S3150801D570F2038DF800304FF0030114BF1123122373
S3150801D580224668468DF801108DF80230FDF79FF89E
S3150801D590054B6A461C68002105230420A047002084
S3150801D5A003B0F0BDD07C0120CC7C0120E87C0120B1
S3150801D5B0EA7C0120074A12888A4208B5184607D12B
S3150801D5C023B1054A00211288FDF781F8022000E0FF
S3150801D5D0002008BDE87C0120EA7C012007B51D4B27
S3150801D5E018600023ADF804300DF106024FF6FF73FB
S3150801D5F001A91948ADF8063000F032FFBDF806104A
S3150801D600164ABDF8040000F069FF154BBDF806106F
S3150801D6101880144ABDF8040000F060FF124B114A45
S3150801D620BDF806101880BDF8040000F07FFF0F4B07
S3150801D63018800F48BDF804308380BDF80630C380D2
S3150801D6400C4B83600C4BC36001F0D0FC03B05DF852
S3150801D65004FB00BFCC7C0120445103085451030844
S3150801D660D07C012064510308EC7C0120E87C012070
S3150801D670D47C0120B5D5010839D5010801F0F8BCDB
S3150801D68013460A460149098801F00ABDEC7C0120C6
S3150801D69010B5012304460370417000220221FDF7EB
S3150801D6A016F804232371052010BD000037B504467A
S3150801D6B00846E388DB0507D50023044A0093156865
S3150801D6C021891A46A847208203B030BD007D012072
S3150801D6D010B5002104460068FCF7E6FFA08030B9C2
S3150801D6E0E0802081E06020826061206010BD022117
S3150801D6F02068FCF7D9FF0421E0802068FCF7D4FFF5
S3150801D700236820819A1DE260E28812F4007FA288CC
S3150801D71015BF163A083A2282228214BF03F116026D
S3150801D72003F108026261A28813442360DEE7000060
S3150801D73038B504460D4609B9002038BD064B1B68A5
S3150801D74003602368002BF7D02046FFF7C1FF238922
S3150801D750AB42F6D10120F0E7F07C012073B505460E
S3150801D7601646EA8808461946D3050AD50B4B009191
S3150801D7701C68298902463346BDF81800A04702B03D
S3150801D78070BD2A8A101AFCF7F7FF84B26969224626
S3150801D7903046F2F71DFC2046F1E700BF007D012067
S3150801D7A010B509490C2204460FF008FB48B9074988
S3150801D7B0022204F10E000FF001FBB0FA80F04009D5
S3150801D7C010BD0020FCE700BF74510308825103080D
S3150801D7D038B5034600890C4680B1D988DD6811F44D
S3150801D7E0007128460BD0FFF7DBFF38B10C2128461C
S3150801D7F0FCF75AFFA04214BF0020012038BDFCF7F0
S3150801D80053FF8442F7E770B5054600890C46B0B167
S3150801D810022A09D100212046FCF746FF014628467F
S3150801D820BDE87040FFF7D4BFEB8813F4007607D044
S3150801D830E86810220FF0C2FAB0FA80F0400970BD0C
S3150801D8400846FFF7ADFF0028F9D00C212046FCF762
S3150801D8502BFF31460446E868FCF726FF231A58428F
S3150801D8605841ECE7C188084B028911F4007110B5DB
S3150801D870064C1A8002D00023238010BDC068FCF72D
S3150801D88013FF2080F9E700BFF47C0120F67C012014
S3150801D890012910B5044618D0C2F38021100548BFE6
S3150801D8A041F00201C2F34013120B14BF501C10467B
S3150801D8B01BB1A37AB3FA83F35B09022911D00329B1
S3150801D8C00CD0012910D0002010BDD30602F00101A9
S3150801D8D048BF41F00201C2F3C013E5E7627A6AB1B3
S3150801D8E063B9227A62B15BB90028EDD0E2794AB10F
S3150801D8F043B990428CBF0C200020E5E70820E3E7F6
S3150801D9000520E1E70F20DFE728B10378012B02BFE5
S3150801D910014B013018607047F07C0120014B1860FB
S3150801D920704700BF007D0120014B1860704700BF9A
S3150801D930047D012013B500230088044ACDE900338C
S3150801D940194614680322A04702B010BD047D0120C0
S3150801D950F8B5069D1C4607461B2316462B700A4634
S3150801D96028460121FCF7B3FE7B88033B9C4288BF0E
S3150801D9709CB222463146E81CF2F72AFBE01C80B22B
S3150801D980F8BD00002DE9F04F2DED028B8FB01C4636
S3150801D990438803930B78182B80460F4616461DD8E5
S3150801D9A0012B1ED9023B162B1BD8DFE813F02200E8
S3150801D9B01A0046001A00B0001A0037011A00DF01E2
S3150801D9C01A001F021A0086021A00CF021A003C0327
S3150801D9D01A001A001A0087031A000804522B00F0CD
S3150801D9E03184A6F1090107F10900FCF7D7FE0025E4
S3150801D9F0D9E0032E08D0022120460FB0BDEC028BD8
S3150801DA00BDE8F04FFFF744BE01213846FCF74CFE4E
S3150801DA10B8F80410FCF7B0FE81B21720FCF7B0FE87
S3150801DA200121A8F8020088F806102670B8F8022025
S3150801DA302046FCF74CFE3546B5E0052E01D00421FB
S3150801DA40DAE701213846FCF72FFE032180463846DE
S3150801DA50FCF72AFE8045814602D8B8F1000F0AD1A3
S3150801DA600125042325706370424602212046FCF7EE
S3150801DA702EFE2571DFE7A74B1B6808934FF0000AB6
S3150801DA800125089B2BB108A8FFF722FEBDF828201F
S3150801DA9062B9012D19D1042363702570424602210A
S3150801DAA02046FCF714FE0A232371C4E79145F0D3F7
S3150801DAB09045E6D8BDF8263013F4007314BF102735
S3150801DAC00227012D05D9BA4509D0052323702E460B
S3150801DAD0B1E719D1002B18BF0225657002250399F4
S3150801DAE0EB1902338B42F0D829462046FCF7EFFDA5
S3150801DAF0A81C85B20B993A4614FA80F03D44F2F710
S3150801DB0067FAADB2BA46BCE757460025E7E7062EDF
S3150801DB1001D8062170E701213846FCF7C5FD032126
S3150801DB2080463846FCF7C0FD052181463846FCF794
S3150801DB30BBFD073E0737B6B208EE100A314638462E
S3150801DB40FCF72CFEC84502D8B8F1000F0AD1012509
S3150801DB50062325706370424602212046FCF7B7FD6D
S3150801DB6025711FE06B4B4FF0000B1B680893DA46D3
S3150801DB700125089B53B108A8FFF7AAFDBDF828306F
S3150801DB80BBB19845F5D8994580F0A283012D42D1BC
S3150801DB90062325706370424602212046FCF797FD4D
S3150801DBA00A232371052528460FB0BDEC028BBDE873
S3150801DBB0F08FBAF1000F0CD05A4629462046023595
S3150801DBC0FCF785FDADB2039A2B1D9342DED84FF0C3
S3150801DBD0000ABDF828B0BBF1000FCAD018EE101A1A
S3150801DBE008A8FFF7F5FD0028C3D0BDF830309E42DE
S3150801DBF0BFD10D99324638460FF0E0F80028B8D162
S3150801DC002946BDF8282020460235FCF760FDADB24D
S3150801DC104FF0010AADE707232370C4E7072E03D0A7
S3150801DC20152E20D00821E7E64FF0020B01213846D0
S3150801DC30FCF73AFD032181463846FCF735FD7B1D85
S3150801DC4004905946184608EE103AFCF7A7FD049BBE
S3150801DC50994502D8B9F1000F08D101252570082385
S3150801DC6063704A4678E74FF0100BDFE7294B1B68CC
S3150801DC700893039B043B9BB2002705930233BA46DC
S3150801DC8001250693089B73B9012D40D80122082363
S3150801DC9022706370002F67D03A4602212046FCF7AE
S3150801DCA016FD02237DE708A8FFF712FDBDF8283007
S3150801DCB0002BE9D0049A9A42E6D39945E2D818EEA0
S3150801DCC0101A5A4608A8FFF79EFD0028DAD0BDF8B3
S3150801DCD02620900704D4002FD4D1BDF82870D1E7A7
S3150801DCE000214046FFF7D4FD0346002840F0E182B3
S3150801DCF00790B8F8001008A8FFF7D8FCBDF83060FF
S3150801DD00079B0236012DB6B206D9B24509D00923B9
S3150801DD1082E700BFF07C012007BF667002255646E0
S3150801DD201D46039AAB19934206DD022DEFD8059BD2
S3150801DD30ADF83030069B63702946BDF82820204689
S3150801DD40FCF7C5FCB8F800300093AA1C1FFA82FA42
S3150801DD50BDF8303014FA82F2002108A8FFF7FEFC5C
S3150801DD60504485B2B2468DE74A4615E7032E01D0DF
S3150801DD700A2141E601213846FCF796FC054601468B
S3150801DD8008A8FFF7D5FC50B9012626700A23637047
S3150801DD902A4602212046FCF79AFC267102E7BDF8BD
S3150801DDA02620910705D4012323700A2363702A4686
S3150801DDB073E700214046FFF76BFD064610B10123C4
S3150801DDC02370E3E7B8F8001008A8FFF76FFC039B78
S3150801DDD0B8F800200092013B9BB2621C314608A8A4
S3150801DDE0FFF7BCFC013085B20B2315E7052E01D0E0
S3150801DDF00C2101E601213846FCF756FC03210546AC
S3150801DE003846FCF751FC2946074608A8FFF790FC57
S3150801DE1050B901270C23277063702A460221204630
S3150801DE20FCF755FC277106E6BDF8262093070AD4A8
S3150801DE30012323700C2363702A4602212046FCF72E
S3150801DE4046FC022330E600214046FFF721FD8146C4
S3150801DE5058B1012323700C2363702A4602212046F8
S3150801DE60FCF735FC84F80490E5E5B8F8001008A835
S3150801DE70FFF71CFCBDF830309F420AD901232370F5
S3150801DE800C2363702A4602212046FCF720FC07234F
S3150801DE900AE64FF00D0323700DD2039BB8F8002054
S3150801DEA00092013B9BB2621C394608A8FFF756FC53
S3150801DEB0013086B2BFE50126BDE5042E02D916F06A
S3150801DEC0010501D10E2197E5013E4FEA560A0137B0
S3150801DED04FF000094FEA49013846FCF7E5FB83464E
S3150801DEE028B901250E23257063705A4634E6014682
S3150801DEF008A8FFF71DFC0028F3D0BDF826209607D1
S3150801DF001DD500214046FFF7C3FC0646C0B9B8F83F
S3150801DF10001008A8FFF7CAFB039BB8F80020009277
S3150801DF205B1B62199BB2314608A8FFF717FC09F17A
S3150801DF3001092844D14585B2CCDB0F236CE60226BC
S3150801DF40012323700E2363705A4622E7072E03D056
S3150801DF50152E1CD010214FE54FF0020A0121384633
S3150801DF60FCF7A2FB032106463846FCF79DFB05375D
S3150801DF70059051463846FCF711FC059B9E4200D890
S3150801DF8046B901251023257063703246E4E54FF042
S3150801DF90100AE3E7BAF1020F2CD100213846FCF743
S3150801DFA083FBA0F5205080B2012827D8A14B4FF05A
S3150801DFB000081B680893CDF81080CDF81880C34671
S3150801DFC0C1460125089B6BB108A8FFF781FBBDF87F
S3150801DFD02830002B00F091819E42F3D8059A9A4287
S3150801DFE080F08F81012D40F0D58110232570637053
S3150801DFF03246D1E53846FFF7D3FB20B90123102570
S3150801E00023706570C1E70C21C8E707BF6370022555
S3150801E0104B460025BDF8282006920D9A049299468A
S3150801E0204FF0010BCEE7022E01D81221E4E40121BB
S3150801E0303846FCF739FB8146014608A8FFF778FB05
S3150801E04018B90125257012230AE6DFF8F4A1DAF8D2
S3150801E050003053B901232370122363704A46022103
S3150801E0602046FCF734FB03239BE5BDF8262015075C
S3150801E070F0D5D005EED501214046FFF709FC054646
S3150801E08010B101232370DEE7033E08A8B6B20337B1
S3150801E090FFF7E8FB01960097DAF80060B8F8000088
S3150801E0A02B462A464946B0470125064620B1122382
S3150801E0B0257063704A466CE61323ADE5042E01D834
S3150801E0C0162199E401213846FCF7EEFADFF870B11A
S3150801E0D0054603213846FCF7E7FADBF800308246A5
S3150801E0E05BB901232370162363702A460221204651
S3150801E0F0FCF7EDFA032323710EE0294608A8FFF77A
S3150801E10017FB58B901261623267063702A46022181
S3150801E1102046FCF7DCFA267105268CE4BDF8262094
S3150801E1201107DED5D305DCD501214046FFF7B0FB43
S3150801E130814658B101232370162363702A460221AA
S3150801E1402046FCF7C4FA84F80490E5E7731F9BB2EE
S3150801E15001937B1D0093B8F80000DBF80090534645
S3150801E16001222946C8470728804617D00D280CD012
S3150801E170C8B903993046FCF7FFFA394682B22046F8
S3150801E180F1F726FF1723237055E42B4B1A680D2A3E
S3150801E190EFD0C3F80080294B1D80EAE7264B1A68A1
S3150801E1A0002AE6D1F5E701232370162363702A4670
S3150801E1B002212046FCF78BFA84F80480ACE7012E8D
S3150801E1C001D8182118E41E4ED6F80090B9F1000FAF
S3150801E1D003D10123237018233FE74B7833B3164D38
S3150801E1E02B686BB14046FFF7A5FB144B2E781A88AE
S3150801E1F00021198001232370182329606370C8E55B
S3150801E200CDE90033194600880422C8470346286029
S3150801E2100028E7D1CDE9000001463568B8F80000C5
S3150801E2200222A847192323700125BCE4FFF782FBC4
S3150801E230F8E700BFF07C0120F87C0120FC7C012076
S3150801E240047D0120022A7FF6D2ABDFF84C91012129
S3150801E2503846FCF729FAD9F800300446002B3FF472
S3150801E260C6AB014608A8FFF763FA00283FF4BFAB1F
S3150801E270BDF8262002F48273B3F5827F7FF4B7AB2B
S3150801E28001214046FFF704FB054600287FF4AFABA2
S3150801E290033E08A8B6B20337FFF7E4FA01960097DA
S3150801E2A0D9F80060B8F800002B462A462146B0473F
S3150801E2B079E4012D3FF62BAD012222700822627006
S3150801E2C002214A4620460393FCF701FA039B68E4B8
S3150801E2D0BAF1000F3FF47DAC4FF4205108A8FFF7BF
S3150801E2E077FA00287FF468AC42F6010108A8FFF71F
S3150801E2F06FFA00287FF460AC6BE4BBF1000F30D0F5
S3150801E3000EE0BBF1000F2CD04FF4205108A8FFF7FF
S3150801E3105FFA28B942F6010108A8FFF759FA00B3CE
S3150801E3202946069A2046FCF7D2F9A91C424689B223
S3150801E3302046FCF7CCF9A9F1040B281D1FFA80F831
S3150801E3405A46049914FA80F0F1F742FE08EB0B02DB
S3150801E350039B95B219FA82F29A423FF743AE4FF000
S3150801E360000BBDF82880B8F1000F3FF42BAE5246DA
S3150801E370394608A8FFF747FA00283FF423AEBDF847
S3150801E3803030012D03F104039BB27FF63EAE994569
S3150801E3903FF440AE11233FE4047D0120F0B589B076
S3150801E3A00D4616460021024601A8FCF790F91A4BBC
S3150801E3B000241B68029327460298B8B102A8FFF702
S3150801E3C087F94FF4205102A8FFF702FA80B942F6FD
S3150801E3D0010102A8FFF7FCF9003818BF0120BDF8B2
S3150801E3E010303FB103B128B13480012009B0F0BD26
S3150801E3F00120F4E71C46002BDED00028DCD0BDF84E
S3150801E4001820022AD8D1079901A80EF0D7FC0028AE
S3150801E410D2D12C800127CFE7F07C012070B50F4BB4
S3150801E42086B01B68009305460C461646009B2BB121
S3150801E4306846FFF74DF9BDF8083013B9002006B054
S3150801E44070BDAB42F2D3A342F8D831466846FFF70E
S3150801E450BFF90028EAD0BDF80800F0E7F07C0120F2
S3150801E460F0B58BB00D4669461646FCF780F91A4B8E
S3150801E47000241B68049327460498B8B104A8FFF73B
S3150801E48027F94FF4205104A8FFF7A2F980B942F6FB
S3150801E490010104A8FFF79CF9003818BF0120BDF84F
S3150801E4A018303FB103B128B1348001200BB0F0BD5B
S3150801E4B00120F4E71C46002BDED00028DCD0BDF88D
S3150801E4C02020102AD8D1099968460EF077FC002831
S3150801E4D0D2D12C800127CFE7F07C012030B58BB053
S3150801E4E005460C4610466946FCF741F90E4B1B6872
S3150801E4F00493049B2BB104A8FFF7EAF8BDF818307A
S3150801E50013B900200BB030BDAB42F2D3A342F8D801
S3150801E510102269460DEB0200FFF775F90028E8D0CD
S3150801E520BDF81800EEE700BFF07C012070B58AB08F
S3150801E53006460D4610466946FCF719F9204B1B6835
S3150801E5400493002401E0B34225D2049B33B104A805
S3150801E550FFF7BEF8BDF81830002BF4D100200AB039
S3150801E56070BD42F6010104A8FFF732F920BB42F655
S3150801E570030104A8FFF72CF9F0B9002CE1D042F603
S3150801E580021104A8FFF724F90028DED0BDF8180007
S3150801E590E5E70124D9E7AB42E0D8102269460DEB3D
S3150801E5A00200FFF730F90028F3D14FF4205104A8EF
S3150801E5B0FFF70EF90028D4D0002CCFD1C1E700BF50
S3150801E5C0F07C01207FB50B4B1B888342014606D0A0
S3150801E5D06846FFF7ADF848B16846FFF743F9064BB9
S3150801E5E0188842F60213C31A5842584107B05DF813
S3150801E5F004FB00BFF47C0120F67C0120F8B5074630
S3150801E6000C4615461E4663B191420CD3A01ABDF8B5
S3150801E6101810FCF7B1F884B2224679193046F1F799
S3150801E620D7FC2046F8BD0024FBE700001FB50446C9
S3150801E630094901A809F029FB01A809F02CFB40B1F9
S3150801E64001A809F036FB8388A342F5D8C388A342FB
S3150801E650F2D304B010BD00BF1C7D01207FB505466D
S3150801E6600846CDE902320191BDF82060FFF7DEFFC9
S3150801E670DDE90113039A40B184684CB12846A446E2
S3150801E680089604B0BDE87040604703480468F4E79B
S3150801E690204604B070BD00BF0C7D01207FB5104B2C
S3150801E6A01E6804460D4626B10B4602460021042083
S3150801E6B0B0470C4901A809F0E8FA01A809F0EBFAF4
S3150801E6C008B904B070BD01A809F0F3FA0669002E6D
S3150801E6D0F3D02B46224600210420B047EDE700BFC0
S3150801E6E0087D01201C7D01202DE9F34107461046CE
S3150801E6F00E461446FFF79AFFE0B10569BDB1B62388
S3150801E7004FF005083246032168468DF800308DF82A
S3150801E71001808DF80270FBF7DAFF2246414668460A
S3150801E720FBF7D5FF07236A4600210420A84702B054
S3150801E730BDE8F081014B1D68E0E700BF087D0120B7
S3150801E7402DE9F04F2DED028B8FB01C461A9B0593D0
S3150801E750032ABDF86C30069308EE101A05461646CC
S3150801E76016D8012A53D97E490BA809F08EFA002733
S3150801E7700BA809F090FA0446002832D1794B1F6894
S3150801E780002F3CD138460FB0BDEC028BBDE8F08FA7
S3150801E790042A3CD172490BA809F077FA00260BA87E
S3150801E7A009F079FA58B96F4B1C68C4B1CDE9000074
S3150801E7B00346014604222846A047C4B20FE00BA827
S3150801E7C009F077FAC468002CE9D00023CDE9006680
S3150801E7D0042219462846A04710F0FF04DFD0204638
S3150801E7E0D1E70BA809F065FAC468002CC0D000234C
S3150801E7F0CDE90077324619462846A047B8E7CDE95C
S3150801E80000000346014632462846B847E7E718EEB0
S3150801E810100AFFF7D7FE00285DD0002C5BD1069BB6
S3150801E820022B58D105982146FBF73EFF804628461C
S3150801E830FCF748FA00284ED0D0F830370393002B5E
S3150801E84049DB0AA909A8099409F042FA099B002B90
S3150801E85041D0A2460494A146A3460294029B42498A
S3150801E8600A981943099B07911B680BAA1F46082397
S3150801E870B8470828079949D10B9B9B4538BF9B4642
S3150801E880B9F1000F02D0049A934201D28946049342
S3150801E8909DF83330039A9A4239D1BDF8303018EED3
S3150801E8A0102A934233D1B8F1000F10D09DF83230B7
S3150801E8B0434510D00BF101030B93099B8DF8328068
S3150801E8C0D3F804800BAA08230A98C04703E0099BDA
S3150801E8D00A989B68984718EE100AFFF7A7FE0028C2
S3150801E8E037D0D0F80CE0BEF1000F36D0069B1B934B
S3150801E8F018EE101A059B1A93324623462846F44603
S3150801E9000FB0BDEC028BBDE8F04F60478A46029B0B
S3150801E9100133142B0293A1D1B8F1000FDBD0BAF160
S3150801E920000F03D1B9F1000FD5D0CA460BF1010387
S3150801E9300B93039B8DF8333018EE103AADF830304F
S3150801E940099B8DF83280D3F804800BAA0823514617
S3150801E950BAE7044BD3F800E0C5E7704613E700BFF2
S3150801E9601C7D0120107D012000435442012910B568
S3150801E970044606D002290FD00078C31E58425841D2
S3150801E98010BD283009F04EF920B92069B0FA80F097
S3150801E9904009F5E70020F3E7243009F043F980F050
S3150801E9A00100C0B2ECE710B590F82837012B0446F0
S3150801E9B010D1B0F81C0704F00DF858B994F835379A
S3150801E9C043B90323B4F81C0784F82837BDE8104077
S3150801E9D009F032BA10BD00002DE9F04F0446042CA7
S3150801E9E087B0084615461E4605D0082C00F0E78074
S3150801E9F007B0BDE8F08F1378782B0DD0B52BF7D17A
S3150801EA00FCF760F906460028F2D021462846FBF7AE
S3150801EA104BFEA6F81E07EBE7002501274FF6FF7800
S3150801EA202E46884BB3F800905FFA86FA03A8FCF7DE
S3150801EA3041F903A809F02FF948B9002F00F0A88079
S3150801EA40002D00F0A5804FF6FF790546EEE703A8ED
S3150801EA5009F02FF900F5E56B044651465846FFF7CC
S3150801EA6085FF4FF6FF7399450BD010B1002D08BFEE
S3150801EA702546B4F81C374FF6FF724B4508BF914639
S3150801EA80D7E70028D5D0002F00F08180012E6DD060
S3150801EA90BAF1020F75D0FEF7EEFBFEF7E7FBB4F805
S3150801EAA054270346074604F2567104F21C70FEF712
S3150801EAB069FF032880460FD93B78012B0CD13B7996
S3150801EAC0082B09D194F8243733B1B4F81C07FDF79C
S3150801EAD006FF58B1012806D04FF0000384F82837FD
S3150801EAE0B8F1000F1AD1FEF7C8FB05E0FEF7C5FB22
S3150801EAF0B4F81C0703F072FDB4F81C87404609F008
S3150801EB0088F95146071E584618BF0127FFF72EFFF9
S3150801EB1000288ED0002D08BF25468AE7B4F81C07C1
S3150801EB2042460421FEF7ABFB3B78032BE4D1B4F84C
S3150801EB301C77B4F81E87B5238DF804303A464FF092
S3150801EB40040301A802218DF80530FBF7C0FD042155
S3150801EB500DEB01004246FBF7BAFD4146384609F07E
S3150801EB607BF9062101A8FFF799FDC5E7D4F8507787
S3150801EB7004F5EA60394609F072F8D7E90130984791
S3150801EB80BAE7D4F84C7704F24C703946F3E72546D0
S3150801EB904FF6FF73984518BF2A4B06F1010618BFB1
S3150801EBA0A3F80080032E7FF43CAF002D3FF420AF7D
S3150801EBB0B5F81C0707B0BDE8F04F09F03DB9FCF7F9
S3150801EBC081F8044600283FF413AF2B781E2B12D187
S3150801EBD0D0F83837DBB100F23C70FBF74FFD002067
S3150801EBE0B4F83827B4F81C17C4F83807FFF77CFDC2
S3150801EBF0B4F81C07DEE7522B09D100233246294611
S3150801EC0000F21C7007B0BDE8F04FFEF7BBBEB6F5C3
S3150801EC10D46FBFF4EDAE94F82837002B7FF4E8AE35
S3150801EC20012384F82837A4F854673246294604F2A2
S3150801EC305670F1F7CDF9204607B0BDE8F04FFFF75A
S3150801EC40B2BE00BF580200202DE9F04F04288BB050
S3150801EC50014614461E460CD11278DD2A09D8CF2A58
S3150801EC600AD8302A7ED029D8052A00F0E780082A52
S3150801EC7078D00BB0BDE8F08FD03A0D2AF9D801A3A8
S3150801EC8053F822F017EF010817EF010873EC010892
S3150801EC9017EF010817EF0108B3EE0108F5EE0108B1
S3150801ECA0CDEE010873EC0108BDEF010873EC01080C
S3150801ECB087EF010873EC0108A3EF01083E2AD8D1B2
S3150801ECC0A378012BD5D12046FBF7EEFC8046FBF74E
S3150801ECD0F9FF05460028CCD0E37980F8293700F2F8
S3150801ECE02A79494604F10800FBF744FD0027172352
S3150801ECF0A5F81E37A5F81C8785F82877FEF704FBC3
S3150801ED00B0F5D46F2ABF40F29F63A5F82007A5F88E
S3150801ED10203785F82377A5F82477404603F0B4FC15
S3150801ED203146C5F83007A5F834772046FFF7B6FC13
S3150801ED300924B3238DF81C308DF81D4095F8293721
S3150801ED408DF81E300DF11F014846FBF713FD2146CC
S3150801ED5007A8B5F81C27FBF7BAFC0B2107A8FFF78C
S3150801ED609DFC86E703212046FBF79EFC0646FBF73A
S3150801ED70A9FF054600283FF47CAF3046FDF75FFD45
S3150801ED8003287FF476AF3046FDF776FD85F823072D
S3150801ED903046FDF782FD85F824073046FDF78EFDDE
S3150801EDA085F826072378082B3FD16379002B3CD0B9
S3150801EDB0D5F83067002E38DB002406A905A8059486
S3150801EDC008F086FF059B83B3DFF81882DFF81892EF
S3150801EDD0059B06981F6807AA082344EA0801B8474D
S3150801EDE008281FD19DF823309E421BD1BDF82070FB
S3150801EDF09DF822200DF1100A50460021FBF767FC09
S3150801EE003846FFF713FCB0B1D0F80CB0BBF1000FD0
S3150801EE1008D00223B5F81C07CDE900A300231A463A
S3150801EE203946D8470134142CD2D128460BB0BDE84F
S3150801EE30F04FFFF7B8BDD9F800B0E7E70321204640
S3150801EE40FBF732FC8046FBF73DFF054600283FF4F9
S3150801EE5010AF00F21C70FEF76DFDD5F838370027A4
S3150801EE60A5F81C7785F8357785F8287763B105F213
S3150801EE703C70FBF703FCB5F83827B5F81C17C5F83D
S3150801EE8038779220FFF730FCB4230221424607A8BF
S3150801EE908DF81C308DF81D10FBF719FC07A8042105
S3150801EEA0FFF7FCFB314620460BB0BDE8F04FFFF7F4
S3150801EEB0F5BB02212046FBF7F7FBFBF703FF00280A
S3150801EEC03FF4D7AE012380F83437D2E60221204633
S3150801EED0FBF7EAFBFBF7F6FE054600283FF4C9AE49
S3150801EEE0002380F8343712212046FBF7DDFBC5F8ED
S3150801EEF030079AE702212046FBF7D6FBFBF7E2FE2D
S3150801EF0000283FF4B6AE002280F834274FF0FF32CE
S3150801EF10C0F830278AE702212046FBF7C5FBFBF735
S3150801EF20D1FE054600283FF4A4AED0F83067012388
S3150801EF30002E80F83537FFF69CAE002406A905A8F1
S3150801EF40059408F0C5FE059BC3B1264F059B069897
S3150801EF50D3F8008044EA0701082307AA0391C047AA
S3150801EF60082808D19DF823309E4204D1059B0399B0
S3150801EF709B68069898470134142CE7D14FF0FF3364
S3150801EF80C5F8303775E602212046FBF78DFBFBF7FE
S3150801EF9099FE054600283FF46CAE002380F8353704
S3150801EFA0A1E702212046FBF77FFBFBF78BFE002832
S3150801EFB03FF45FAE002280F8352737E70221204665
S3150801EFC0FBF772FBFBF77EFE00283FF452AEE37AAD
S3150801EFD080F82537B0F81C070BB0BDE8F04F08F0EC
S3150801EFE02BBF00BF00435442107D012010B50446D3
S3150801EFF08088FFF71BFB48B9E088FFF717FB28B99C
S3150801F00021460348BDE8104008F011BE10BD00BFF7
S3150801F0101C7D012038B50E4B0E4D196004460E4B6A
S3150801F0200E481A604560FBF7F7FF0D48456003F087
S3150801F0303DFA0C4808F0E0FE2046FEF765FC0A4852
S3150801F040FEF76CFCBDE838400848FEF76DBC00BF0A
S3150801F0500C7D012049EC0108107D0120147D012059
S3150801F060207D0120D9E901085DE6010841E701088B
S3150801F07038B505460846FBF725FE044670B129460C
S3150801F08000F24C7008F0E0FD0546B4F81C0708F0DC
S3150801F090D3FE002D14BF00200C2038BD0220FCE74A
S3150801F0A0F7B50D4616461F46FBF70CFE0446C8B1D2
S3150801F0B0B0F81C0708F0ADFEB8B1FEF7DCF8FEF7AC
S3150801F0C0D5F83246009029463B4604F21C70FEF7F5
S3150801F0D03FFC0246B4F81C07042103B0BDE8F04022
S3150801F0E0FEF7CDB8022003B0F0BD5720FBE708B5FF
S3150801F0F0FBF7E8FD08B1B0F81E0708BD044A034648
S3150801F100106800B97047028A9A42FBD00068F8E78E
S3150801F110287D0120C18E028F438A914207D2581F4A
S3150801F120521A80B292B2904228BF10467047002008
S3150801F130704770B504460E461546FFF7EBFFE38E9A
S3150801F1401844E0862046FFF7E5FF002818BF354634
S3150801F150257170BD012907D943785A1C8A4203DAF9
S3150801F160C91A0331FBF7A0BA4FF6FF70704773B59A
S3150801F170BDF8185006461446AA1DA3F1080003F85F
S3150801F180072C03F8086C0A4602210190FBF79FFA3F
S3150801F190019822460421FBF79AFA01982A46062184
S3150801F1A0FBF795FA019802B070BD00002DE9F0430E
S3150801F1B085B004460D4601A8104916461F4608F0B3
S3150801F1C064FD4FF6FF7801A808F065FD10B905B092
S3150801F1D0BDE8F08301A808F06CFD0389434501D019
S3150801F1E0A342F0D143890BB1AB42ECD1D0F80490DC
S3150801F1F03B46324600210420C847E4E7307D01201A
S3150801F20038B50546FDF738FB10F0FF0408D0284647
S3150801F210FDF743FBC0B228B1102C0CBF042403240C
S3150801F220204638BD0224FBE7F8B50C460546012100
S3150801F23020461646FBF738FA032107462046FBF710
S3150801F24033FAAB8EBB420CD1EB8E834209D1E86B04
S3150801F250721F611D18440DF0B1FDB0FA80F0400926
S3150801F260F8BD0020FCE7002303715C30FBF706BA02
S3150801F270F7B51C460E4601920746FDF7FCFFFDF75A
S3150801F280F5FF0546019A05F8037B0121FBF71FFAED
S3150801F290089922462846F0F79BFEE21C92B2042101
S3150801F2A03046FDF7ECFFC0B203B0F0BDF8B507462E
S3150801F2B0FFF724FF054628BB3846FBF703FD06463C
S3150801F2C000B3FBF763F90446E0B1172343820782CB
S3150801F2D03846FFF795FF0C4B84F871001B780B48ED
S3150801F2E02571002B14BF002303232375214608F03B
S3150801F2F09EFC96F8223723B1B6F81E37638202239D
S3150801F300237525462846F8BD2C7D0120287D012038
S3150801F31038B5FFF7CBFF044680B100F15C052846F6
S3150801F320FBF7ACF906492846FBF779F9284647F26F
S3150801F3303051FBF793F92846FBF79AF9204638BD71
S3150801F340D9F5010837B513460D46044670B1019241
S3150801F35004200A460021FDF7CDFB019B2A46002120
S3150801F3600420A44603B0BDE83040604703B030BD71
S3150801F370F0B589B01D46A32304460F4616468DF8F7
S3150801F3800430028A182301A802218DF80530FBF7FB
S3150801F3909EF904210DEB01003A46FBF798F932462E
S3150801F3A001A80621FBF793F92A4601A80821FBF7CC
S3150801F3B08EF90E980DF10E01FBF7D9F9A0681A22FC
S3150801F3C001A9FFF7BFFF09B0F0BDF0B587B01D462B
S3150801F3D0A12304460F4616468DF80030028A1623E5
S3150801F3E0684602218DF80130FBF771F93A466846FD
S3150801F3F00421FBF76CF9324668460621FBF767F9E3
S3150801F40002A92846FBF7B3F9A06818226946FFF74F
S3150801F41099FF07B0F0BD37B5009305461C4613465C
S3150801F4200A46018AA520FFF7A2FE04F10802014651
S3150801F430A86892B203B0BDE83040FFF783BF2DE953
S3150801F440F041468E88B004460D467EB3A223B0F835
S3150801F450348090F83070028A8DF8043002211A231C
S3150801F46001A88DF80530FBF732F904210DEB0100EF
S3150801F4703246FBF72CF94246062101A8FBF727F984
S3150801F4802A46082101A8FBF722F93A460A2101A8CA
S3150801F490FBF71DF904A904F11800FBF768F9A06840
S3150801F4A01C2201A9FFF74EFF0023638608B0BDE8B9
S3150801F4B0F0812DE9F04F8BB0012A04460E460192E0
S3150801F4C011D94D78072D01D0152D0CD16F1FC5F116
S3150801F4D0030306F1070802210493FFB2019B05EB1A
S3150801F4E0010B9B4502DD0BB0BDE8F08F3046FBF7FB
S3150801F4F0DBF818F8033C0293049B824603EB0B01E5
S3150801F5003046FBF7D1F80AF1FF31039089B220465C
S3150801F510FFF795FF022F2FD100214046FBF7C4F8CC
S3150801F5208146014606A8FBF73BF994F84C3043B1EE
S3150801F530102206A904F1180005930DF03FFC059B5E
S3150801F540B8B9029A84F83020039AA4F832A0A286A0
S3150801F5507BB9A4F816900DF1180C04F1180263464C
S3150801F56003CB51600AA98B4210609C4602F108023E
S3150801F570F5D1A8445946B1E7102FFAD106A9404654
S3150801F580FBF7F5F84FF00009CFE737B5A023044696
S3150801F590028A8DF800300D460323684602218DF84C
S3150801F5A00130FBF794F8A0688DF8045005226946E6
S3150801F5B0FFF7C8FE03B030BD13B5037901910446C0
S3150801F5C043B1FFF750FE0199204602B0BDE810404D
S3150801F5D0FFF7DBBF02B010BD1FB504460C4901A8F1
S3150801F5E008F053FB01A808F056FB08B904B010BD92
S3150801F5F001A808F05EFB00F15C029442F2D10028F2
S3150801F600F4D07F2104B0BDE81040FFF7D5BF00BF95
S3150801F610287D01202DE9F843894690461F46BDF805
S3150801F62020500646FDF727FEFDF720FE0623037048
S3150801F63004464A460121FBF74AF842462046032179
S3150801F640FBF745F820464FF420520521FBF73FF812
S3150801F6502A463946E01DF0F7BBFCEA1D304692B250
S3150801F660BDE8F8430421FDF70ABE13B50446019126
S3150801F670FDF701FEFDF7FAFD0A23019A0370012140
S3150801F680FBF725F803220421204602B0BDE8104005
S3150801F690FDF7F5BD38B50D460446FDF7ECFDFDF75A
S3150801F6A0E5FD182202704570022220460421BDE8B4
S3150801F6B03840FDF7E4BD2DE9F341828EC68E0192ED
S3150801F6C0078A0546FFF726FDD5F83C800446FDF76F
S3150801F6D0D2FDFDF7CBFD162303700546019A0121DC
S3150801F6E0FAF7F5FF324628460321FAF7F0FF2246D4
S3150801F6F008EB0601681DF0F76BFC621D92B2042146
S3150801F700384602B0BDE8F041FDF7B9BD2DE9F34130
S3150801F7100E4601931546BDF820800746FDF7ABFD59
S3150801F720FDF7A4FD019A077004460121FAF7CFFFF8
S3150801F730424620460321FAF7CAFF324620460521EA
S3150801F740FAF7C5FF07220421284602B0BDE8F041B1
S3150801F750FDF795BDF7B51E460D4601920746FDF71D
S3150801F7608AFDFDF783FD019A077004460121FAF720
S3150801F770AEFF324620460321FAF7A9FF05220421E6
S3150801F780284603B0BDE8F040FDF779BD438D8B42AD
S3150801F79010B5044607D8FFF766FD20460021BDE8E7
S3150801F7A01040FFF7F2BE01310271018510BD38B56F
S3150801F7B00D46418D8D42044601D3FFF740FE294689
S3150801F7C020460522BDE83840FFF7E0BF2DE9F043A2
S3150801F7D09C4B9D4E1C6889B014B909B0BDE8F083ED
S3150801F7E0208A08F013FB0346208A23B909B0BDE82D
S3150801F7F0F04308F011BB03F0EDF80546002864D183
S3150801F80094F86F30002B60D194F86D30002B5CD1E1
S3150801F8102379FBB1327894F8711091421AD2033ADE
S3150801F8200123022A84F86D3034BF05230F23208A69
S3150801F83084F86E3002F0D2FE208A08F0EDFA2146ED
S3150801F840804808F00CFA7F48214609B0BDE8F04324
S3150801F85008F0FAB9227DA2B1012A36D094F84D20D2
S3150801F8601AB3002384F84D30258AFDF704FDFDF708
S3150801F870FDFC1E230370012204212846FDF7FFFC27
S3150801F880DAE701252575268AFDF73EFD0390FDF782
S3150801F890F2FCFDF7EBFC0223039A03702946FAF7FB
S3150801F8A016FF032204213046E8E7172B01D02B2B3C
S3150801F8B00DD1628A218F033A914208D92046FFF772
S3150801F8C0D2FC0D212046FFF760FE246884E7013B40
S3150801F8D0302B00F21A81DFE813F0310018013D00E0
S3150801F8E018015A001801640018016D001801760004
S3150801F8F018017F001801860018018A001801910075
S3150801F9001801B9001801D9001801E4001801EC0022
S3150801F9101801EE001801F2001801F9001801FB00A0
S3150801F92018010A0118010401180106011801080144
S3150801F93018011401180116011801EA00618D228ABD
S3150801F940022323711020238D00914FF42051FFF7D4
S3150801F950DDFE71E7E28A0423237162B1002104A85E
S3150801F960FAF7B5FE0223628D218D208A009304AB36
S3150801F970FFF750FE60E704A904F11800FAF7F7FE4D
S3150801F9801023628D218D208A00936B44F0E7618DE7
S3150801F990228A06232371238D009142F6030108204A
S3150801F9A0D5E7618D238D228A08202071009142F6C0
S3150801F9B00301CCE708232371228D638D218A042054
S3150801F9C0FFF7C8FE38E7618D228A0C232371238D40
S3150801F9D0009142F60201E2E70E23A18D2371208AE6
S3150801F9E0FFF743FE28E71023A18E2371F7E71223B9
S3150801F9F02371A28EE38E218A0C20E1E7E18A268A09
S3150801FA00678D14232371238D11B100973246C6E7FA
S3150801FA100393FDF730FCFDF729FC039B08220546F5
S3150801FA20027001211A46FAF752FE3A460321284680
S3150801FA30FAF74DFE691D04F11800FAF798FE15222A
S3150801FA4030E700BF287D01202D7D01201623237173
S3150801FA50278AB4F84060D4F84480FDF70CFCFDF71A
S3150801FA6005FC0E238146037069000131B54289B24E
S3150801FA7005DB7200013292B204213846FEE638F8F7
S3150801FA8015204846FAF723FE0135EDE71823E06B02
S3150801FA902371A28E238F218A00901220FFF7E8FB9B
S3150801FAA0CAE61A2323712046FFF705FEC4E6322368
S3150801FAB0F8E71C23F6E71E232371012102E0202320
S3150801FAC023710021208AFFF7E5FDB5E62223F7E732
S3150801FAD0618D228A24232371238D009142F6021116
S3150801FAE05DE7282380E72A2382E72C23CFE726230D
S3150801FAF0237104F14A03B4F84820218A00930223AA
S3150801FB00CBE72E23CEE73023D6E7E568002D3FF471
S3150801FB10DCAE0023E3600221AC238DF810308DF8AA
S3150801FB201110228A04A8FAF7D2FD0423218A04AA0D
S3150801FB301846A84780E600BF2DE9F04F04468FB066
S3150801FB400F4615461E463BB1042816D11378782B65
S3150801FB5000F09480B52B02D00FB0BDE8F08F052ECA
S3150801FB60FAD90846FFF7CAFA06460028F4D021460C
S3150801FB702846FAF799FD7082EEE70828ECD1137842
S3150801FB801B2B05D01D2B1DD00846FFF7B7FA1CE025
S3150801FB90022EE1D901211046FAF786FDF31E9BB222
S3150801FBA0044600930246EB1C3946A720FFF7DFFA05
S3150801FBB0731D02469BB2214638460FB0BDE8F04F89
S3150801FBC0FFF7F4BA0846FFF771FB04460028C3D0CD
S3150801FBD02B78013B1C2B51D8DFE813F0CD025000DE
S3150801FBE01D005000AD015000A6015000BC00500098
S3150801FBF05701500008025000C2025000550050003B
S3150801FC00000250005000500078025000B502500022
S3150801FC1050005000A100022E30D901212846FAF7DA
S3150801FC2043FD0546FDF770FBA84228BF28464FF05D
S3150801FC300208608284F814803846FBF743F80123EA
S3150801FC40658A80F822370426AB23A0F81E578DF85B
S3150801FC5020308DF82160228A414608A8FAF737FD37
S3150801FC602A46314608A8FAF732FD208A294608F0BD
S3150801FC70FFF8A068062208A9FFF764FB0FB0BDE8E4
S3150801FC80F04FFFF7A3BD01790229F7D1012E06D15D
S3150801FC904FF6FF7101222046FFF778FDEEE795F84A
S3150801FCA00180A8F10409C8F102035FFA89F905F18F
S3150801FCB0060A029308EB0107B7420ADD69784B1C6D
S3150801FCC0B342E5DA711A02312846FAF7EDFC014624
S3150801FCD0E0E72846FAF7E8FC029B8346D919284645
S3150801FCE0FAF7E2FCB9F1020F039010D1B91E2846C2
S3150801FCF0FAF7DAFC014608A8FAF752FD5946039ABB
S3150801FD0008AB2046FFF761FBC2443946D2E7B9F191
S3150801FD10100FD3D108A95046FAF729FDEEE7022EAE
S3150801FD20ACD901212846FAF7BFFCF31E9BB202465D
S3150801FD30804600933946EB1CA820FFF718FA731D75
S3150801FD409BB2024641463846FFF730FA012384F84A
S3150801FD504D3093E703790C2B1FD011D8062B01D010
S3150801FD60082B8BD1324629462046FFF7A2FB31469E
S3150801FD702846FFF7EFF901462046FFF718FD7DE70C
S3150801FD80142B5FD0242B7FF479AF02212846FAF78A
S3150801FD908BFC2523A4F8480018E0012E3FF46EAF2A
S3150801FDA06F78062F14D1072E7FF668AF02212846F1
S3150801FDB0FAF77AFC042120852846FAF775FC3946B4
S3150801FDC0A0852846FAF770FC0D23E085237155E7CF
S3150801FDD0082F7FF453AF02270DF1200A07F108090E
S3150801FDE0B1450AD969784B1CB34228DA711A2846F3
S3150801FDF0FAF75AFC01460B224DE739462846FAF727
S3150801FE0053FCB91C80462846FAF74EFC391DA085D5
S3150801FE102846FAF749FCB91DE0852846FAF744FC55
S3150801FE2001465046FAF7BCFCE38DA28DCDF800A039
S3150801FE3041462046FFF79CFA1FFA89F7CEE74FF6A7
S3150801FE40FF71D8E795F80190B9F1020F15D84FF669
S3150801FE50FF7A132251461EE739462846FAF724FC4B
S3150801FE60BA1C0146824643462A442046FFF7D3FA7E
S3150801FE704F44BFB2BE42EFD8EBE7A9F10208022709
S3150801FE804FF6FF7A1FFA88F8F4E70379102B15D095
S3150801FE90282B1ED00E2B7FF4F1AE102E0BD908AEEF
S3150801FEA03146681CFAF763FCE38DA28D218D009615
S3150801FEB02046FFF75DFA218D0B22ECE6FFF7D3F911
S3150801FEC0731EA18E9BB26A1C2046FFF7A4FA002175
S3150801FED020E1FFF7C8F9731E9BB2A28E218A00930F
S3150801FEE0A9206B1CFFF743F9F21D014692B2A068DF
S3150801FEF0FFF728FAEBE741462846FAF7D5FB08F15A
S3150801FF00020181462846FAF7CFFB5B4602460746B9
S3150801FF1049462046FFF759FAD04608F1040AB24580
S3150801FF20E9DD03223946B6E64FF6FF774FF00108B9
S3150801FF3000F1180BF1E7012E3FF4A0AE6B78022B06
S3150801FF4014BF04271227BB1C9E42FFF697AE28460C
S3150801FF50F11BFAF7A9FBB31E9BB205F1020A02933C
S3150801FF608046002304354FF0A40B029A07EB0309D8
S3150801FF70914502DD092241468DE61946504603930D
S3150801FF80FAF792FB042F039B064622D1991C504689
S3150801FF90FAF78AFB014604A8FAF702FC14238DF83E
S3150801FFA021308DF820B0228A022108A8FAF78FFBA2
S3150801FFB03246042108A8FAF78AFB0DF1260104A89E
S3150801FFC0FAF7D5FBA068162208A9FFF7BBF94B4635
S3150801FFD0CBE704A9E818FAF7CAFBDFE70379262B6A
S3150801FFE06BD02C2B69D0182B67D047E60379771E7F
S3150801FFF0122BBFB234D02A2B7FF440AEAA23B0F815
S3150802000034A0B0F83690028A05F8093CA5F1090829
S3150802001007F1080305F8083C02214046FAF757FBA0
S31508020020524604214046FAF752FB4A460621404602
S31508020030FAF74DFB3A4608214046FAF748FB06F11D
S315080200400902A06892B24146FFF77CF9638A013B2E
S315080200509BB29F4231D3E38E1F44E7862923B5E636
S31508020060A623B0F834A0B0F83690028A05F8093CFF
S31508020070A5F1090807F1080305F8083C02214046DC
S31508020080FAF725FB524604214046FAF720FB4A4670
S3150802009006214046FAF71BFB3A4608214046FAF77C
S315080200A016FB06F10902A06892B24146FFF74AF921
S315080200B0638A013B9BB29F4203D22046FFF7D3F8DD
S315080200C005E7E38E1F44E78611237FE603792E2B85
S315080200D02FD011D81A2B21D01C2B7FF4CFAD324644
S315080200E02946FFF7A1F860B303212846FAF7DCFA96
S315080200F01D22E0861B2118E0322B7FF4BFADFFF7E5
S31508020100B2F8324629462046FFF78EF800287FF4D1
S31508020110DEAE7E212046FFF738FAAFE503212846F0
S31508020120FAF7C2FA1D22E08619212046FFF701F8DE
S31508020130A4E503212846FAF7B7FA2F22E0862D21ED
S31508020140F3E7212342E60379222B06D003D81E2B96
S31508020150B3D0202B48E7302B46E7FFF784F8D8E7D9
S315080201600379162B7FF48AAD731E9BB26A1C002193
S31508020170FFF751F9A1E7042E7FF6EEAC29790A2991
S315080201803AD10379023B122B35D801A252F823F051
S31508020190BB000208F7010208BB000208F7010208C1
S315080201A0DD010208F7010208DD010208F70102086B
S315080201B0BB000208F7010208BB000208F7010208A1
S315080201C0F7010208F7010208F7010208F701020817
S315080201D0F7010208F7010208E5010208418DFFF757
S315080201E02EF96AE7FFF73FF8228DA38D9A427FF42C
S315080201F06EAE0A218EE70A212046FFF7DDF93DE5B4
S31508020200042838B5154640F081801378DE2B69D06C
S3150802021007D8052B2FD0DD2B45D0BDE83840FFF790
S31508020220D5BADF2BF9D102211046FAF73DFA014673
S31508020230FEF764FF04460028EFD00846FEF7E0FF03
S3150802024084F87100EB7A84F87030002384F86F30F2
S3150802025084F86D302379002BDFD0EB7A002BDCD0C3
S31508020260053B012B20464CD8FEF7FDFF70212046A0
S31508020270FFF78BF9D1E710460321FAF715FAFEF7CD
S315080202803DFF04460028C8D01F21FFF795F904F15F
S315080202905C00FAF7F3F921461D4807F0E0FC204610
S315080202A0FAF782F9B9E702211046FAF7FDF901468B
S315080202B0FEF724FF04460028AFD00846FEF7A0FF43
S315080202C094F86D3084F87100002BA6D0002384F8C8
S315080202D06D30EB7A002BA0D094F86E102046FFF70B
S315080202E06BF99AE710460221FAF7DEF9FEF706FFDE
S315080202F0002892D0012380F86F30002380F87030EE
S315080203008BE7FEF7B0FF94F86E10B0E738BD00BF72
S31508020310287D01200B4A0C48002310B513600B4AAE
S315080203200B4C4460012111700A4A1370FAF774FEE5
S315080203300948446002F0BAF8BDE81040074807F0D9
S3150802034051BD00BF287D0120347D01202C7D01206E
S31508020350010202082D7D01203C7D012039FB01089E
S315080203604160028103B15B8843810146014807F077
S315080203705EBC00BF307D01200146014807F06FBC14
S31508020380307D012070B5064608461446FEF7C0FFC2
S315080203900346B0B10579B5B90C4A82628660C58250
S315080203A000F11801224604F1100052F8044B41F8F4
S315080203B0044B8242F9D103221A71FFF707FA28463B
S315080203C070BD5625FBE79525F9E700BF0100FFFF3B
S315080203D0F8B50746084616461D46FEF799FF014632
S315080203E0D8B10479DCB9012380F84C30069B8760C2
S315080203F006854585C48200F1180203F1100053F8F8
S31508020400045B42F8045B8342F9D100234B86072337
S315080204100B71FFF7DBF92046F8BD5624FBE7952456
S31508020420F9E707B5009353881288FFF7D1FF03B09F
S315080204305DF804FB2DE9F0418046084616461F463C
S31508020440FEF766FF0446F0B10579F5B9F80702D555
S31508020450F388D9061BD5BA0702D5F3889B0618D5A1
S3150802046073882385B3886385C4F808803A460021D1
S3150802047004F14A00FAF72BF923232371FFF7A6F9A9
S315080204802846BDE8F0815625FAE79525F8E7982526
S31508020490F6E79925F4E7F8B5144606460D46FAF73F
S315080204A003F9A91C20803046FAF7FEF8A71D043581
S315080204B0608039467019FAF75AF93846FAF782F916
S315080204C018B100213846FAF71DF9A080F8BDF8B52B
S315080204D0144606460D46FAF7E7F8A91C2080304668
S315080204E0FAF7E2F8291D60803046FAF7DDF8A91D09
S315080204F0A0803046FAF7D8F804F10A070835E080F2
S3150802050039467019FAF733F93846FAF75BF918B12A
S3150802051000213846FAF7F6F82081F8BD014BFE228B
S315080205201A607047447D0120704701207047000019
S31508020530F8B5114D2B68FE2B07460E46144617D101
S315080205400E481146FAF72BF92B460A3543F8047B6F
S31508020550306845F8060CB2889A80224604F11003E0
S3150802056052F8041B45F8041B9A42F9D10020F8BD3B
S315080205704FF0FF30FBE700BF447D0120845103089A
S3150802058030B5044621B138200E4D6043285808601C
S3150802059042B13821614304310A484518405810606F
S315080205A0A988918063B1074A382000FB042000F12C
S315080205B00A021A3052F8041B43F8041B8242F9D184
S315080205C030BD00BF447D012070B5144D3824444324
S315080205D006462819418522B1106851682C342C44E4
S315080205E003C45BB1382202FB06521A3203F1100128
S315080205F053F8040B42F8040B8B42F9D1382000FB5E
S315080206000655049B85F83430059B85F83530069BDC
S3150802061085F83630079B85F8373070BD447D012052
S31508020620F0B50446DDE905ECDDE9077629B122488D
S31508020630382505FB0400408D08803AB11E4D382145
S3150802064001FB04552C3503CD1060516063B11A4A7B
S31508020650382101FB042202F11A012A3251F8040B4D
S3150802066043F8040B9142F9D1BEF1000F07D0124BA1
S31508020670382202FB043393F83430CEF80030BCF14A
S31508020680000F07D00C4B382202FB043393F835309F
S31508020690CCF8003037B1084B382202FB043393F802
S315080206A036303B6036B10448382303FB040494F819
S315080206B037303360F0BD00BF447D0120431E0F3042
S315080206C013F8012F1AB98342FAD101207047002084
S315080206D0704700000248102200210CF01DBC00BF22
S315080206E0BB7E0120034610F0010F0CBF0020032039
S315080206F09A0748BF40F00C005B0748BF40F010005D
S3150802070070470000034B002283F8A5209A74FFF76E
S31508020710E1BF00BFA47E0120024B08221A740123FE
S3150802072003737047A47E012010B5054C23888342C3
S3150802073005D10448F9F7A2FF4FF6FF73238010BDCF
S315080207405A020020A47E012008B507480749F9F78E
S3150802075066FF074B04481968F9F780FFBDE80840A9
S315080207600148F9F785BF00BF807D0120A509020867
S31508020770947D012070B58378364C054663B194F8AA
S315080207803F6004F139031A79334B1B789A4208DA27
S3150802079000236B7406204BE094F8456004F140038D
S315080207A0F1E72E4B1B789342A8BF13466B74002BB6
S315080207B0F0D0002394F83B20A37584F8283094F8E7
S315080207C042301A420DD026492648F9F7E8FF052392
S315080207D0A375A17D05293BD8DFE801F01A2B2B2B3F
S315080207E0353094F83C3094F8432013435B07F0D530
S315080207F0FFF770FF94F83A100429EAD894F84130C2
S31508020800042BE6D8184A03EB83030A44D35CDFE7D2
S31508020810164B1B7813F0010F1AD03046FFF762FF0A
S315080208200023C91A18BF0121E074A3821846E97386
S3150802083070BD0E4B1B7813F0040FEDE70B4B1B78BC
S3150802084013F0020FE8E7094B1B7813F0080FE3E7EA
S315080208500320EDE7A47E0120327E0120317E0120AD
S31508020860BB7E012088510308CC510308A17D0120D3
S3150802087013B50C4C01902046F9F700FF0199204662
S31508020880F9F7F2FE20460849F9F7C9FE204647F26B
S315080208903051F9F7E3FE204602B0BDE81040F9F7F9
S315080208A0E7BE00BFA47E01207D24020808B5FAF738
S315080208B009FA08B100F5DE6008BD000037B580B256
S315080208C0FFF7F4FF0446D8B10E4D0F4805F1AC0107
S315080208D0F9F74AFF95F8B330627C0B490B4823F0C7
S315080208E00F03013B1344E27B23F0100303EB0213CD
S315080208F085F8B330238800930222054B07F06CF97A
S3150802090003B030BDA47E01207A7E01200C7E012030
S31508020910290B020808B5084B1B785BB10748F9F79B
S31508020920ADFE06480021F9F799FEBDE808400348DE
S31508020930F9F79EBE08BD00BF307E0120847E0120E5
S31508020940074B00221A70074A074BB2F80D10D27BE2
S315080209505A71A3F80310054B05221A70FFF7DABF7E
S31508020960EC7D0120BC7D0120747E0120A07D012042
S31508020970094A0A49137808780949032803F03F0304
S315080209800BBF43F040031370137005230CBF0870A6
S315080209900B70FFF7BFBF00BF747E0120907D012058
S315080209A0A07D012008B5094B09481968F9F756FED2
S315080209B00748F9F75DFE074B1A782AB901221A7019
S315080209C0BDE80840FFF7A6BF08BD00BF947D012019
S315080209D0807D0120A07D012008B5074B07490848FC
S315080209E000221A70F9F7DBFE064B03221A70BDE8DD
S315080209F00840FFF78FBF00BFEC7D0120337E012040
S31508020A008C5103087C7D012008B5074B0749084825
S31508020A1000221A70F9F7C3FE064B02221A70BDE8C5
S31508020A200840FFF777BF00BFEC7D0120637E0120F7
S31508020A30845103087C7D0120104B002210B51A70E0
S31508020A4040B10F4B0F481B680F4A5C680F49006894
S31508020A501023A0470C490E480E4CF9F7A0FE0123B5
S31508020A6023700D4B1B782BB10C490D48F9F797FEED
S31508020A7002232370BDE81040FFF74CBF737E0120A6
S31508020A809C7E0120987E0120537E012052494D53B7
S31508020A90905103087C7D0120A07E0120637E0120FF
S31508020AA093510308F7B5164D164E174F00232B70B0
S31508020AB030B13B68154A5C68154930681023A0476F
S31508020AC012491448144CF9F76AFE3B6813491F6821
S31508020AD0306810232246B847102805D1002003B0F3
S31508020AE0BDE8F040FFF7A8BF01232B700C480D4B59
S31508020AF000941022214607F06FF803B0F0BD00BF3C
S31508020B00737E0120987E01209C7E0120437E01206F
S31508020B1052454D5397510308537E012052494D536E
S31508020B200C7E0120390A020810B580B2FFF7BEFE14
S31508020B30044660B106480021F9F7DEFD054BA3F825
S31508020B40A80014232373BDE81040FFF7E3BE10BDC7
S31508020B507A7E0120A47E012008B580B2FFF7A6FEA0
S31508020B6028B10B230373BDE80840FFF7D3BE08BDBF
S31508020B70154B70B580B200261E70FFF797FE044625
S31508020B8000B3407C114D1028A0F10F0388BF012342
S31508020B90A3EB000303F10F03C0F11002314688BF2D
S31508020BA03246E8180CF0B8F929460948F9F7F7FD6C
S31508020BB0A378B34214BF26232E232373BDE87040BD
S31508020BC0FFF7A8BE70BD00BFEC7D0120397F01206A
S31508020BD09A510308094B10B5002280B21A70FFF722
S31508020BE065FE044648B106490648F9F7D8FD0F23BB
S31508020BF02373BDE81040FFF78DBE10BDEC7D0120C2
S31508020C00FB7E01209E5103087FB5034600689B8838
S31508020C10ADF808300B68019014460F48CDF80A3033
S31508020C2000228B8800926946ADF80E30F9F7B7FDB7
S31508020C300A486B46621E04F10F0510F8011B13F8E9
S31508020C40016B714002F8011FAA42F6D104482146F7
S31508020C50F9F7A5FD04B070BDA2510308BC7D0120B9
S31508020C60A551030837B50F4D002380B22B70FFF745
S31508020C701DFE0446A0B10C4A02F1660102F16000AB
S31508020C80FFF7C2FF01232B7023880193074B0093BA
S31508020C90074B0848A3F12E02A3F1400106F0AEFF66
S31508020CA003B030BDEC7D0120CD7E0120D50B0208B4
S31508020CB0FB7E0120F07D012037B50F4D002380B25F
S31508020CC02B70FFF7F3FD044698B10C4A02F1660150
S31508020CD002F16000FFF798FF0123084A2B70238868
S31508020CE00193074B00930748074BA2F1120106F03E
S31508020CF085FF03B030BD00BFEC7D0120CD7E01200B
S31508020D00B10E0208F07D0120BC7D012070B50A4CA7
S31508020D1005460E461022002120460CF0FDF8324602
S31508020D2020460C21F9F7FAFC2A4620460E21BDE890
S31508020D307040F9F7F3BC00BFDC7D012073B5114E94
S31508020D40002380B23370FFF7B1FD0446B8B10E4DE9
S31508020D500E4805F19501F9F722FDB5F8A80001211B
S31508020D60FFF7D4FF0123337023880193084B0093BE
S31508020D70084A0949094805F1C40306F03FFF02B0CB
S31508020D8070BD00BFEC7D0120A47E0120A851030896
S31508020D9049130208DC7D0120437E0120F07D0120F3
S31508020DA0F7B5134E002780B23770FFF77FFD054669
S31508020DB0E0B10E210F48104CF9F79EFC82B2B4F846
S31508020DC0A800A4F8A62039464240A4F8AA20FFF7AC
S31508020DD09DFF012333702B880193084B0093084A21
S31508020DE00849094804F1950306F008FF03B0F0BD67
S31508020DF0EC7D0120BC7D0120A47E01203D0D020868
S31508020E00DC7D0120437E0120F07D0120F7B5134EDB
S31508020E10002780B23770FFF749FD0546E0B10E217B
S31508020E200F48104CF9F768FC82B2B4F8AA00A4F885
S31508020E30A62050403946A4F8A800FFF767FF012309
S31508020E4033702B880193084B0093084A08490948CE
S31508020E5004F1950306F0D2FE03B0F0BDEC7D012045
S31508020E60BC7D0120A47E0120D5110208DC7D01206B
S31508020E70437E0120F07D012038B50D460446014621
S31508020E800848F9F78CFC08482946F9F788FC074B05
S31508020E90AA689A60EA68DA60A2681A60E2685A6022
S31508020EA038BD00BFAC510308AF510308DC7D0120F1
S31508020EB073B51B4E002380B23370FFF7F7FC044666
S31508020EC060B3184D18491948F9F769FC16491022F2
S31508020ED005F177000BF072FF40B104232B7401234E
S31508020EE0237302B0BDE87040FFF714BDA3780BB1B7
S31508020EF01023F5E705F1470105F16700FFF7BCFF87
S31508020F000123337023880193094B0093094A0A483F
S31508020F1005F1950305F1170106F070FE02B070BDE2
S31508020F20EC7D0120A47E0120BC7D01209E51030890
S31508020F30710B0208DC7D0120F07D01207FB5044695
S31508020F400E46104669461D46F9F70BFC0DF10701D8
S31508020F503046F9F706FC9DF8203010488DF80E3019
S31508020F6069468DF80F50F9F71AFC0D482146F9F72C
S31508020F7016FC0C48621E6B460F3412F8015F13F812
S31508020F80011BA24281EA050100F8011BF5D10549B8
S31508020F900548F9F704FC04B070BD00BFB251030856
S31508020FA012520308DC7D0120B55103087FB50B46B2
S31508020FB0024604460D4604200121FBF79BFD0A4919
S31508020FC001A806F062FE01A806F065FE08B904B09B
S31508020FD070BD01A806F06DFE2B4646682246002122
S31508020FE00420B047EFE700BF247E01202DE9F04137
S31508020FF088B00746BDF838800E4615461C4601AA33
S31508021000002369464046FFF7BBFA32468DF80C7054
S3150802101003A8122702218DF80D70F9F758FB0DF176
S31508021020110120468DF81050F9F7A4FB009B8DF8A4
S31508021030173006A901A8F9F79DFB4246394603A8C7
S31508021040F9F745FB142103A8FFF7B0FF08B0BDE87E
S31508021050F08100002DE9F041494E96F83C3096F8A9
S3150802106043201340DC078CB0054640F18680717D2B
S3150802107011F0040128D1102206F581700BF04CFFFD
S3150802108014E008AB06AA05A920460597FFF778FAE1
S31508021090059BFE2B05D01022414608A80BF08EFEB2
S315080210A068B30134FFF741FAA042EADC96F8224116
S315080210B0002C49D0334A96F8220102F12101FFF7A2
S315080210C037FA041E3CDB1AE00024FE2706F581786F
S315080210D0E8E7002308AA06A920460697FFF750FA6A
S315080210E0069B2BB10134FFF720FAA042F1DCE1E7B7
S315080210F00622414608A80BF061FE0028F2D1A3B2E7
S3150802110096F82221009329881F4BDB20FFF76EFFF2
S3150802111003236B7396F82820D2B1012303936B7EBF
S31508021120D81E4342434100210293EB7B0193CDE94A
S3150802113008116B7C0093154B08AA2046FFF744FA60
S315080211406C620CB0BDE8F081DFF83C80FE27CAE786
S31508021150737D03F00303032BF2D16B7E0392DA1E2F
S31508021160534253410293EB7B01936B7C0093084BEA
S31508021170B6F8E810A3F10802DFE74FF0FF34DFE71D
S31508021180A47E0120A67F0120C77F0120397F012086
S31508021190967F012008B5084950B191F84500FFF736
S315080211A0A1FA4B7D30EA03030CBF0120002008BDDB
S315080211B091F84600F3E700BFA47E012010B5044665
S315080211C00348F9F75BFA2046BDE81040FFF750BB23
S315080211D0A47E0120134B70B580B200261E70FFF75D
S315080211E065FB0446E8B1407C0F4D1028A0F10F03B9
S315080211F088BF0123A3EB000303F10F03C0F110021A
S31508021200314605EB030088BF32460BF085FE2946B8
S315080212100648F9F7C4FA28232373BDE87040FFF796
S3150802122079BB70BDEC7D0120397F0120A8510308E6
S31508021230F8B5294C437984F82231D0F80630C4F837
S3150802124023314389A4F82731002384F82730234B16
S315080212501B680546871D33B1407904F117023946E2
S31508021260984784F82700AB781D4EE3B11D49C81F7D
S31508021270F9F780FE6B7984F88730D5F806201A4B81
S31508021280C4F88920BA889A80493B1849327809787D
S31508021290597002F0DF0294F82710DA70144A99702E
S315080212A012781A71F8BD1049881EF9F763FE6B7930
S315080212B084F88830D5F806200A4BC4F88F20BA88F5
S315080212C09A80327802F00102023284F83E2084F8CB
S315080212D03F20563BD9E700BFA47E01202C7E012081
S315080212E0ED7D0120337F01202D7F01205C02002045
S315080212F0317E0120F0B590F8283085B00D461446A7
S31508021300EBB1104E028896F82271DD238DF8003073
S3150802131002210B2368468DF80130F9F7D8F90DF149
S31508021320050106F223108DF80470F9F723FA0D2148
S3150802133068468DF80B508DF80C40FFF737FE05B05E
S31508021340F0BD00BFA47E012070B5134D002680B201
S315080213502E70FFF7ABFA0446E0B12E700F4D104817
S3150802136005F1C401F9F71BFAEB7C2BB1172323739A
S31508021370BDE87040FFF7CEBAA2780AB11823F6E79D
S315080213802923204623731146FFF7B4FF2088FFF767
S31508021390CBF9EDE770BD00BFEC7D0120A47E0120EC
S315080213A0B851030830B585B015461C460A460D23C2
S315080213B08DF80000022168468DF80130F9F787F9A1
S315080213C00DF1050120468DF80450F9F7D3F9089A6C
S315080213D068460B21F9F781F90F216846FFF7E6FD02
S315080213E005B030BD30B585B015461C460A460923F8
S315080213F08DF80400022101A88DF80530F9F767F97E
S315080214000DF1090120468DF80850F9F7B3F90B21B9
S3150802141001A8FFF7CBFD05B030BD1FB590F82930FE
S31508021420044683B9012280F82920406A00280CDB89
S3150802143002AA01A9FFF7A4F89DF80420218802ABA5
S31508021440DE20FFF7CFFF04B010BD6379D4F806009B
S31508021450019363890290ADF80C30EDE730B52B495C
S3150802146000238A7D4B74012385B0044680F8283010
S31508021470042A1FD8DFE802F0430320303500A0789B
S3150802148025886279A31D40B1012048742946D320D4
S3150802149005B0BDE83040FFF7A5BF1D480C21CDE9D0
S315080214A00232F9F72FF9DDE9023200902946D120F6
S315080214B0FFF778FF05B030BDA07825886279A31DAD
S315080214C00028E1D012480C21CDE90223F9F71AF9CE
S315080214D0DDE902230090E9E74B7462792188A31DAE
S315080214E0D5E74B7462790A48258802920C21F9F7E6
S315080214F009F9029A0090A31D2946D420D8E74B740D
S3150802150062792188A31DD020C2E700BFA47E0120EC
S31508021510BB7E012037B580B2FFF7C8F9044600281A
S3150802152038D0FFF7D7F81C4B1A68531C0CD11B4846
S315080215300021F9F7BFF81A4BC0F313029A4284BF87
S31508021540A2F57422A2F23F22164D0C2105F11700CC
S31508021550F9F7EAF8A37833B12223237303B0BDE877
S315080215603040FFF7D7B995F828300BB13123F4E7A5
S31508021570042323732046FFF771FF6B7C002BEDD102
S31508021580238800930848094B102205F1470106F003
S3150802159023FBE3E703B030BD287E01207A7E0120D3
S315080215A03E420F00A47E01200C7E0120590B020840
S315080215B030B585B015461C460A460A238DF804003E
S315080215C0022101A88DF80530F9F781F80DF1090114
S315080215D020468DF80850F9F7CDF89DF820308DF899
S315080215E00F300C2101A8FFF7E1FC05B030BD30B57C
S315080215F090F8293087B004460D468BB1002380F84F
S315080216002930406A98420DDB04AA03A9FEF7B8FFFF
S315080216109DF80C202188009504ABDF20FFF7C8FF50
S3150802162007B030BD6379D4F8060003936389049042
S31508021630ADF81430ECE7000030B590F8283085B0E4
S31508021640E3B9012380F828300D4C028894F8225118
S31508021650DC238DF804300221092301A88DF8053010
S31508021660F9F735F80DF1090104F223108DF808503F
S31508021670F9F780F80B2101A8FFF798FC05B030BDF1
S31508021680A47E01202DE9F0414B494C4A0F784C4B78
S3150802169014681E68DFF8348100251560022F4FF0A2
S315080216A0FF3288B00D701A6040F0818001282788C1
S315080216B052D003236373666204AB2A463046CDE9E9
S315080216C00255CDE900552946FEF7AAFF04A8FEF7FA
S315080216D0F5FFA37880F00100C0B24BB3237B1D2B24
S315080216E002D11C23237313E0212B01D12023F9E70E
S315080216F023794BB125711B232373A8B12046FFF723
S315080217008CFEFFF707F903E02E4B1B78002BF2D16C
S31508021710B6B22D4B98F8002000963946D720FFF727
S3150802172065FC08B0BDE8F0812046FFF785FFE8E7CB
S3150802173023795BB9E378003B18BF01230022E270E4
S31508021740227128B1002BE3D02F23CBE70123F5E73B
S31508021750002BDDD02A23C5E7A278042363732379F5
S31508021760DAB1227B1D2A04BF1E2222733BB1002353
S3150802177023711B2323732046FFF75EFF03E0114BF9
S315080217801B78002BF5D1104B98F800203946D62045
S3150802179008B0BDE8F041FFF725BE13B9E378002B80
S315080217A0F1D00023E37023712A232373EBE7012880
S315080217B02F46ADD1E7E700BFB47D0120AC7D0120FD
S315080217C0B87D0120947E0120A37D0120A27D0120FF
S315080217D008B50A4B0A490B4800221A7003220BF075
S315080217E0EDFA28B9FFF74EFFBDE80840FFF792B8B1
S315080217F0054A136801331360F6E700BFEC7D012042
S31508021800C97D0120A67D0120B87D01202DE9F0437E
S3150802181093B0FBF729F8022831D1F9F795FA00288F
S315080218202DD0A84B1B7853BBA74B1C78012C14D080
S31508021830022C27D0A54B1A78032A32D0052A48D07B
S31508021840012A4FD102221A7000230093A049A14B04
S31508021850A148062206F0C0F911E0A04E3578002DFF
S31508021860E8D129462046FFF751FA9D4B347000937A
S315080218709C4B01959C4A9D499D4806F0BFF913B0B9
S31508021880BDE8F083954D2C78002CD3D12146032050
S31508021890FFF73CFA01232B70964B00930194964B63
S315080218A0E8E78E4E3578EDB98F4C0D22294620464B
S315080218B00BF032FB864B8B491A889B78E37301231C
S315080218C033708E4BA4F80D20009301958C4B22465B
S315080218D0D2E77F498B4800221A7013B0BDE8F0435D
S315080218E0F9F7ACBC884E3378002B50D10AA8F9F721
S315080218F0E1F90AA806F0CFF920B30AA806F0D9F941
S3150802190090F8FD36012B0446F3D1804BD0F8F61633
S315080219101960B0F8FA1699807D4B90F8F5261A7078
S315080219207C4B002119607C4B00F5DE6119600225AB
S31508021930B0F8F016357000F2F663D520FFF752FDBF
S3150802194084F8FD56337813BB744F384606F06AF9A5
S315080219500546D0B93C683846214606F080F96B4BF5
S315080219606168196021899980694BA27A1A70694B54
S315080219701D6001233370684BD5201D602946231D3F
S31508021980FFF730FD2046F8F715FE337853B3614C5E
S315080219905F4E0DE0FE23079308AA0DAB07A928465A
S315080219A0FEF7EEFD079BFE2B08D123680133236061
S315080219B0FEF7BBFD25688542ECDB0BE03578AB42CA
S315080219C043D15249062208A80BF0F8F900283CD15F
S315080219D0FFF758FEFEF7A9FD2368984202DC0120AC
S315080219E0FFF750FEF9F7B0F900283FF448AF0DA803
S315080219F0F9F760F90DA806F04EF9002851D1484FBB
S31508021A00DFF830810DA8F9F755F93A884FF6FF73D2
S31508021A109A4200F0918038884FF6FF7398423FF455
S31508021A202EAFFEF743FF044600283FF428AF388856
S31508021A300621FBF719FC002840F098803888062111
S31508021A4013B0BDE8F043FBF701BC002DADD0234D22
S31508021A502B78012BBED03348334C0DA9F8F79FFEDD
S31508021A6011AE0DAB1A4603CAB24220606160134634
S31508021A7004F10804F6D11C4C0D22002120460BF075
S31508021A804BFA224B28491A889B78E37301232B7059
S31508021A900023A4F80D200193244B00932246184BE9
S31508021AA0EAE60DA806F005F990F8FC361E2BA1D138
S31508021AB01A23B0F8F01680F8FC361D48F9F7BEFB73
S31508021AC0DDE600BF737E01207C7D0120A07D01201A
S31508021AD0747E0120710902080C7E0120EC7D01202A
S31508021AE0090A0208637E0120DC7D0120537E01205B
S31508021AF0F07D0120D9090208337E01204109020836
S31508021B00BC7D012038500308B47D0120A37D012045
S31508021B10A27D0120B87D0120AC7D0120B07D012087
S31508021B205A02002093510308CC7D0120D1170208DE
S31508021B30D04F0308238010000DA806F0ACF8002841
S31508021B403FF469AF0DA806F0B4F890F8FC361B3BD3
S31508021B50DBB2142B3FF659AF012202FA03F313EA5A
S31508021B60080F1CBFB0F8F0363B804EE7994DAE7CA5
S31508021B705EB306F01F010022760921FA02F313F07A
S31508021B8001031ED0531E012B03D8013E16F0FF0691
S31508021B9003D10123934021EA0301D3B241EA461154
S31508021BA00E22A9748DF834208DF835302088022348
S31508021BB00DAA0621FBF78DFB38880621FBF746FBA3
S31508021BC05DE60132052AD8D1E8E738880621FBF70F
S31508021BD04BFB237B013B2E2B00F2B380DFE813F08D
S31508021BE02F00B100B100B100B100B100B100B100DF
S31508021BF0B100B1004F01B1006D01B100BA013E0159
S31508021C008501B100B100A201B100B1001B02B10009
S31508021C10B100B1009F00DC01B100B100B100B8000B
S31508021C20B1000C01B100B100B100CA01B100D60180
S31508021C30B1008500B100B100B1000E024A002B7C4A
S31508021C408DF8353005268DF83460A3782088002B68
S31508021C5014BF1A23292323730DAA06210223FBF78D
S31508021C6038FB2A7C31462046FFF744FB2088FEF7DC
S31508021C705BFD66E0FEF746FD0DAB03930AAB0293E6
S31508021C8008AB019307AB0093534B606AA3F10802B2
S31508021C90A3F10A01FEF7C4FC079B6374089BE3736E
S31508021CA00A9B002B18BF032666760D9B23742046D3
S31508021CB0FFF7B3FB48480DA9F8F759FD1923237313
S31508021CC000214648F8F71EFD042105904348F8F717
S31508021CD019FD0DAB218801930246059BB5F8E8006C
S31508021CE000903F48F9F7AAFAC9E5FEF70BFD204628
S31508021CF0FFF79EFA2046FEF7BBFD2046FFF79CFC3F
S31508021D00012385F83930374A2B2323730723208882
S31508021D100621FBF7DEFA2046FFF750FA11E00B23FD
S31508021D208DF83430304B1B788DF835301F232373EA
S31508021D30208802230DAA0621FBF7CBFA2046FEF7D6
S31508021D4097FD3A884FF6FF739A423FF45BAE96E5E3
S31508021D50FEF7D8FC637B032B14D10022CDE90222BD
S31508021D60CDE900220DAB606A1146FEF759FC0DA8B3
S31508021D70FEF7A4FC30B92046FFF74FFB06212046A2
S31508021D80FFF735FC2046FFF753FA2046FFF754FCC7
S31508021D90144BD4F812201A60E28A9A80227E9A712B
S31508021DA02046FEF7E7FC28B1012328742373FEF7C1
S31508021DB0B1FDC6E72046FEF75BFDAB7D022B1BD1C4
S31508021DC02388009309490A4B0A48082205F004FFAA
S31508021DD0B7E700BFA47E0120967F01208E7F0120EF
S31508021DE058500308DD7E0120ED7D01207A7E012010
S31508021DF0151502080C7E0120022385F84030AA4BED
S31508021E00187895F83E3000F001000230034085F854
S31508021E10453095F83F30184085F84600FEF762FCD3
S31508021E200023AB8295F82830E874002B14BF3223BE
S31508021E3023239E4A2373062107232088FBF749FAA0
S31508021E402046FFF7BBF995F828301BB1AB7D002B6E
S31508021E507FF415AD2046FFF701FB10E504239448ED
S31508021E608DF834300DF13501F8F781FCA378002B93
S31508021E7014BF25232D2323730DAA112347E78D4E5D
S31508021E803378012B3FF45DAF95F88830874A009383
S31508021E9095F88730D11FD01DFFF750F80C2323730E
S31508021EA00123337023880193834B0093834A844B1F
S31508021EB08449854805F0A2FE43E77E4E3378012B16
S31508021EC03FF43FAF95F88830784A009395F8873003
S31508021ED0D11F02F12700FFF731F80E2323730123DE
S31508021EE0337023880193794BDFE7724D2B78012BE8
S31508021EF03FF427AFA3788BB17549A1F12000FEF70D
S31508021F00BBFF1223237301232B7023880193714B82
S31508021F100093714B694AA3F17E01CAE7644901F14C
S31508021F202000ECE7634D2B78012B3FF40AAF634A96
S31508021F30002313605360694B03CB1523D16090606D
S31508021F40237301232B7023880193654B00936549FC
S31508021F505B4BAEE7032364488DF834300DF1350147
S31508021F60F8F705FCA378002B14BF24232C2323732C
S31508021F7011237EE058480DA9F8F7F9FB13232188A7
S31508021F8023730DAA5948F9F759F978E452480DA965
S31508021F90F8F7EDFB1923F2E7DFF8189199F8003004
S31508021FA0012B3FF4CEAEFEF7ADFB4C4EE069216A3B
S31508021FB003C6638BA5F8AA3095F8B33003F00F026F
S31508021FC00132C3F3001300256274E37320462574B5
S31508021FD0FFF723FAA6F1080303CB384A2723D16071
S31508021FE09060156055602373012389F800302388B1
S31508021FF001933F4B00933B49314B3DE40DA93648CB
S31508022000F8F7B5FB132323730DAB2188019300233D
S3150802201000931A4665E6EE7C002E00F0A480F007CF
S315080220200FD52B7D2C4826F0010643F00103EE74EA
S315080220302B7506258DF834500DF13501F8F797FB07
S3150802204096E7B1071FD52B7DB5F8AA2043F0020300
S315080220502B75012107230DA826F002068DF83430C8
S31508022060EE74F8F734FB1D480DF13701F8F77CFBDF
S315080220700B2320880DAA0621FBF72BF92046FFF72A
S315080220809DF8FFF7FCBB16F0040735D02B7D1948DF
S3150802209043F0040326F004062B750823EE748DF824
S315080220A034300DF13501C9E7ED7D0120E47E0120CA
S315080220B0EB7E0120EC7D0120650C0208DC7D012007
S315080220C0BC7D0120BB7E0120F07D0120B90C0208EF
S315080220D00B7F0120710B0208397F0120507F0120F6
S315080220E0A10D0208337E0120FB7E0120D84F03088A
S315080220F00D0E0208637E0120320723D52B7D43F09D
S3150802210008032B7509238DF83430214B1B7826F0EA
S315080221100806012BEE7409D9023B012B0CD90DF1E5
S3150802212036010AA8F8F726FB0823A2E70AA90DF141
S315080221303500F8F71FFFF2E70AA8F8F7EFFF8DF860
S315080221403570ECE7F3067FF59AAB2B7D114843F021
S31508022150100326F010062B750A23EE748DF8343018
S315080221600DF135016AE7A27872B11046FFF712F847
S3150802217038B12046FEF76EFF1A23237332461146FC
S3150802218071E518232373DCE529232373F7E700BFD8
S31508022190907D0120687F0120F0B5042889B00F469A
S315080221A0154607D11378782B26D109B0BDE8F04039
S315080221B0FFF72CBB09281FD1F3B116780E2E1BD8B0
S315080221C09E4A925D9A4217D10846FEF76FFB04466D
S315080221D090B1052E12D13146FFF709FA6A783146CF
S315080221E02046FFF787F83846FEF79EFAA378002BB3
S315080221F014BF1A232923237309B0F0BD0E2E12D158
S31508022200DA238DF8103004A803233A4602218DF802
S315080222101130F8F75CFA6B788DF81430052104A8AA
S31508022220FEF7C4FEE8E7037B022BE5D0183BDAB2D9
S31508022230152A30D8152B2ED8DFE803F0A92D6F6F93
S315080222402D2D2D6F2D2D2D7FA02D2D2D2D0B2D30C6
S315080222505FA00B2E01D182781AB12046FEF75CFAEE
S3150802226019E0437B032B03D0042B12D12A230EE059
S31508022270CDE90222CDE9002204AB406A1146FEF7F7
S31508022280CFF904A8FEF71AFA0028EFD12F232373F1
S3150802229001E00123C370FEF73DFBADE70B2EFAD032
S315080222A0022EDAD1664E28683064AA88AB7986F897
S315080222B04630A6F844202046FEF75CFA10B1307480
S315080222C00123E4E7B37D012B05D1238800935D4BF7
S315080222D05D4908220DE0042323732046FFF7BEF862
S315080222E0737C002BD7D123880093584B102206F112
S315080222F04701574805F070FCCDE7032EADD1554985
S31508022300681CF8F734FA53491022A1F120000AF0A2
S3150802231055FD0028A1D01023B9E7012E9DD12B68BF
S31508022320C0F81230AB88C382AB790376437B033B92
S31508022330012B94BF20232123A9E7032E8DD1404EDA
S31508022340681C06F17701F8F712FAB37D022B05D15C
S3150802235062792188A31DD220FFF744F8737C042BE7
S3150802236002D10123337492E7012B01D104238EE7AC
S31508022370238800933849354B1022BAE7042E7FF496
S315080223806CAF3649681CF8F7F2F90D237FE7063E6B
S31508022390042E1ED8DFE806F0030D343C4A0028490D
S315080223A04B7D43F001034B75F231681CF8F7DFF9F0
S315080223B00FE0234E737D012143F00203284673750D
S315080223C0F8F772F906F1EA01A6F8E800E81CF8F748
S315080223D0CBF9A078FEF7DEFE00283FF45CAF204674
S315080223E0FEF738FEA378002B3AD01A23002220469D
S315080223F023731146FEF77EFF2088FEF795F94AE712
S315080224000F494B7D43F004034B7501F58171CCE707
S315080224100B494B7D43F008034B756B7881F82231E3
S31508022420A81C01F22311F8F7A5F9D2E704494B7D56
S3150802243043F010034B7501F58971B6E7BD510308E0
S31508022440A47E0120151502087A7E0120590B02087E
S315080224500C7E01201B7F0120EB7E01200B7F0120D1
S31508022460044B93F828300BB1172310E723880093FF
S31508022470014B2DE7A47E0120BD08020810B5F8F726
S31508022480F5F80223044603730821FFF7B0F820463D
S3150802249000220821FEF72EFF2088FEF745F9BDE83F
S315080224A01040FFF7B3B9FFF7B1B90000014601487A
S315080224B005F0CABB247E0120014B1870704700BF85
S315080224C05C020020044B00F1100250F8041B43F88A
S315080224D0041B9042F9D17047437E0120044B00F158
S315080224E0100250F8041B43F8041B9042F9D17047B6
S315080224F0537E012038B5234C2378002B40D122493C
S31508022500224A302303F1600001F8013B0133DBB2B2
S31508022510402B02F8010BF5D11D4B1E491E480F220E
S315080225201A701E4B10221A701D4B07221A701D4B69
S315080225304FF0FF321A601C4B01251D7000230B70E9
S315080225401A490B701A490B701A490A601A490B7014
S315080225501A490B601A4B1B4919601B4B1B491A80F7
S31508022560F8F75DF81A481B4B4360F8F755FD05F076
S3150802257021FBFDF7D3FF18480621FAF7CFFE25708F
S3150802258038BD00BF307E0120437E0120537E0120E4
S31508022590A17D01207C7D0120847E0120317E0120DF
S315080225A0327E0120287E0120827E0120A07D012024
S315080225B0EC7D0120B87D0120B47D0120B07D01208B
S315080225C0947D0120A0BB0D005A020020A724020810
S315080225D0987D0120E12602089921020810B588B0E3
S315080225E0FEF764F9044620B38278037B5AB30BB12B
S315080225F01A2B1CD1637B032B04D0042B1BD001237B
S31508022600237114E00022CDE90222CDE9002204ABAF
S31508022610606A1146FEF704F804A8FEF74FF850B9A7
S31508022620012323711B2323732046FEF7F6FEFEF7CA
S3150802263071F908B010BD012323711B2323732046A9
S31508022640FEF7FAFFF3E7032B09D0292B02D0002B5A
S31508022650EDD1D4E7437B032B03D0042BCFD12A2316
S3150802266010E0CDE90222CDE9002204AB406A114608
S31508022670FDF7D6FF04A8FEF721F80028EFD10123BB
S3150802268023712F232373D2E708B5FEF70FF908B192
S31508022690406A08BD4FF0FF30FBE7000038B5044634
S315080226A00C480D4DF7F7EAFF201E18BF01202C70C3
S315080226B0FAF79EF82B78012B0AD9FEF745F8074B4D
S315080226C01A782AB901221A70BDE83840FEF722B9EB
S315080226D038BD00BF807D0120907D0120A07D0120AC
S315080226E004282DE9FF41014615460DD11678302EEC
S315080226F000F0F2800DD8082E00F0A3800E2E00F00E
S315080227002981052E00F0068104B0BDE8F041FFF7E5
S315080227107DB83E2E35D0602EF6D19578022DF3D1AE
S31508022720964C974E2046314605F0D2FA2368DBB11D
S31508022730944C1D689449306810232246A8471028ED
S3150802274007D10020FEF7AEF9904B1878FFF7A6FFDF
S31508022750DAE78F4B8F4801221A7021468E4B009476
S31508022760102205F039FAEFE78C4C012323708C4BC3
S315080227701B78002BE8D08B498B48F8F710F82570A0
S31508022780E2E79778012F0FD0052FBDD10321104616
S31508022790F7F78AFFFEF78AF804460028B4D0037BC7
S315080227A0252B28D1112322E0D678002E40F0E3808B
S315080227B01046F7F779FF8046FEF778F804460028B0
S315080227C0A2D0A0F80080AB798370EB794371811DA2
S315080227D005F10800F7F7CEFF4FF0FF336362A378DF
S315080227E0667684F829606773E68113B11A23237320
S315080227F08AE72923FBE74C2B01D12623F7E700F1C9
S315080228001C063146681DF7F7AFFF0D212846F7F774
S315080228104BFF608348B9314604F1240311F8012BB2
S315080228201AB98B42FAD11E23E1E7604B1B780BB12A
S315080228301C23DCE7637B032BFAD0042BF3D01D237E
S31508022840D5E703211046F7F72FFFFEF72FF80446C0
S3150802285000283FF459AF027B6B798373132A1ED083
S31508022860192A7FF451AFBBB1857895B11A23037340
S31508022870002529462046FEF7BAFE23792BB1002207
S31508022880227129462046FEF735FD2088FDF74CFFC2
S315080228903AE729232373ECE7AD780323FAE7002BFB
S315080228A03FF432AF424B93F828300374807810B164
S315080228B03BB117239BE7FEF76DFC58B12046FEF79E
S315080228C0C9FB238800933B493B4B3248082205F053
S315080228D083F919E718238AE703211046F7F7E4FE76
S315080228E0FDF7E4FF00283FF40FAF037B132B0AD052
S315080228F0192B7FF409AF8378002B14BF1A232923D7
S3150802290003730088C2E783780BB10388DAE71823D2
S315080229100373F9E603211046F7F7C6FE0446FDF7E8
S3150802292003FF2046FDF7C2FF044600283FF4ECAE3B
S31508022930037B1A2B0AD0292B08D03BB11321FEF7A9
S3150802294056FE002213212046FEF7D4FC00232373E9
S315080229502380D9E603211046F7F7A6FE174B1B88F4
S3150802296083427FF4D1AEA81D02A9F7F703FF02A896
S31508022970FDF7DAFDC8E604B0BDE8F0819C7E0120C9
S31508022980987E0120437E012052454D53907D0120B9
S31508022990737E01200C7E0120A50A02087C7D012097
S315080229A0A07E0120637E012093510308827E0120C6
S315080229B0A47E01207A7E0120BD0802086050030821
S315080229C030B49DF80C409DF81050CDE9034530BC53
S315080229D0F9F7D8BE08B5FDF769FF38B1837B8BB91D
S315080229E0427B032A03D0101F18BF012008BD027BB1
S315080229F0032A09D0837813B1B2F11A00F4E7B2F1C7
S31508022A002900F1E70020F1E71846EFE736230B70B5
S31508022A10FF234B7004238B70030AC8700B71000CDA
S31508022A20002348718B7170470623FC220B704A708B
S31508022A308B700331F7F79EBE084B00221A60084BCB
S31508022A40084A1968084B21B11160084A12681A60C7
S31508022A50704707491160074AF8E700BFE87F012077
S31508022A60D07F0120E47F0120EC7F0120D47F012062
S31508022A70EC530308E46D0308F8B53D4A3D4F126866
S31508022A803D689542044670D23B4A11686A1C88180A
S31508022A908A5A22808678A670043532462944E01C72
S31508022AA0EDF796FA23884FF68252354493423D60F3
S31508022AB022D04FF68752934205D04FF60C529342D4
S31508022AC050D00120F8BD2D4B0234B3F90010002274
S31508022AD00C238B42A8BF0B46042B0BDD092BCCBF5C
S31508022AE00D230E230132032A04F8013F4FF00A038D
S31508022AF0EFD1E6E70F23F5E7E578214B53F82530C2
S31508022B004BB1043403F1100253F8041B44F8041BB6
S31508022B109342F9D1D5E7194A002DB2F900200CBF24
S31508022B200C210A219142A8BF11460C2AA8BF0C22E1
S31508022B305200D2B20F20261D6FF02207012804D1B7
S31508022B401DB962710138F9D1BBE74FEA410C192B5D
S31508022B5006F800C0F6DC0539B94203F10503B8BF29
S31508022B603946EFE700232371ABE70020AAE700BF47
S31508022B70EC7F0120E87F0120E47F01205E0200202D
S31508022B80D87F012000487047EC51030810B5044667
S31508022B90002800F09F80036C23B9436480F83C3018
S31508022BA0F3F758FA236CDB0600F19280236C23F4C0
S31508022BB0885323F0020343F002032364464B5A6800
S31508022BC022F440325A605A6861680A435A60236896
S31508022BD021695A6822F480725A605A6842EA0122C6
S31508022BE05A605A68A16822F040725A605A680A43C3
S31508022BF05A609A68E16822F400629A609A680A43FF
S31508022C009A603649A26A8A4256D0996821F070615A
S31508022C10996099680A439A609A68E16A22F0405272
S31508022C209A609A680A439A609A68A16922F002022F
S31508022C309A609A6842EA41029A60226A002A43D056
S31508022C405A6842F400625A605A6822F460425A602C
S31508022C50626A5868013A4FF4604191FAA1F1B1FAF1
S31508022C6081F18A4002435A60DA6AE16922F4700203
S31508022C70DA62DA6A013942EA0152DA629A68216B41
S31508022C8022F400729A609A6842EA41229A609A6825
S31508022C90616922F480629A609A68002042EA812277
S31508022CA09A606064236C23F0030343F001032364F0
S31508022CB0002384F83C3010BD9A6822F070629A604C
S31508022CC09A6822F04052AEE75A6822F40062CAE7CE
S31508022CD00120EDE70120EEE7002301400100000F85
S31508022CE0704738B50446A0B1036C43F00203036487
S31508022CF003689A6822F001029A609D6815F0010538
S31508022D0003D1FFF7EDFF65642564002084F83C00D3
S31508022D1038BD0120FCE7000037B5134600220192B0
S31508022D2090F83C20012A044665D00122056880F8FD
S31508022D303C20AA68D20705D5AA68D00715D4002070
S31508022D4003B030BDAA6842F00102AA602B4A106895
S31508022D502B4AB0FBF2F000EB40000190019A002AE0
S31508022D60EAD0019A013A0192F8E7206C20F4E06071
S31508022D7020F0010040F4807020646A68520541BF61
S31508022D80206C20F4405040F480502064226CA06BE2
S31508022D9012F480521CBF626C22F0060262640022A0
S31508022DA084F83C20174AC263174A0264174AC26467
S31508022DB06FF022022A606A6842F080626A60AA6834
S31508022DC042F48072AA600A4605F14C0100F0F9F94C
S31508022DD00F4B5B6813F01F0F236808D1986810F031
S31508022DE04050ACD19A6842F080429A60A8E7094AF4
S31508022DF09342A4D1F2E70220A2E700BF0000002016
S31508022E0040420F00732E0208D52E0208DF2E020852
S31508022E10002301400020014010B590F83C30012BF8
S31508022E20044624D0012380F83C3003689A6822F0CD
S31508022E3001029A609A68D20717D49A68806B22F4BC
S31508022E4080729A6000F0FBF92268536823F0806367
S31508022E505360236C23F4885323F0010343F00103E0
S31508022E602364002384F83C3010BD0020F9E70220D1
S31508022E70FAE7836B1A6C12F0500F10B524D11A6C4C
S31508022E8042F400721A641A68916811F0405F17D109
S31508022E909969A9B9D16A11F4700F02D091684905E6
S31508022EA00ED4516821F0200151601A6C22F4807206
S31508022EB01A641A6CD2045EBF1A6C42F001021A64D2
S31508022EC0184601F073FF10BD9B6BBDE81040DB6C22
S31508022ED01847704708B5806BFFF7FBFF08BD806B84
S31508022EE008B540230364436C43F00403436401F0CA
S31508022EF063FF08BDF7B50023019390F83C30012B18
S31508022F0066D0012380F83C300D6803688E68092D67
S31508022F10ACB231D904EB4402DF681E3A4FF0070C13
S31508022F200CFA02FC27EA0C07DF60DF6806FA02F2EF
S31508022F303A43DA604968062901EB81022CD8596BB3
S31508022F40053A1F26964021EA06015963596B04FA87
S31508022F5002F20A435A632C4A934207D1122D39D1F7
S31508022F60D2F8043343F48003C2F80433002380F80A
S31508022F703C30184603B0F0BD1F6905EB45024FF019
S31508022F80070C0CFA02FC27EA0C071F611F6906FAEE
S31508022F9002F23A431A61CDE70C294FF01F010BD80A
S31508022FA01E6B233A914026EA01011963196B04FA4A
S31508022FB002F20A431A63CEE7DE6A413A914026EAEA
S31508022FC00101D962D96A04FA02F20A43DA62C2E74D
S31508022FD00220CFE7A5F11003012BC7D80B4A536885
S31508022FE0102D43F400035360C0D1094B094A1B68EC
S31508022FF0B3FBF2F30A2253430193019B002BB5D08C
S31508023000019B013BF8E700BF002001400023014075
S315080230100000002040420F0010B5044668B103794B
S3150802302003F0FF0213B94271F2F7F0FF022323718C
S31508023030002001232061237110BD0120FCE7000056
S31508023040F8B50F4611464279069E012A05464FF003
S31508023050020027D001222C686A7128714FBBAA6820
S315080230602548D063254810642548D0642268042E72
S3150802307042F48052226016D0082E17D0002E36D17E
S3150802308004F10802206840F400502060A86800F0A5
S3150802309098F82A680123106803FA07F10143002009
S315080230A011606871F8BD04F10C02EBE704F1100235
S315080230B0E8E7EA681348D063134810641348D064F3
S315080230C02268042E42F0805222600AD0082E0BD0C3
S315080230D07EB904F11402206840F000502060E868C6
S315080230E0D5E704F11802F6E704F11C02F3E73A46BB
S315080230F0C8E70022EFE700BF4B3102085D3102083C
S31508023100693102088F7E02089F7E0208A97E02089C
S31508023110036810B51A6804464FF48050884022EABC
S3150802312000021A601A680120884022EA00021A6020
S3150802313031B9A06800F083F820B10423237110BDC9
S31508023140E068F7E70123F9E7704710B5846B204674
S31508023150FFF7FAFF0123237110BD704708B5806B8C
S31508023160FFF7FBFF08BD704710B5846B236943F070
S31508023170040323612046FFF7F6FF0123237110BDDE
S3150802318030B54379012B4FF0020318D00468037156
S31508023190236840F6FE75954023EA0505D1E9003114
S315080231A00B4393402B4323602368C02101FA02F2A2
S315080231B023EA02020123226003710023437118469F
S315080231C030BD70B590F83440866D012C35D0012497
S315080231D080F8344090F83540012C4FF000054FF046
S315080231E0020428D180F8354004684565256825F427
S315080231F08025256063608368402B0EBFA260A160AC
S31508023200E260C26D08BFE1603F239340B360236862
S3150802321043F016032360636943F080036361036C1A
S315080232201BB1236843F008032360236843F00103B4
S315080232302360002070BD80F834500220FAE770B58A
S315080232400446866DEEF7A0FD94F83530022B054646
S3150802325006D080236365002384F83430012070BDCC
S3150802326023681A6822F016021A605A6922F0800246
S315080232705A61226C0AB9A26C1AB11A6822F00802BB
S315080232801A601A6822F001021A6023681B6813F092
S3150802329001030AD1E16D3F228A40B260012284F815
S315080232A0343084F835201846D9E7EEF76DFD401B11
S315080232B00528EAD9202363650320002384F83430DD
S315080232C084F83500CBE790F83530022B03D08023FB
S315080232D04365012070470268052380F83530136874
S315080232E023F001031360002070470000F7B500239E
S315080232F001935C4B856D1F68C36D2E6808229A4040
S31508023300324204460CD001680868400708D50868A6
S3150802331020F004000860AA60626D42F0010262654C
S31508023320514A9A40324208D021684969090641BF82
S31508023330AA60626D42F0020262654C4A9A403242C3
S3150802334008D021680968880741BFAA60626D42F001
S315080233500402626510229A40324210D02368196824
S3150802336009070CD5AA601A68500337D51B681903D2
S3150802337001D4236C00E0A36C0BB120469847E16D9B
S3150802338020228A4032423AD023681868C60636D5C1
S31508023390AA6094F83520052A1A6827D122F016025F
S315080233A01A605A6922F080025A61226C0AB9A26C22
S315080233B01AB11A6822F008021A603F238B40AB60E2
S315080233C0002384F83430012384F83530236D002B2A
S315080233D045D0204603B0BDE8F04018471A68D20522
S315080233E05EBF1A6822F008021A60C2E7500327D5A0
S315080233F01B68190331D4636C0BB120469847636D79
S315080234006BB3636DDA0719D522684FF41653B7FB07
S31508023410F3F7052384F83530136823F001031360A4
S31508023420019B0133BB42019302D81368DB07F7D429
S31508023430002384F83430012384F83530E36CC6E778
S315080234401A6812F4807208D1196821F010011960FD
S31508023450012384F8342084F83530E36BCCE703B0D3
S31508023460F0BD00BF000000200100800004008000BB
S3150802347090F8350070470000036810B5084C0246FC
S31508023480D9B210391820B1FBF0F0205CD06523F4CC
S315080234907F7020F003005F2988BF0430906510BD55
S315080234A00052030870B50446EEF76EFC0546002C7A
S315080234B073D0002384F834302268022384F8353026
S315080234C0136823F00103136021680B68D8072FD409
S315080234D00B68334DA0691D40D4E901231343E26802
S315080234E013432269134362691343E269034313438D
S315080234F0226A1343626A042A43EA050302BFD4E92D
S315080235000B5635432B430B604B69042A23F00703FA
S3150802351043EA020333D1A26AE56A13437DB390B93B
S31508023520012A21D032F0020229D1EA0127D51EE06A
S31508023530EEF72AFC401B0528C6D92023636503201B
S3150802354084F8350070BDB0F5005F14D1032A16D889
S3150802355001A050F822F000BF6F3502082B35020889
S315080235606F35020869350208B5F1C07F07D14023D5
S3150802357063650120E4E7022AF9D9032AD5D04B610B
S315080235802046FFF779FFE26D3F23934083600020D0
S315080235900123606584F83530D4E70120D2E700BFFD
S315080235A03F8010E038B50546F0B190F83530022B69
S315080235B0DCB217D003681A6822F001021A600024E6
S315080235C021221C605C609C60DC601C615A61FFF70A
S315080235D053FFEA6D3F23934083606C6585F8344058
S315080235E085F83540204638BD0124FBE7036870B5E7
S315080235F0586A120419B902439A62002070BD9C6A7D
S31508023600002500EB14404E1EECB2B44205F101054A
S3150802361005DB3F3103EB810302435A60EDE7403491
S3150802362003EB8404646800EB1440EDE703680020AA
S31508023630596270470268002180F8EC130123C0F82A
S31508023640F433936943F000639361536D43F08053F7
S3150802365043F003035365084670477047026801231F
S31508023660C0F8F833936B43F4003393630020704732
S3150802367001688B6B002223F40033C0F8F8238B63AE
S315080236801046704770B50446002854D003232546D1
S3150802369080F8B933F2F7E0FD55F8040B00F079FD2E
S315080236A02946206800F03CFD0021206800F077FDDD
S315080236B00021234622460126084682F83810D18779
S315080236C001310F29C2E9100082F8396082F83B00FD
S315080236D0D06402F11C02F0D100222068114602F1E0
S315080236E0400683F8F821DA8700EB860601320F2AAC
S315080236F0C3E9801183F8F91183F8FB11C3F80C1298
S31508023700716003F11C03EAD1294600F089FD012301
S3150802371084F8B933636A012B02D12046FFF78AFF80
S31508023720A36A012B02D12046FFF798FF206801F011
S315080237307BF8002070BD0120FCE710B590F8B8337D
S31508023740012B04460CD0012380F8B833006801F037
S315080237505FF8206800F017FD002084F8B80310BD52
S315080237600220FCE72DE9F04F056887B00446284693
S3150802377001F094F80390002840F05781206801F080
S315080237805FF8002800F05181206801F059F8860791
S3150802379048BF2268206842BF536903F00203536197
S315080237A001F04EF810F4002B0DD0206801F04CF809
S315080237B005F530660746A1464FF0000B4FF0100A92
S315080237C0002F40F03581206801F03AF841030CD504
S315080237D0206801F041F82646049005F510684FF076
S315080237E0000B049B002B40F06C81206801F028F83E
S315080237F0002815DAD5F8043823F00103C5F8043889
S3150802380094F8EC33012B40F0DA81002184F8EC13AA
S315080238102046FFF722FF2268536903F000435361EB
S31508023820206801F00DF806050BD5D5F80838D80733
S3150802383002D52046F6F78CFD2268536903F4006325
S315080238405361206800F0FCFF010114D523685A6908
S3150802385002F000625A6194F8EC23002A40F0B38120
S31508023860012184F8EC135B6DC3F38303C4F8F033C8
S315080238702046FFF7F2FE206800F0E2FFC20439D5BF
S31508023880D5F80438206823F001031021C5F8043856
S3150802389000F09CFC616805F5006605F51063FF22D9
S315080238A00398814240F093814FF0FF33B361F36985
S315080238B043F00113F361236B002B00F09081D6F8D5
S315080238C0843043F00B03C6F88430736C43F00B0361
S315080238D07364D5F80038217C206823F4FE63C5F8A2
S315080238E0003804F56F7200F0FAFF2268536903F490
S315080238F080535361206800F0A3FF83041DD5206816
S3150802390000F0D0FF2068C36823F47053C36000F048
S3150802391023FD002840F06C812268E0604FF40073B2
S315080239206361D36843F41053D3602046F6F703FD68
S315080239302268536903F400535361206800F080FF3C
S31508023940C7062AD52268936923F0100393612F6A62
S31508023950C7F34343022B07F00F0640F0AA8147F646
S31508023960F0731F4214D01C2303FB0646C7F30A183A
S315080239704246D6F80412284600F0FEFED6F804227D
S31508023980D6F8103242444344C6F80422C6F8103226
S315080239902268936943F010039361206800F050FF90
S315080239A0060707D52046F6F7C2FC2268536903F0D4
S315080239B008035361206800F043FFC50209D55FFA80
S315080239C08BF12046F6F7D0FC2268536903F480137C
S315080239D05361206800F034FF800209D55FFA8BF143
S315080239E02046F6F7BDFC2268536903F400135361B7
S315080239F0206800F025FF410007D52046F6F7B8FCF7
S31508023A002268536903F080435361206800F018FF67
S31508023A1042070AD523685D686B0702D52046F6F782
S31508023A20ABFC226853682B43536007B0BDE8F08F9E
S31508023A30F8073FD55FFA8BF12068049100F014FF6E
S31508023A4010F0010F804623D00122B2602269049940
S31508023A50012A0CD13269D9F80002C2F31202821A7B
S31508023A60C9F81022D9F804220244C9F804222046C9
S31508023A70F6F74CFC216901290AD1BBF1000F07D1DF
S31508023A80D4F80C2222B9206804F56F7200F027FFD9
S31508023A9018F0080F04D02046F6F732FC0823B36064
S31508023AA018F0100F18BFC6F808A018F0200F1CBF90
S31508023AB02023B3600BF1010B7F08203609F11C099C
S31508023AC07EE6049BDA0771D55FFA8BFA20685146BF
S31508023AD000F0D4FEC307074623D5D5F834380121AA
S31508023AE001FA0BF123EA0103C5F834380123C8F8B1
S31508023AF008302369012B02BFD6E910239B18736489
S31508023B0051462046F6F70BFC2169012909D1BBF17A
S31508023B10000F06D1E36C23B9206804F56F7200F032
S31508023B20DEFE380744BF0823C8F80830F90644BF42
S31508023B301023C8F808307A0644BF4023C8F808306C
S31508023B40BB0744BF0223C8F808303F062ED5D4F86F
S31508023B50009009F5106303EB4B130593D6E913732B
S31508023B60FF1A1AD0336C9F4228BF1F46059B9B69D2
S31508023B70FA1C9BB2B3EB920F0ED3237C0093716CA3
S31508023B80BBB25246484600F005FD736C3B4473646B
S31508023B90336D3B443365E1E747B9D9F83438012236
S31508023BA002FA0BF223EA0203C9F83438049B5B08CB
S31508023BB00BF1010B04931C3608F1200811E6204686
S31508023BC0F6F7CAFB27E62046F6F7C2FB53E6039842
S31508023BD09A600130C3F808220390203360E67369BD
S31508023BE043F02B037361336943F00B03336170E6C9
S31508023BF00323E36040236361F0F76CFE374B384AD0
S31508023C0003449342236804D8DA6842F47052DA60AD
S31508023C108BE6344A344902448A4203D8DA6842F4C3
S31508023C206052F4E73149A0F57402A2F510528A42AD
S31508023C3003D8DA6842F45052E9E72D49A0F18372B3
S31508023C40A2F5E7428A4203D2DA6842F44052DEE734
S31508023C50284A294902448A4203D8DA6842F4305289
S31508023C60D5E7264A264902448A4203D2DA6842F44A
S31508023C702052CCE7234A244902448A4203D2DA680C
S31508023C8042F41052C3E72149A0F1B772A2F558527D
S31508023C908A4203D2DA6842F40052B8E71C4A1D493E
S31508023CA002448A42DA6834BF42F4E05242F4C0520D
S31508023CB0ADE7062B7FF46CAE082204F56F71284631
S31508023CC000F05AFD1C2303FB0646C7F30A17D6F86B
S31508023CD010321F44C6F810725AE600BF405327FF37
S31508023CE0FF340C00401E1BFF3F420F007F4F12009D
S31508023CF020D6130060B6E5FE5FE3160000D3CEFEBB
S31508023D0040771B00C05BB3FEC091210020753800C6
S31508023D10E05459FEE09C410010B590F8B833012BE7
S31508023D20044609D0012380F8B833006800F060FD24
S31508023D30002084F8B80310BD0220FCE770B54EB225
S31508023D4001F07F05002E04464FF01C00B5BF00FBAC
S31508023D50054100FB0141383101F5FC71002EB8BF5F
S31508023D60CD80022BCB704FEAD67004BF00230B71AD
S31508023D700D7048708A6094F8B833012B09D0012374
S31508023D80206884F8B83300F002FB002084F8B803F0
S31508023D9070BD0220FCE74BB2002B10B54FF01C0297
S31508023DA0044601F07F00B5BF02FB004102FB014158
S31508023DB0383101F5FC71DB0F08704B7094F8B83393
S31508023DC0012B09D00123206884F8B83300F016FBCA
S31508023DD0002084F8B80310BD0220FCE738B501F0CC
S31508023DE07F051C2404FB050104FB050401F5FC718F
S31508023DF0C4F80C320023C4F80422C4F8103284F83A
S31508023E00F93184F8F85103690068012B08BFC4F830
S31508023E100822DAB21DB900F049FB002038BD00F0CD
S31508023E20CDFBFAE701F00F011C2303FB0100B0F8F2
S31508023E301002704738B501F07F051C2404FB050102
S31508023E4004FB05043831E364002323650123626415
S31508023E5084F8393084F8385003690068012B08BFA2
S31508023E60A264DAB21DB900F021FB002038BD00F0C9
S31508023E70A5FBFAE738B54BB2002B01F07F054FF0E8
S31508023E801C02B5BF02FB050102FB0101383101F52F
S31508023E90FC710122DB0F8A700D704B7090F8B833F3
S31508023EA0934204460FD080F8B823006800F072FCEB
S31508023EB02DB9217C206804F56F7200F010FD0020F0
S31508023EC084F8B80338BD0220FCE738B54BB2002B9C
S31508023ED004464FF01C0201F07F00B5BF02FB004109
S31508023EE002FB0141383101F5FC71DB0F00258D70AB
S31508023EF008704B7094F8B833012B09D00123206857
S31508023F0084F8B83300F05CFC84F8B853284638BD08
S31508023F100220FCE710B590F83830012B4FF0020367
S31508023F2018D080F8393003680C685A68496822F054
S31508023F3070025A605A6822435A609A6822F08002CE
S31508023F409A609A680A439A60012380F839300023F6
S31508023F5080F83830184610BD70477047022310B5EE
S31508023F6080F839300368196A41F21112114204467F
S31508023F7008D1196A40F24442114202BF1A6822F075
S31508023F8001021A602046FFF7E8FF002084F839008C
S31508023F9084F8380010BD0268022380F839301368A5
S31508023FA043F001031360012380F83930002070477B
S31508023FB0022380F839300368196A41F21112114254
S31508023FC008D1196A40F24442114202BF1A6822F025
S31508023FD001021A60012380F8393000207047000078
S31508023FE02E4A0368904212D0B0F1804F0FD0A2F544
S31508023FF07C4290420BD002F58062904207D002F5CD
S315080240008062904203D002F57842904219D14A68FA
S3150802401023F070031343214A904229D0B0F1804F0E
S3150802402026D0A2F57C42904222D002F580629042C6
S315080240301ED002F5806290421AD002F5784290426A
S3150802404016D0174A904213D002F5806290420FD0DA
S3150802405002F5806290420BD0A2F59832904207D0C0
S3150802406002F58062904203D002F58062904203D143
S31508024070CA6823F44073134303608B68C3620B68F0
S315080240808362064B984203D003F58063984201D1B6
S315080240900B69036301234361704700BF00000140B7
S315080240A00040014010B50446A0B190F8393003F03B
S315080240B0FF021BB980F83820FFF74EFF022320685B
S315080240C084F83930211DFFF78BFF012384F8393034
S315080240D0002010BD0120FCE737B50190EDF754FE2C
S315080240E0019C631C054618BF0134EDF74DFE431BC0
S315080240F0A342FAD303B030BD084B013B0CD0026988
S31508024100002AFADA036943F001030361034B013B10
S3150802411002D00269D207FAD4704700BF410D0300E4
S315080241204B69012B10B5044623D1836B23F48033E4
S315080241308363C36823F4840323F04003C360C3681C
S3150802414023F44013C3600B6B012B02BFC36843F40D
S315080241508013C360FFF7D0FFCB68012B07D1A36892
S3150802416043F00603A360A36843F02003A36000207C
S3150802417010BDC36843F04003C360FFF7BDFF4FF4A9
S3150802418080338363E8E7836843F001038360002092
S315080241907047836823F0010383600020704708B5DF
S315080241A0C368012923F0C043C36008D1C36843F03A
S315080241B00053C3603220FFF78FFF002008BD002995
S315080241C0F8D1C36843F08043F3E70000890141F060
S315080241D02001064A0161013A05D0036913F020035A
S315080241E0F9D1184670470320704700BF410D0300F6
S315080241F01023064A0361013A05D0036913F0100336
S31508024200F9D1184670470320704700BF410D0300D5
S31508024210D0F800381943C0F800180020704700008B
S315080242202DE97841836B43F4001383638B6A044652
S315080242300E465BB9836B23F400138363036843F06A
S3150802424040030360036843F0800303600023C4F855
S31508024250003ED4F80038C4F800387369012B04F517
S31508024260006559D1B168002954D12046FFF7D0FF1D
S3150802427010212046FFF7AAFF2046FFF7B9FF0023C1
S315080242804FF0FF322B6118466B614FF0904CAA61D2
S315080242904FF0FF0EEB6104F51062316899423DD882
S315080242A0002204F5306310464FF0904C4FF0FF0E93
S315080242B091423FD12B69F26823F48073012A2B615C
S315080242C008D1234B2B632B6B43F4803343F0030350
S315080242D02B632B6B0023A3616FF0804363611AB9CA
S315080242E0A36943F01003A361A2691A4B1343A3619E
S315080242F0B3691BB1A36943F00803A361B36A012B2F
S3150802430001BFA36943F0804343F00403A36100207D
S31508024310BDE878811946A8E70321A6E711680029AE
S31508024320B4BFC2F800C0106001331061C2F808E0D9
S315080243302032B2E7D3F80080B8F1000FB4BFC3F851
S3150802434000C0186001321861C3F808E02033AFE7ED
S315080243500001800000383C8000F50062D0F80808A9
S3150802436010F0060012D0936803F00603022B0CD055
S31508024370936803F00603062B07D0936803F0060337
S31508024380042B14BF002002207047032070474B7885
S3150802439070B50E7800F500650122012B02FA06F2C5
S315080243A0EB694FEA461418D192B21A4300F5106027
S315080243B0EA6103591A040ED48A680559C2F30A0334
S315080243C0CA782B4343EA824343EA865343F080532F
S315080243D043F400430351002070BD43EA024200F54C
S315080243E03060EA6103591B04F5D48B680259C3F39A
S315080243F00A031343CA7843EA8243E7E770B54A7861
S315080244000D78012A04460E464FEA451327D100F5D0
S31508024410106202EB030CD15821F40041D1504FF03F
S315080244200061D1504FF08041D1501F4B013B01D161
S31508024430032070BDDCF8085015F08045F6D110212E
S315080244402046FFF7C3FE3178D4F81C2801238B4097
S315080244509BB222EA0303C4F81C382846E9E700F5AA
S315080244603062D618D15821F40041D1504FF000617C
S31508024470D1504FF08041D1500B490139D8D0B0689C
S3150802448010F01000F9D1D4F8041841F48061C4F888
S315080244900418D4F81C384FF48032AA4023EA0203DF
S315080244A0C4F81C38C5E700BF410D03002DE9704367
S315080244B04B7891F800804E69DFF8D0C0DFF8D0E07B
S315080244C04446012B4FEA44143ED100F5106904EB29
S315080244D009031D69BEB905EA0C051D611D6945F486
S315080244E000251D611D6905EA0E051D6154F809506E
S315080244F0012A45F0044544F8095019D10A695A6156
S315080245000020BDE8708305EA0E051D611D6905EAEE
S315080245100C051D618D68B54238BF4D611D6945F4AC
S3150802452000251D614D691E69C5F312053543DCE791
S315080245304B69002BE4D0D0F83428012303FA08F398
S315080245401343C0F83438DBE700F5306003191D69F8
S3150802455005EA0E051D611D6905EA0C051D618D68D2
S3150802456006B14D611E6946F400261E611E69012ABE
S31508024570C5F3120508BFCA6845EA06051D6108BFE4
S315080245805A61035943F004430351B9E7FFFF07E0B1
S315080245900000F8FF10B59DF808404CB9033300F542
S315080245A080549B0804EB023001EB8303994201D144
S315080245B0002010BD51F8042B0260F7E72DE9774772
S315080245C091F8009091F801C04B69CE78DFF89CE12A
S315080245D0DFF89C814C46BCF1010F4FEA441468D1BE
S315080245E000F510652C44002B33D1266906EA0E061F
S315080245F02661266946F400262661266906EA080621
S31508024600012A266101D10E69666191F803C00E7806
S31508024610BCF1010F05EB46140AD1D0F8085815F477
S31508024620807F25680CBF45F0005545F0805525600A
S315080246302568BCF1010F45F00445256005D10092B5
S31508024640C9689BB23246FFF7A5FF002003B0BDE852
S315080246507087D4F810A00AEA0808C4F81080D4F8BB
S31508024660108008EA0E0ED1F80880C4F810E008EBAC
S31508024670030E0EF1FF3EBEFBF8F8DFF8F8E0D4F8B9
S3150802468010A00EEAC84E4EEA0A0EC4F810E0D4F894
S315080246901080C3F3120E4EEA080E012EC4F810E07B
S315080246A057D1266926F0C0462661266946F0005685
S315080246B0A6E700F5306C0CEB0405D5F8109009EA6C
S315080246C00808C5F81080D5F8108008EA0E0EC5F855
S315080246D010E0D1F808E023BBD5F81080CEF3120318
S315080246E043EA08032B612B6943F40023012A2B6151
S315080246F004BFCB686B61012E0CD1D0F8083813F4CD
S31508024700807F5CF804300CBF43F0005343F08053BB
S315080247104CF804305CF8043043F004434CF8043097
S3150802472093E7DFF85080D5F810907344013BB3FB4A
S31508024730FEF308EAC34848EA0908C5F810809BB29E
S31508024740D5F810800EFB03F3C3F3120343EA0803FA
S31508024750CCE7012A3FF457AFD0F834480CFA09FCE3
S315080247604CEA0404C0F834484FE700BFFFFF07E0ED
S315080247700000F8FF0000F81F0332920801EB8202DC
S3150802478000F58050914201D108467047036841F806
S31508024790043BF7E74A780B78012A0CBF00F510604C
S315080247A000F530605B01C258002AA2BFC25822F047
S315080247B08042C250C25842F40012C25000207047CA
S315080247C00B78CA78497801290CBF00F5106000F504
S315080247D030605B01023AC15821F40011D2B2C150CD
S315080247E0012A9EBFC25842F08052C250002070472A
S315080247F0D0F8003823F4FE63C0F80038D0F8003841
S31508024800090101F4FE611943C0F800180020704737
S3150802481008B5D0F8043823F00203C0F80438032098
S31508024820FFF75AFC002008BD08B5D0F8043843F053
S315080248300203C0F804380320FFF74EFC002008BD27
S315080248404269806910407047D0F8183800F5006050
S31508024850C0691840000C7047D0F8183800F5006097
S31508024860C069184080B2704700F5306303EB411106
S3150802487000F500608A6840691040704710B5D0F8A4
S315080248801048D0F8343800EB4110CB4000F51060E0
S31508024890DB018068DBB22343184010BD406900F093
S315080248A001007047D0F8003923F4FF6323F00703A9
S315080248B0C0F80039D0F8082802F00602042A02BF16
S315080248C0D0F8002942F00302C0F80029D0F80428DB
S315080248D042F4807200F5006300205A60704710B5F2
S315080248E00024C0F8104BD0F8104B44F40024C0F84A
S315080248F0104BD0F8104B44F01804C0F8104BD0F8FF
S31508024900104B012900F5306344F0C04408BF4FF04C
S315080249108023C0F8104B04BFC0F8142BC0F8003B24
S31508024920002010BD00687047006820B10346006881
S315080249300028FBD11846704703680BB11A68026053
S3150802494018467047036810B53BB1002499421A68A5
S3150802495006D11CB9026000221A6010BD2260FAE76D
S315080249601C46002AF9D01346F0E738B5FFF7EAFFE6
S3150802497000230B600546FFF7D7FF08B9296038BD43
S315080249800160FCE700B1006870470023013A016044
S31508024990027143718371704710B54279837904793C
S315080249A0D31A34EA030308D003689954437902797F
S315080249B0013313404371012010BD0020FCE78379BF
S315080249C042790179D21A0A421FBF0268D25C0133C0
S315080249D00B401ABF837110464FF0FF30704710B56F
S315080249E0041F54F8040F00B910BDF0F7ADF8F8E744
S315080249F010B50D4C236813B90C4A136010BDF0F7B5
S31508024A0079FC2268D2E900310B441B1A92681AB95A
S31508024A101844064B1860F1E7D2E900142144091A32
S31508024A208B4228BF0B46F1E7F47F0120F07F012075
S31508024A300148F0F79DB800BF6002002003882DE9FF
S31508024A40F041054653B15A2B46D1872921D124492B
S31508024A500B68002063B918B10B6001E0204A1360A5
S31508024A605A232B800120BDE8F08101203346F1E765
S31508024A70D3E902649442F8D000B10B6019460B469A
S31508024A8089680029ECD0C8689042F8D1896899608B
S31508024A90F4E78229E4D1124F4FF000083C68002659
S31508024AA0002CDDD0204600F095F890B1E068224649
S31508024AB08821F0F721F850B9A368E0602EB1B360F7
S31508024AC0C4F80880FFF794FFE8E73B60F8E7FFF7CA
S31508024AD0AFFF2646A468E3E7002303800320C2E764
S31508024AE0F47F012010B50446FFF7A2FFE3680B4ADC
S31508024AF00BB1136833B90A4B1B68E3601368A360EA
S31508024B00146004E0A34206D1054A1268DA60BDE8D9
S31508024B101040FFF76DBF9B68ECE700BFF47F0120EA
S31508024B204C2E012010B5044600F042F82046BDE896
S31508024B301040FFF7D7BF38B504460D4600F03FF8D8
S31508024B4065602046BDE83840FFF7CCBF10B504467D
S31508024B5000F035F82046BDE81040FFF7C3BF10B590
S31508024B60044600F031F82046BDE81040FFF7BABF08
S31508024B70C068B0FA80F04009704700000B4A136813
S31508024B80834210B5044608D183681360FFF730FFE5
S31508024B900023C4E9023310BD1346002BF8D09A68E5
S31508024BA0A242F9D1A2689A60F0E700BFF47F012019
S31508024BB010B541600446F0F79DFB206010BDD0E9B0
S31508024BC0003213440360704710B50446F0F792FBAF
S31508024BD0206010BD10B50446F0F78CFB2368C3F1BC
S31508024BE001030344606898422CBF0020012010BDCF
S31508024BF008B528B90A4B0B4A46210B48ECF7DAFAEC
S31508024C0019B90A4B074A4721F7E71AB9084B054A61
S31508024C104821F2E7002342600160C360836008BD51
S31508024C20145203086E52030821520308405203081D
S31508024C305152030808B518B103680BB1436833B972
S31508024C40054B064A06484FF49D71ECF7B3FA002362
S31508024C50C360836008BD00BF5B520308785203082D
S31508024C602152030883292DE9F743804611D14820AA
S31508024C7007F0A0FC3C48FFF79BF93B48FFF76EF9A3
S31508024C803A48FEF7C9F83948FEF72BF83848FEF7CE
S31508024C9089FCB8F8005035B1A92D5DD00023A8F8D3
S31508024CA0003003205CE0304F324A314E2F4C4FF031
S31508024CB080433B60304B1B68B3FBF2F3013BC7E909
S31508024CC00135384642F20F73C7E90335FFF7EAF9A9
S31508024CD0202369463846CDE90035FFF71BF9274BED
S31508024CE04FF48062C6E900354FF480534FF4804191
S31508024CF0C6E904234FF480394FF480733046C6E977
S31508024D000613C6F82090C6E90255FEF7CBFB1C4BE4
S31508024D10A5614FF080524FF0C060C4E90A02C4E9A7
S31508024D200039204601234FF00609C4E904352363F6
S31508024D30C4E90255C4E907956562FDF727FF4820CD
S31508024D40A663B46307F098FC0E494A462046FDF767
S31508024D50E3FF3846FFF71FF9A923A8F80030012018
S31508024D6003B0BDE8F08300BFBC8001201480012097
S31508024D705C80012040420F000000002010640240BF
S31508024D8000200140F87F012005289FBF034B53F8F6
S31508024D9020300B80002088BF02207047F87F012050
S31508024DA00148FEF7A3BA00BF5C8001200148EFF76D
S31508024DB0DFBE00BF70020020024A13680133136087
S31508024DC0436C704710800120704713B504460DF1F5
S31508024DD006010020FFF7D8FF30B9BDF8063041F6C4
S31508024DE0844253431B13238002B010BD13B50446F5
S31508024DF001A90120FFF7C8FF88B90DF10600FFF7E0
S31508024E00E4FF60B9BDF8043042F2AC625A43BDF819
S31508024E10063003EB43031B1103EB1233238002B064
S31508024E2010BD022303700020704700002DE9F041EF
S31508024E30B0F8008004460D461646B8F1000F06D0B3
S31508024E40B8F1DC0F2ED000232380032010E01E4F7A
S31508024E503868203000F0AAFE97F85C3053B904236C
S31508024E6033703868203000F0B3FE00232380022016
S31508024E70BDE8F08197F85C30022B01D10323EFE7F6
S31508024E8087F85C802B7869682A89381DBBB904F0D3
S31508024E9007FA0228F2D84300DBB23370002BE0D1BE
S31508024EA0DC232380084B93F85C20012A0AD12A784E
S31508024EB09207C8D41868203000F08AFEC3E704F0C7
S31508024EC01FF9E6E70020D3E7840200200388B3F53A
S31508024ED0147F70B504460DD040F2562293421ED076
S31508024EE0002B34D11C4A1D4911661D4A13804FF402
S31508024EF0147303801B4E1A4D1B4932462846FFF788
S31508024F0095FF012801D8002070BD33781BB1002314
S31508024F1023800220F8E72B8040F256232380114D86
S31508024F2012490F482A46FFF781FF0128EBD92B7849
S31508024F30002BECD10E490F48032207F03FFF002849
S31508024F40E5D1054B0C4A18661368013B136000232A
S31508024F5023800320D8E700BF84020020BC03002078
S31508024F60F8800120108101209C5203089052030800
S31508024F7011810120F05203088C8201202DE9F041AB
S31508024F80444D1C462B88174640F2B71293420646F2
S31508024F9088465ED0B3F5DC7F0AD2B3F5D27F20D03D
S31508024FA0B3F5D77F41D0BBB100232B80032020E085
S31508024FB0B3F5E07F5DD0B3F5E37FF5D136493748DF
S31508024FC02246FFF733FF012812D92378ABB9344BAF
S31508024FD01B789B0747D1E7E7304A13804FF4D27311
S31508024FE02B8030492D482246FFF720FF012802D898
S31508024FF00020BDE8F08122781AB100232B80022016
S31508025000F7E72949294B002F18BF0B4628490B6099
S315080250105B68310E5970310C9970310AD9701E715C
S315080250201E4B1A804FF4D7732B80214B1B4E1968DF
S3150802503022463046FFF7FAFE0128D9D92378002BF3
S31508025040DBD187B11B4A3380C2E9018740F2B71325
S315080250502B80184911482246FFF7E8FE0128C7D9CE
S315080250602378002BC9D10D4B00221A804FF4E07326
S315080250702B800A4E104922463046FFF7D7FE0128F2
S31508025080B6D92378002BB8D133804FF4E3732B803B
S3150802509094E700BFFC800120CC520308FA80012065
S315080250A028810120E4520308C0520308A8520308C3
S315080250B000810120A8030020D85203080148FEF700
S315080250C015B900BFE80200200148FEF70FB900BF74
S315080250D048030020014804F0EFB900BF8802002007
S315080250E0044B186E012283F85C2008B1EFF740BD25
S315080250F0704700BF84020020FFF7F2BF044B186E08
S31508025100022283F85C2008B1EFF732BD704700BF70
S31508025110840200202DE9F8431D460388089E90461E
S3150802512040F28112934204460F463DD040F289125C
S3150802513093425AD0002B47D11DB16A18B2F5802F77
S3150802514005D90220002330702380BDE8F8832F4951
S315080251500A6E22B10422327003800220F5E72C4B34
S315080251601B680B662B4B1A60DFF8A890D9F800006B
S31508025170A84226D24FF48031281AF1F76FFC264B43
S315080251801860D9F80000254B00F500203844020EB5
S315080251905A70020C9A70020ADA701871204B0022B1
S315080251A01A8040F281132380DFF874901D49324633
S315080251B04846FFF73BFE012801D80020C5E73278AA
S315080251C032B1124B00221A66002323800320BCE761
S315080251D0104B15491B68A9F8002043444B600E4B37
S315080251E01B688B6040F2891323800F490C483246AC
S315080251F0FFF71CFE0128E0D93378002BE1D1054AD6
S315080252000549136809680B441360ADE78402002058
S315080252104C2E01201881012024810120CC03002074
S31508025220FE800120B4520308048101202DE9F843C7
S315080252301D460388164640F2E912934204460F4673
S3150802524020D040F2F31293424FD07BBB721EB2F5C6
S31508025250802F04D3022028702380BDE8F8833049C2
S315080252600A6E22B104222A7003800220F5E72D4B2A
S315080252701B680B662C4B1A602C4B00221A8040F2D4
S31508025280E9132380DFF8A080D8F8000000222B4615
S31508025290114600F50020FFF771FE012801D800200B
S315080252A0DBE72A7832B11E4B00221A6600232380D6
S315080252B00320D2E7D8F8003003F58053B342C8F882
S315080252C00030D9D31A4B1A60194B1868B042EAD281
S315080252D04FF48071301AF1F7C1FB164B1860134B65
S315080252E000221A8040F2F3132380DFF84480DFF8A5
S315080252F04490D8F80000D9F8002039182B4600F552
S315080253000020FFF73BFE0128C9D92B78002BCAD10A
S31508025310D8F80030D9F800201344C8F80030D3E78B
S31508025320840200204C2E012014810120FC800120D9
S315080253301C810120208101202DE9F041324C23688D
S3150802534004F164061A685B68A366002540234FF4D5
S3150802535080684FF4003730466266C4E91B35C4E9F3
S315080253602175C4E91D85C4E91F55C4E92455FEF70C
S3150802537099F8236893F90800103007F07DF9236835
S31508025380E664DA681B69C4F8C420C4E9385704F12C
S31508025390C407261D3846C4E93235C4E93458C4E977
S315080253A03655C4E93C55C4F89C60C4F8E850FEF783
S315080253B079F8236893F91400103007F05DF9236829
S315080253C027659B6963604FF48273C4E902353046E8
S315080253D04FF40073C4E90735C4E90455C4F8FC6000
S315080253E0A561656203F04EFE236893F91C0010302E
S315080253F007F042F9054A06481368BDE8F041013349
S315080254001360EFF7A1BB00BF840200208C82012043
S31508025410BC03002008B5024800F0C8FB002008BDFE
S3150802542068420308FFF7F6BF08B5024800F0D0FB4A
S31508025430002008BD6842030800487047F452030872
S315080254408389194381817047838923EA010181810E
S3150802545070477047EFF74EBF38B504460D46EFF76B
S3150802546049FF2844606038BD0146014802F0F7BB8F
S315080254702C8101200A4B0B4A1B6870B50A4C256819
S31508025480226023B90948FFF779FB256070BD5E687B
S31508025490EFF730FF311A0548FFF744FBF5E700BF7F
S315080254A040810120D80300204C2E012030810120A2
S315080254B010B50146044802F0D2FB044608B1FFF7CC
S315080254C0D9FF204610BD00BF408101208229F8B5C8
S315080254D004460D4607D02388F3B1992B10D0002332
S315080254E0238003200FE0164B18680028F3D083891F
S315080254F00668DB0702D58368012198473046F4E738
S31508025500882D01D00120F8BD0E48FFF731FB00288F
S31508025510F8D00D4E356815B999232380F2E76F68DE
S31508025520EFF7E8FE01463846F5F72EF90028F3DCD0
S315080255302846FFF7BDFFAB6828469847EAE700BF4B
S315080255402C81012030810120408101200146014839
S3150802555002F06DBB2C8101200148EFF7F5BA00BFB6
S31508025560D803002038B50D4D04462B686BB1A3420B
S3150802557005D10B4B0B4A0C484821EBF71BFE596821
S315080255806068F5F701F9002806DA2B6823602C60B3
S31508025590BDE83840FFF76EBF2D68E6E74081012077
S315080255A0CD460308565303080C53030870470000F8
S315080255B0004870477C5303080148EFF7D9BA00BF81
S315080255C0D8030020014B1860704700BF44810120B0
S315080255D0014B1860704700BF4881012000207047C0
S315080255E00A460146014804F063B900BF4C8101200E
S315080255F00A460146014804F099B900BF4C810120C8
S3150802560008B501210348F5F715F80248F5F71EF81B
S31508025610002008BD508201202DE9F047314BDFF802
S31508025620D480314E1860D8F804303360D8F80C307C
S315080256302E4D73600024814640234FF4806A4FF44E
S3150802564040373046C6E90234C6E90874C6E904A4F6
S31508025650C6E90644C6E90A443463FDF723FFD8F8C7
S3150802566008302B60D8F81030C5E907472846204F7E
S31508025670C5E90134C5E9034AC5E90544C5E909444A
S31508025680C5E90B44FDF70EFFD8F800303B60D9F8A0
S315080256900030C7E901340C237B61D9F80430A342F0
S315080256A014BF4FF4407323463846C7E90634C7E9A0
S315080256B0034404F0CFF898F915003E631030B76337
S315080256C07D63AF6306F0D8FF98F91600103006F02E
S315080256D0D3FF98F91400103006F0CEFF2046BDE835
S315080256E0F08700BF60820120EC8101208C810120B5
S315080256F04C81012084420308012910B513D10A4BB3
S315080257001A782AB100221A70084B1B6803B1984707
S31508025710074B1A783AB100221A70064B1B6813B166
S31508025720BDE81040184710BD4D820120488101206E
S315080257304C8201204481012030B5174B85B00546BD
S3150802574068461C6804F0E2FA144B9C420BD003F537
S3150802575080639C4207D003F580639C4203D003F51D
S3150802576080639C4215D1039B642219204343A800F7
S31508025770B3FBF0F0B0FBF2F102FB11031B0132336B
S31508025780B3FBF2F303EB01139BB20020A36005B04F
S3150802579030BD029BE8E700BF4C81012000100140A2
S315080257A008B5094B1B681868FFF7C6FF074808497A
S315080257B0F4F737FF01210548F4F736FF0348F4F7F3
S315080257C03FFF002008BD00BF6082012050820120F1
S315080257D0F9560208024B01221A70FFF7EDBE00BF06
S315080257E04D820120024B01221A70FFF7E5BE00BF67
S315080257F04C82012000487047A85303080148FDF768
S3150802580075BD00BFEC8101200148FDF76FBD00BFE1
S315080258108C810120014804F081B900BF4C81012026
S31508025820034A0448136801331360EFF78DB900BFC2
S315080258308C820120E8030020014B1878704700BFCC
S31508025840788201200139C9B2022938B598BF0C4BB2
S315080258500C4D98BF5A5C0C4BA979044688BF0022A6
S31508025860186800F0B9FE094B69781868002C4FF6DB
S31508025870FF7218BF002200F0AFFE054B1C7038BD40
S31508025880F06D03089C4203086C8201207482012091
S31508025890708201200388952BF7B504466BD007D88A
S315080258A0002B52D08F2B42D000232380032041E0C5
S315080258B0AE2BF9D188293CD13C48FFF759F9002883
S315080258C037D03B4E39483B4DFFF749F9B0782F7828
S315080258D00DF10701EFF7C8FF00285BD1F2789DF8B2
S315080258E007301A4214BF01220022334BDA55334AD3
S315080258F01278002A57D01A7899791F464A40012009
S3150802590039467E78097801307140072807F1010780
S315080259100A44F5D1022A2A4A3EDD032313702B785C
S315080259200133DBB2062B88BF00232B7030E08529B2
S315080259300BD0012003B0F0BD224B00221868852146
S31508025940EFF7DAF88F232380F3E7194B1E49187805
S3150802595000F02CFE0028EFD1154B1C49587900F0AF
S3150802596025FE014650B1174B002218688521EFF72C
S31508025970C3F89523E7E78529DBD1EDE7FFF762FF51
S31508025980134A0A481368FA21013B1360FFF7CAF85B
S31508025990AE23D8E70022A8E729785B5C0BB101237E
S315080259A0BCE70223BAE7064B1A70B8E77C820120E5
S315080259B09C420308648201206582012070820120CC
S315080259C0788201204C2E0120748201206C820120EB
S315080259D08C82012010B5EFF78BFCEFF731F81548EA
S315080259E0154CEFF7B1F8FFF7EFF9FFF7A5FCEFF75C
S315080259F093FAEFF74DFCFFF713FF00F01FF800F0DC
S31508025A0069FCEFF7C3FE00F071FC00F085FC00F0BC
S31508025A10ADFD00F0BFFDEFF7F7FEEFF765FFF0F714
S31508025A20DBF8F0F7F1F9236803B910BDEFF720F8B0
S31508025A30F9E700BF600200208C820120014800F0CD
S31508025A4099B800BF9082012005280ED8084B00EBB2
S31508025A50400203EB82020A600C2202FB0030436812
S31508025A60002B14BF0020082070470520704700BF8E
S31508025A709082012043681B68184743685B6803B134
S31508025A80184707207047000013B5036884685878DA
S31508025A906946EFF787FE20BB009803685B785A07CA
S31508025AA03CD503F00803002B14BF012300232371FE
S31508025AB0427A14BF042302239A4231D101A9F1F78B
S31508025AC055F970B92279019B6AB91B684FF4B4710A
S31508025AD093FBF1F201FB12334FF47A714B43C4E99B
S31508025AE0023202B010BDB3F90230A168642213FB78
S31508025AF002F2A2600B4A914206DDB3F5617FF0DA43
S31508025B00E3680133E360ECE7074A9142E9DC40F6D1
S31508025B108C229342E5DDE368013BF3E70520E0E7E3
S31508025B200920DEE7131F04008F5F010038B5856878
S31508025B300C46FFF7A9FF50B92B794BB1AB68054A5A
S31508025B409342C4BFA3F5AF23A3F5C863236038BD48
S31508025B500720FCE71FBF020070B506460D4614462D
S31508025B60FFF792FF20B9B368DA682A609B68236058
S31508025B7070BD000070B50A4A0A4C0B4E0021137814
S31508025B80013103EB430300EB8305062940F8232082
S31508025B90C5E9016402F1020204F11004EFD170BDF5
S31508025BA0A3420308D8820120F46D0308027901682A
S31508025BB04FF4803393408B610B6852000320904068
S31508025BC023EA0003012000FA02F213430B6070472E
S31508025BD010B502790468012101FA02F3A361236868
S31508025BE08A400320904023EA000301FA02F2134393
S31508025BF0236010BD30B5036805791A686C00032165
S31508025C00A14022EA01021A601869E84000F0010080
S31508025C1030BD70B503790568D80805EB800003F036
S31508025C200704026AA4000F26A640A14022EA060239
S31508025C300A4302622A685B000321994022EA0102AA
S31508025C40022101FA03F313432B6070BD10B50468F1
S31508025C500279E36852000320904023EA0003914048
S31508025C600B43E36010BD000013B5074CCDE90023D2
S31508025C7004F110000A460123D52102F027FA08B1D9
S31508025C800123237302B010BD4883012013B5074CC4
S31508025C90CDE9002304F110000A460123D52102F0BA
S31508025CA0B7F908B10123237302B010BD4883012056
S31508025CB038B5084D0024C5F8D840EFF729FBC5E9E1
S31508025CC03344C5E93044C5F8B000C5F8D440C5F830
S31508025CD0C84038BD48830120064850F8103F1A6864
S31508025CE042F400421A601A6822F400421A6002F06C
S31508025CF0E7B800BF488301202DE9F04F0388B3F5C2
S31508025D00B97F89B0054600F05D820BD840F25D1274
S31508025D10002B00F02381934200F0238100232B807D
S31508025D200320E4E1B3F5C07F00F0FD8040F28B1258
S31508025D309342F3D1AB4C237B002B00F0D78104F1BD
S31508025D40100003F047F9002840F04582A64A106879
S31508025D50516804F17C0303C39068B4F88210B4F85E
S31508025D607C609846C0F30F4248F8100BB4F88000DE
S31508025D7049428FB27642404252421FFA86FE1FFAC3
S31508025D8080FC36B200B2049709B297B212B2A4F8EE
S31508025D907C60A4F88000A4F8821005970392A4F800
S31508025DA08620083BC2464FF00609DAF8007033F936
S31508025DB002BBB9F101095F444AF8047BF5D1D4F86C
S31508025DC0AC3001337D2BC4F8AC300FD1DFF82CA2EE
S31508025DD00627013FD8F8004094FBF3F42AF8024B51
S31508025DE048F8049BF5D17F4BC3F8AC707D4CB4F8E8
S31508025DF0B430AEEB030EB4F970300FFA8EFE9E4540
S31508025E0080F20D82C3F10008C64540F30882B4F950
S31508025E107E70B4F8B6E0A7EB0E0E0FFA8EFE734547
S31508025E2040F3FD81F04580F2FA81B4F8B8E0ACEBB4
S31508025E300E0C0FFA8CFC634540F3F181E04580F2C3
S31508025E40EE81B4F8BA30049AB4F972E0D31A1BB2E6
S31508025E50734580F2E481CEF10008434540F3DF81C1
S31508025E60B4F984C0B4F8BC30ACEB03031BB29E454C
S31508025E7040F3D581984580F2D281B4F8BE30059AAE
S31508025E80D31A1BB29E4540F3CA81984580F2C78150
S31508025E90D4F8C020D4F8D8301644C4F8C060D4F870
S31508025EA0C460039A3E44C4F8C460D4F8C860304457
S31508025EB0C4F8C800D4F8CC000144C4F8CC10D4F80D
S31508025EC0D0106144C4F8D010D4F8D41001330A446F
S31508025ED0B3F5507FC4F8D830C4F8D42040F2AA816A
S31508025EE0012384F8DC30EFF713FAD4F8B0309FEDCB
S31508025EF03F7AD4F8D820C01A07EE900AF8EE677AE5
S31508025F00A36FC7EE876A07EE902AB8EE677AC6EEDF
S31508025F10877AC4ED197A002B00F08A813449A1F1F7
S31508025F200C00984784E12F4800238DF81B3000F1B6
S31508025F30DE029DF81B40BFF35B8FD2E84F1FC2E813
S31508025F40464F002EF9D1BFF35B8F8DF81C109DF8D2
S31508025F501C20002A40F054810120C8E025490B8004
S31508025F600280244E3488DD2C4AD8CE2C15D8002C33
S31508025F7000F09B80C32C00F0B0801F4A00233380B8
S31508025F801368013B1360174B93F8DD30022B00F0C0
S31508025F90248100232B800220A9E0CF3C0E2CECD8CA
S31508025FA001A353F824F000BF0D6102087B5F0208C3
S31508025FB0256102087B5F02087B5F02087B5F020895
S31508025FC07B5F02087B5F0208436102087B5F020867
S31508025FD07B5F02087B5F02087B5F02085B6102083F
S31508025FE0736102084883012038830120002474491A
S31508025FF014840120468301208C820120D08301204B
S31508026000F32C1CD03BD8E62C00F0C280E92CB4D184
S315080260108C4C8D4F06222146384603F091FF012803
S3150802602064D9012003F028FF9FED887AC0EE077A2B
S31508026030002323673B80F3233380C4ED1A7A0024B6
S315080260400223814FADF81C408DF81E408DF81C3096
S31508026050079A7C49384604F0D3F8012846D9F8232A
S315080260603C803380784C77490122204604F028F890
S3150802607001283BD900232380FB23338004E0F82C34
S31508026080F0D0FB2C7FF479AF6E4C6F480322214681
S3150802609003F0E6FF012829D904F1100002F09AFF5D
S315080260A058BB022384F8DD3067E76648684B03600D
S315080260B0684B4360684BC4611B680361674B436165
S315080260C04FF48043C0E90834C0E90B44103001F0AC
S315080260D0F7FE5D4B1C80C3233380614F5A4C5949E6
S315080260E03A46204604F01CF8012803D8002009B0D5
S315080260F0BDE8F08F3B786A2B04D0524B012283F815
S31508026100DD203AE700232380CF2333804D494E48CA
S31508026110012204F021F80128E8D94B4B00221A8003
S31508026120D12333804F4F484C46493A46204604F01D
S3150802613043F80128DAD93B78002BEED12380D723FE
S315080261403380414C3F490122204603F059FF01287A
S31508026150CCD900232380DC2333803B4C39490722E0
S31508026160204603F0C1FE0128C0D900232380DD237F
S315080261703380344F344C07223946204603F010FF49
S315080261800128B3D9384B7B6600232380E623338064
S315080261902C4F2D4C03223946204603F079FE01285E
S315080261A0A4D9012003F05CFEDFED307A002320EE4D
S315080261B0270A2380E92387ED1B0A338028E74FF451
S315080261C0B9732B801F48037B002B8FD0103002F047
S315080261D001FF002832D0FFF77FFD254F194C4FF0FB
S315080261E022060023237301233E70214A2148009385
S315080261F0D52101F0D1FF0028E1D0FFF76DFDF0E7C8
S315080262000373042300931A4A0C23D521103002F093
S315080262102DF80028DFD140F28B132B808AE5002364
S3150802622084F8DC30144BA3F12C0207CA83E8070072
S31508026230FFF73EFD636F0BB1104898474FF4C073E2
S315080262402B8089E6488301204483012000007A4492
S315080262508D5C0208695C0208B0420308801A0600CF
S3150802626028840120298401206E599D3AC3F51C41D0
S315080262703883012058830120FC830120C48301202E
S31508026280014802F00DBE00BF58830120014802F002
S31508026290D3B900BF58830120024B034801221A735F
S315080262A0EEF766BC48830120F8030020FFF7F4BF27
S315080262B0FFF7F2BFFFF7F0BFFFF7EEBF034B044845
S315080262C0012283F8DE20EEF753BC00BF4883012083
S315080262D0F8030020034A0448136801331360EEF7F3
S315080262E033BC00BF8C820120F8030020014804F069
S315080262F0B7B800BF2C84012030B9044B0B605B6829
S31508026300002B08BF08207047052070472C840120FF
S3150802631043681B681847000008B5044800F036F8B9
S31508026320BDE80840014800F0A3B800BF3484012044
S3150802633004280AD8064B03EBC0020A605368002BEE
S31508026340104614BF0020082070470520704700BF7A
S315080263503484012043681B68184737B505680C461C
S31508026360687801A9FFF7E4FF18B901982146FFF7F3
S31508026370F1FFA87801A9FFF7DBFF18B901982146B2
S31508026380FFF7E8FF002003B030BD0000044A137887
S3150802639000EBC30140F83320024B4B60704700BF45
S315080263A0CC430308086E03082DE9FF4706680B88E5
S315080263B0D6F800A0ADF808308B788DF80A300D466D
S315080263C0642301A902A88DF80B30F0F740F8BAF851
S315080263D000209DF804909DF80580BAF80840BAF89E
S315080263E006309DF80670ED78707902FB09F9BAF85D
S315080263F0022002FB08F808FB04F4BAF8042009FB99
S315080264000344BAF80A305743F27A07FB034415FBEA
S3150802641005F5240B554303A90134ED1100F0C6F81E
S3150802642038B905FB09F2B1790398B2FBF4F200F028
S31508026430D3F8F07903A900F0B9F838B905FB08F2E0
S31508026440317A0398B2FBF4F200F0C6F8707A03A91F
S3150802645000F0ACF838B905FB07F2B17A0398B2FB3B
S31508026460F4F200F0B9F8002004B0BDE8F0870000A5
S3150802647030B5074B074D00221979013200EBC104EA
S31508026480042A40F83130656003F10C03F4D130BDBB
S31508026490DC4303080C6E030805280AD8064B03EBEF
S315080264A0800253F820300A60002B14BF002008200F
S315080264B070470220704700BF5C84012010B504684B
S315080264C02046FFF773FB04F10C00FFF76FFB002071
S315080264D010BD000011F57A7F73B50D4605DA1F4B1C
S315080264E01F4A48211F48EAF765FEB1F57A7F03DDA0
S315080264F01D4B1B4A4921F5E70468002904F10C06DD
S3150802650011DD607A01A900F051F820B9A17A019843
S315080265102A4600F061F8217A2046FFF77AFB3046D0
S31508026520FFF756FB12E014D0607D01A900F03EF891
S3150802653028B96A42A17D019892B200F04DF8204628
S31508026540FFF746FB217D3046FFF763FB002002B0CA
S3150802655070BD2046FFF73CFBE1E700BF106E03085B
S31508026560A06E03083B6E0308766E030870B5074EE5
S31508026570074C0025204601352660FFF79FFF062DAA
S3150802658006F1180604F10404F4D170BD0C4403089C
S315080265905C84012008B5044800F034F8BDE80840D8
S315080265A0014800F05FB900BF7484012006280ED89E
S315080265B0084B00EB400203EB82020A600C2202FB44
S315080265C000304368002B14BF0020082070470520BE
S315080265D0704700BF7484012043681B681847036824
S315080265E001395B68032904D8DFE801F002050709C7
S315080265F05A63002070479A63FBE7DA63F9E71A647D
S31508026600F7E700002DE9F84F324DDFF8CCB08046A7
S315080266104FF006092B896C68AE7BAA89013BA362F7
S315080266206B89E362636C43F40043636406EB4606D4
S31508026630D007A769E169236A08EB860A0BD5D00653
S315080266404CBF43F0030343F00103D00547F0680744
S3150802665048BF43F0040390070BD590064CBF43F09E
S31508026660300343F01003900547F4D04748BF43F080
S31508026670400350070BD550064CBF43F4407343F40E
S315080266808073500541F0680148BF43F480631007E0
S3150802669007D5120641F4D04154BF43F4805343F45C
S315080266A04053A761E16123622B689847236843F048
S315080266B0010323606369B9F1010943F001036361C8
S315080266C048F82650CAF804B005F11005A2D1BDE86B
S315080266D0F88F00BF9C440308C46E03082F2910B51F
S315080266E0836805D90F4B104A9E211048EAF762FDC6
S315080266F0B2F5803F03D30E4B0B4A9F21F5E7D3F839
S31508026700200100EB4100140A4470D3F8200100EB83
S31508026710410108488A70012283F82421EEF728FAF3
S31508026720002010BDC86E0308326F0308E16E030825
S315080267300C6F030808040020084B10B5D3F81C3167
S315080267401C680122A18C206AEDF724FEA18C206A1E
S315080267500022BDE81040EDF71DBE00BFC884012027
S315080267600288B2F5AA7F38B5054656D040F25B13C1
S315080267709A4254D0002A67D1354B85211868EEF71C
S31508026780BBF94FF4AA735CE0B3F5927F34D040F2BA
S315080267902712934250D194F85130012B4FD1FFF76B
S315080267A0CBFF25E02B496122204602F0A9FC40F2E4
S315080267B01713A4F8183194F85130012B3FD1FFF77B
S315080267C0BBFF24492448612202F09AFC4FF48E73D7
S315080267D0A4F8183194F85130012B30D1FFF7ACFFE9
S315080267E0D4F81C311D4A5A601D4A1368013B1360CE
S315080267F04FF49273A4F8183194F82431FBB1D4F803
S3150802680020111548612202F07BFC002384F824310A
S3150802681040F22713A4F81831BDE7852912D10E4C88
S31508026820B4F81831B3F58E7FD4D0ADD8002BB9D0D1
S3150802683040F217129342BED00023A4F8183140F250
S315080268405B132B80012002E000230380032038BD5E
S315080268504C2E0120536F0308C8840120B46F030825
S315080268608C8201202DE9F04F434E96F82670B48C9F
S3150802687089B007EB4707002280464FEA870B214675
S3150802688000EB8707306A01900025EDF783FD03A91F
S31508026890019803940123394C0695CDE90435EDF7A1
S315080268A091FCB368A365F36865664FF4806904F1E1
S315080268B0580AC4E91735C4E91A95C4E91C55C4E946
S315080268C01E55C4E921555046FCF7ECFD96F9100011
S315080268D0103005F0D1FE7369C4F8B830B369C4F84C
S315080268E0BC30C4E93295402304F1B809C4E930350D
S315080268F0C4E93455C4E93655C4E939554846FCF75E
S31508026900D1FD96F91C00103005F0B6FE33682360F7
S315080269104FF482734FF40072C4E901350823C4E9BF
S315080269200623C4E90355C4E90855C4E90A5565614D
S31508026930204602F0A7FB96F90400C4F84CA0C4F856
S315080269409040C4F84890C4F8F040103005F094FE20
S315080269500B4A0C4BC4F8203113680B48A4F818519B
S315080269600133C4F81C7148F80B60BC60136009B0A7
S31508026970BDE8F04FEEF7E8B8FC440308C8840120E6
S315080269808C820120F085012008040020034B4FF475
S31508026990947202FB00305830FCF7A8BCC884012068
S315080269A0034B4FF4947202FB0030B830FCF79EBCDE
S315080269B0C8840120034B4FF4947202FB003002F0A4
S315080269C07BBD00BFC88401200148EEF7D1B800BFDD
S315080269D0080400202DE9F047822988B0064649D1E5
S315080269E04E4C0025A0462F464FF03C0904F1040AF6
S315080269F00BE05046FDF7E3FF411CE36A1AD094F810
S31508026A003120511C84F831109854E36AA3B194F8E2
S31508026A10312094F830309A42EBD394F8312094F826
S31508026A2030309A4208D10022E76289211046EEF7F1
S31508026A3063F801E0002BF0D1636B6BB109FB0583A8
S31508026A4094F8382093F839309A4205D100226763C0
S31508026A5089211046EEF750F80135062D04F13C045B
S31508026A60C4D13588D5B1B5F5967F50D00023338089
S31508026A70032050E08329F4D1294C0025226894F991
S31508026A800400D36823F40053D3601030013505F0AF
S31508026A9091FD062D04F10804F0D1E2E7204FDFF854
S31508026AA08480DFF8849048F8047C494640464022B0
S31508026AB0FDF76BFF1822002102A806F02DFA3C68A2
S31508026AC04FF4E133019301A90C232046059303F001
S31508026AD02DF9236997F9040023F490432361636926
S31508026AE023F02A036361E36843F02003E36010306E
S31508026AF005F0C2FDE368013543F40053062DE36051
S31508026B0007F1080708F13C0809F14009CBD14FF40F
S31508026B1096733380012008B0BDE8F08754860120B9
S31508026B207045030858860120BC87012005280BD822
S31508026B303C22074B42439A5842B1C0EB001003EB82
S31508026B4080000860002070470220704708207047BE
S31508026B505486012038B5C46A0D4619464CB9C56231
S31508026B6080F8302080F831400C30FDF7DBFF2046F4
S31508026B7038BD0820FCE710B504460C3094F83120DD
S31508026B8094F830309A4206D2FDF7F2FF38B1002364
S31508026B90E3620A2010BDFDF7F1FF0020FAE708209C
S31508026BA0F8E738B504460846656B194685B9606341
S31508026BB084F8382004F11C0084F83950FDF7B2FF36
S31508026BC023681A68D36843F08003D360284638BD21
S31508026BD00820FCE710B5044690F8393094F83820B6
S31508026BE09A4200F11C0010D9FDF7C2FF88B123684A
S31508026BF01B68DA6822F08002DA60DA6822F040025C
S31508026C00DA60002363630A2010BDFDF7B7FF002090
S31508026C10FAE70820F8E7704730B5036885B0684692
S31508026C201C680D4603F072F8134B9C420BD003F511
S31508026C3080639C4207D003F580639C4203D003F528
S31508026C4080639C4215D1039B642219214B43A900F8
S31508026C50B3FBF1F1B1FBF2F002FB10131B01323365
S31508026C60B3FBF2F303EB00139BB20020A36005B05B
S31508026C7030BD029BE8E700BF0010014070470000E4
S31508026C80F8B506463C20214D00FB06F3EB581C6876
S31508026C902768BA0609D5616800FB0650C9B20430EE
S31508026CA0FDF77AFE1A48EDF763FF3B0748BF6368AC
S31508026CB0E36818061BD5390619D53C2000FB065091
S31508026CC090F83920416B531CDBB280F839308B5C63
S31508026CD0636090F8393090F838209A4207D1E36811
S31508026CE023F08003E360E36843F04003E360E3686C
S31508026CF05A060AD57B0608D5E368054823F04003F9
S31508026D00E360BDE8F840EDF733BFF8BD54860120CD
S31508026D10180400200D4A4368934204DC0C4A43686F
S31508026D20934209DB7047A3F5AF23A3F5C863436013
S31508026D30036801330360EEE703F5AF2303F5C8637F
S31508026D4043600368013B0360E9E700BF407E050034
S31508026D50C081FAFF036810B40C6849681B1B1360EC
S31508026D6043685DF8044B5B1A53601046FFF7D2BFBF
S31508026D7003680A689A1A4368024800FB023348689D
S31508026D80181A7047407E0500036810B40C684968F3
S31508026D902344136043685DF8044B0B445360104662
S31508026DA0FFF7B8BF10B51446FFF7EEFFD4E9003275
S31508026DB0084803F00101002BB8BF494202EBD27220
S31508026DC0414303EBD37301EB62015B1061602360FD
S31508026DD010BD00BF20BF020010B5FFF79BFF436836
S31508026DE00B44436010BD43685B42436003685B42E1
S31508026DF003607047F8B50D1E064613DD0A4900689A
S31508026E002A46EFF763FE746807462046EFF72AFE1E
S31508026E1005FB00F303EBD37304EB630494FBF5F46D
S31508026E20E019F8BD0020FCE7407E0500074B10B5C7
S31508026E30541E9C4209D8013393FBF2F391FBF3F4F7
S31508026E4003FB141353430460436010BD3F7E0500E1
S31508026E5070B50D4690F8C810044600EBC1012846E5
S31508026E60FFF786FF94F8C830064695E8030004EB58
S31508026E70C30282E8030001331922B3FBF2F102FBD3
S31508026E80113384F8C830F00070BD30B50A4604469E
S31508026E90002392E8030004EBC3050133192B85E8A6
S31508026EA00300F6D130BDF0B58DB007460C46006832
S31508026EB069461646F0F734FB0546002832D178684B
S31508026EC006A9F0F72DFB054660BB224606A96846C9
S31508026ED004F10C07FFF766FF3A4609A903A8FFF76C
S31508026EE061FF0B9A059B134403EBD3735B10089A55
S31508026EF06361029B134403EBD3735B10A3603246B0
S31508026F0006A92046FFF726FF06F10C0209A938460C
S31508026F10FFF720FF63690B9A9B1A7361089AA368A5
S31508026F209B1AB36028460DB0F0BD10B5044600683A
S31508026F3008B9002010BD6368002BFAD0214600F577
S31508026F40F470F0F72FFA0028F3D06068214600F5AE
S31508026F50F470F0F727FA0028EBD02068F0F78CFADD
S31508026F6010B16068F0F788FA00F00100E2E738B578
S31508026F7004460D46FFF7D9FFA0B1032D14D004F13C
S31508026F80DC00EFF7B2FA04F10800EFF7AEFA206870
S31508026F902946F0F72CFB30B960682946BDE8384027
S31508026FA0F0F725BB092038BD0220FCE72DE9F041A0
S31508026FB0444C9CB000262046FFF7B7FF88B3237AD5
S31508026FC07BB394F8DC3063B3EFF78DFA16AA05465D
S31508026FD010A92046FFF767FF18BB04AB019304F11B
S31508026FE0DC080DF10E03009310AA06AB29464046AB
S31508026FF0EFF7CDFA05AB019304F108070DF10F037C
S31508027000009316AA0BAB29463846EFF7C0FA9DF845
S315080270100E2012B19DF80F305BB900212046FFF70A
S31508027020A6FF0136032E04F5D874C4D11CB0BDE8F8
S31508027030F081012A01D0012B01D10121EEE7404658
S31508027040EFF72BFC38B194F8703123B9294604F1CD
S315080270509C00EFF7CDFD3846EFF71FFC38B194F8E0
S315080270609C3023B9294604F5B870EFF7C1FD0A9991
S315080270700F9A236809980A440E990144D3F8C40161
S31508027080F0F776F8DDE904321A4402449DF80E1048
S315080270902068F0F777FA0028C3D10A990F9A63682D
S315080270A009988A1A0E99411AD3F8C401F0F760F8BA
S315080270B0DDE904329A1A02449DF80F106068F0F767
S315080270C061FAAEE73C89012038B5134D2B680446B0
S315080270D00BB3D0ED016A93ED017AC6EE877A47F6CD
S315080270E0FF720121FDEEE77A17EE900AEFF7C2FC6E
S315080270F02B68D4ED026A93ED027A9881C6EE877AF6
S3150802710047F6FF720121FDEEE77A17EE900AEFF7CE
S31508027110B1FC2B68D88138BD588E01200022026046
S315080271204FF0804242600A4A82600A4A426102611C
S31508027130C260094A0262C26182610022C262826236
S315080271404262064A826342630263C263FFF7BCBFB6
S3150802715000401C459A3A19469A3A19C60000B443A1
S31508027160054A416A1060054AC36A1160816A51601C
S315080271709360FFF7A9BF00BF5C8E01204C8E0120E9
S3150802718038B50388054614466BB1752B0FD1882985
S315080271900BD11369104698476369012B014602D041
S315080271A02046FDF7C8FC75232B80012002E0002348
S315080271B00380032038BD0123016143617047000043
S315080271C04369012B10B5044605D00F4B0F4A2F21F0
S315080271D00F48E9F7EFFF0F4B1A68426118600E482D
S315080271E0EDF7B2FC00212046FDF7E2FC0A482246EA
S315080271F08821EDF79FFC6369012B03D1074B034AEC
S315080272003A21E5E710BD00BFB86F0308A27003086C
S31508027210F26F0308608E0120280400201770030805
S3150802722038B5144D2B6804462BB9134B134A45211E
S315080272301348E9F7BFFF4369012B03D1114B0F4AE4
S315080272404621F5E7FDF79AFC2B68A34209D1636943
S315080272502B6013B90C48EDF7EDFB0123636138BDCA
S315080272601346002BF9D05A69A242F9D162695A61CA
S31508027270F3E700BF608E0120517003088870030887
S31508027280F26F0308177003082804002010B5034C90
S31508027290206800B910BDFFF7C3FFF9E7608E012029
S315080272A04069013818BF0120704781610021FFF744
S315080272B082BF000073B50DF10700FDF7B2FD154E4A
S315080272C0154B164DE0B99DF80720022A18D141F24E
S315080272D07072328041F690221A804FF4E153104CB4
S315080272E02B802046FDF782FD338822889A423CBFCE
S315080272F02B882380EDF7FEFF0A4B186002B070BD9B
S315080273004FF49652328041F218521A8041F2707343
S31508027310E5E700BF668E0120688E01206A8E01208D
S31508027320648E01206C8E012073B5EDF7E3FF224AC5
S31508027330146810600546061B0DF10600FDF756FD9A
S3150802734004F6C412541B1D4DBDF806302888734333
S3150802735000FB043340F6C412B3FBF2F3184A194C85
S3150802736012889BB29A422B8017D30120F2F702F9B0
S315080273702B8822889A4217D30020F2F7FBF8EEF7F9
S3150802738049FC011E14BF0120002002D0022918BFA1
S315080273900321FEF757FA02B070BD22889A42E7D84F
S315080273A00120F2F70FF9E3E7074A12889A42E6D86C
S315080273B00020F2F707F9E2E76C8E0120648E0120BD
S315080273C0668E0120688E01206A8E0120044B188879
S315080273D042F26B03984294BF00200120704700BF17
S315080273E0648E012010B50446034800F048FCD4E92F
S315080273F00130BDE810401847B48E012038B504465E
S315080274000D46808F1021F3F7B7F9638F228F013368
S315080274106387E36913FA80F3E361236A81B213FA95
S3150802742080F0A38F20625B1A521A9BB292B2A3878C
S31508027430228712B90623237438BD2574002BFBD183
S315080274402046BDE83840FFF7CDBF000010B588B02A
S315080274500C466946F3F78BF904A92046F3F787F930
S31508027460044B054801221A70694604AAF3F7E6FE98
S3150802747008B010BDB88E0120C84F0308027B836985
S31508027480022A01D108461847585C70470A4B0A4631
S31508027490012110B403F8011B00F10C0150F8044B4A
S315080274A043F8044B8842F9D10178197002485DF80D
S315080274B0044B0E21F3F732B9708E01202DE9F04FF5
S315080274C0674F3B78032B91B004460CD0052B2ED080
S315080274D0012B29D16349644802233B7011B0BDE8E8
S315080274E0F04FFFF7B3BF0DF13008DFF894B15F4EE6
S315080274F00025C14631781BF801AB05EB011189B2AB
S315080275002046FFF7BBFF01358AEA0000102D08F86E
S31508027510010BEFD13378013333703B7801333B707B
S3150802752049465148FFF792FF11B0BDE8F08F504B1C
S315080275306A4603F110069C4691461868596815462C
S3150802754003C50833B3422A46F7D104AE00213546AD
S3150802755016F8012D0B4643EA4203B1454FEAD2110A
S315080275603370F5D19CF90030002BBEBF9DF80F3061
S3150802757083F087038DF80F3099E80F0085E80F002E
S3150802758008AB0020984613F8011D024642EA41025A
S315080275909D424FEAD1101A70F5D19DF90030324951
S315080275A03448002BBEBF9DF81F3083F087038DF841
S315080275B01F30F3F7F4F830484946F3F7F0F82F4846
S315080275C02946F3F7ECF8A28A02F00F0342B39AB2FD
S315080275D033BBC1461546A18A1039294489B22046C9
S315080275E0FFF74CFF16F8013B01355840102D09F8F4
S315080275F0010BF0D10CAA224C0023114614F8010BF8
S3150802760018F8015B01336840102B02F8010BF5D11B
S31508027610164A1378013313703B7801333B7080E7BF
S315080276201FFA83FAC1460026B24511DDA18A21F066
S315080276300F01314489B22046FFF720FFAB5D58405F
S3150802764089F800000136102E09F10109ECD1D1E7BB
S31508027650AB5D08BF83F0800389F80030F2E700BF0C
S31508027660928E0120C8700308828E0120818E012025
S31508027670938E012054530308BD700308C070030893
S31508027680A38E01202DE9FF41F5F7EEF8022840F016
S315080276902481934E934D304600F0C4FA002840F0F8
S315080276A01C812B78002B40F01881F3F74DFB00283C
S315080276B000F01381304600F0E0FA027B0446082AFD
S315080276C0E9D801A353F822F0ED760208F976020802
S315080276D00377020803770208977602089776020864
S315080276E051770208517702085177020801237E482A
S315080276F02B70F3F7A3FDCEE7D0E90401FFF7A6FE48
S31508027700C9E77A4F01232B703B78EBB90369784AAC
S3150802771003F1100153F8040B42F8040B8B42F9D11A
S3150802772010227448002105F0F7FB734B00221A70E9
S31508027730A38A0F33C3F3071213F47F6F6F4B08BF85
S3150802774001221A7001233B702046FFF7B7FEA2E713
S31508027750037C082B9FD801A151F823F0257802084B
S315080277609776020881770208977602088B780208CC
S3150802777097760208737802089776020883780208D1
S31508027780818EC9B9C28E6846F2F7C8FF9DF80020F5
S3150802779094F82430534084F824309DF8012094F854
S315080277A02530534084F8253094F83F30023384F864
S315080277B03F30A38E0233A38694F83F00A18FC0F10F
S315080277C0100080B2F2F7D8FF80B2A28E58B9E38EC3
S315080277D002339A421DD094F83F300F2B19D820460F
S315080277E0FFF700FE57E7E369591CE161197894F837
S315080277F03F305F1C234484F83F7093F82470794025
S3150802780083F82410A38F0132013BA286A38701388D
S31508027810DAE7002384F83F300323237404F12401B2
S3150802782060696BE70123037490F83E30C28E023B0F
S31508027830003A4FEA830318BF012203F4FF6343EABF
S31508027840821343F001038DF8003083690DF10102BA
S3150802785003F10C0153F8040B42F8040B8B42F9D1DD
S315080278601B7813700E21228F6846F2F757FF694676
S31508027870D6E7072303740021A069FFF707FE20490C
S31508027880CEE70923418F0374F6E7D0E907310520CD
S31508027890207494F83C00102828BF1020072A18BF25
S315080278A00B466A4604F1240C03EB000E17469E4566
S315080278B00AD100F12401C0F1100254FA81F13844C8
S315080278C0E8F786FB3946ABE71CF8011B13F8018B70
S315080278D081EA080102F8011BE9E704B0BDE8F08174
S315080278E0B48E0120B88E0120E04F0308928E012043
S315080278F0828E0120A38E0120818E0120808E012096
S31508027900708E0120F0B5042885B0154640F03B81FB
S3150802791013780E2B0ED0602B07D19378032B04D144
S315080279209A4B1B780BB1F4F7EBFF05B0BDE8F040B4
S31508027930FFF7A8BE03211046F2F7B6FE944B1B8842
S31508027940834212D1914B1A78002A00F01C81914881
S3150802795000271F7000F091F9AE1D044628B1037B7B
S31508027960032B3ED8012B68D85CD02B780E2BDCD1A2
S3150802797003212846F2F798FE874B1B88834228D1B3
S31508027980824B1A78002A00F0FE80002281481A707B
S3150802799000F073F90446E0B1037BC3B90821808A73
S315080279A0F2F7EAFE87B206463A462069A91DE8F7C3
S315080279B00FFB23693B442361A38A981B80B2A082EA
S315080279C028B9744800F05BF9D4E901309847FFF703
S315080279D059FE2B780E2BA8D103212846F2F764FE0E
S315080279E0A3E7063B022BC0D86A4800F046F9037C97
S315080279F0013B0446082BB8D801A252F823F000BF6F
S31508027A00D37A02086B7902081B7B02086B79020893
S31508027A10F77A02086B790208317B02086B79020849
S31508027A204D7B02085B4800F028F981693046F2F777
S31508027A309EFE2046FFF7D6FC97E7564800F01DF94A
S31508027A40694604463046F2F792FE544A1378042BE6
S31508027A501AD0062B25D0022B87D1514C6E4604AF7D
S31508027A60334603CBBB42206061601E4604F108041C
S31508027A70F6D14C494C4B09781B7801398B4234BFF5
S31508027A8003230523137070E7484C6E4604AF33464A
S31508027A9003CBBB42206061601E4604F10804F6D19E
S31508027AA0E7E7434817706946F2F779FEE6696B46D7
S31508027AB004AF1A4603CABA4230607160134606F129
S31508027AC00806F6D1334800F0DAF8D4E901309847C7
S31508027AD04BE700F124013046F2F749FE237B072BD8
S31508027AE044D0082B17D0062B7FF43FAF002384F827
S31508027AF03F3002230FE000F124013046F2F737FE49
S31508027B00217B072906D008297FF42FAF2046FFF7E5
S31508027B1075FC2AE70823237427E700F12401304677
S31508027B20F2F725FEE38EA28E02339A42E1D380E76C
S31508027B3000F1240305F1160134301A7811F8016DA3
S31508027B40724003F8012B8342F7D172E71021808F26
S31508027B50F2F712FE05F11601002380B2834207DB13
S31508027B60237B072B0DD0082B7FF4FFAE0423D2E725
S31508027B70D4E9072611F8017DD25C7A40F254013322
S31508027B80ECE70421C2E705B0F0BD00BFB88E0120BC
S31508027B90C84F0308B48E0120E04F0308928E0120D5
S31508027BA0938E0120808E0120818E0120A38E0120D2
S31508027BB0C3700308054B1A7832B9054801221A70B0
S31508027BC0044B4360F3F728BA704700BFB38E01200F
S31508027BD0BC8E01200579020808B54360029B8360C2
S31508027BE000230373016182820146034800F02CF8E0
S31508027BF0BDE80840FFF746BDB48E012010B5029CC9
S31508027C004460039C84600124C0E9041204738361FE
S31508027C100146034800F018F8BDE81040FFF732BDE8
S31508027C20B48E01200068B0FA80F0400970470268F5
S31508027C3013461BB90A600160012070478B4201D0C6
S31508027C401B68F6E7002070470346006818B9086003
S31508027C501960012070478842F6D10020704749B959
S31508027C600846704703688B4203D10B6803600120FC
S31508027C70704718460028F5D17047006870470368B0
S31508027C800BB11A680260184670470023C0E9003132
S31508027C900B6883607047026883681AB9181E18BF92
S31508027CA00120704742681068984208BF0068003889
S31508027CB0F5E703684BB1D0E901321B68934204BF6A
S31508027CC043601B6883608068704701230360FAE794
S31508027CD0034B1B680360034B1B680B60704700BFAE
S31508027CE0C88E0120C48E012004282DE9F74F8B4641
S31508027CF0174699460ED008284FD11478284D04F015
S31508027D00010455F83440002C47D0A44603B0BDE818
S31508027D10F04F60471378782B3FD1DFF88880DFF879
S31508027D2088A01F4D002688F800609AF8004034445F
S31508027D3004F00103019355F833301C4613B9BEB952
S31508027D400126F2E7019B05EBC3031A79002AF6D04E
S31508027D5000221A7159464B463A460420A047019B0F
S31508027D6083F001048AF80040F3F708F80028E6D100
S31508027D7098F800308BB92B680BB12B791BB9AB6815
S31508027D805BB12B7B4BB101230421002088F800301C
S31508027D9003B0BDE8F04FF5F759BA03B0BDE8F08F66
S31508027DA0D08E0120CD8E0120CC8E0120F7B5B523C9
S31508027DB0042605460C46174668460A4602218DF8E9
S31508027DC000308DF80160F2F782FC3A463146684681
S31508027DD0F2F77DFC06236A4621463046A84703B0D9
S31508027DE0F0BD0000024B042198600248F5F796BAE6
S31508027DF0D08E0120E97C0208024B04211860024851
S31508027E00F5F78CBAD08E0120E97C02080421F5F731
S31508027E102BBAFFF7FBBF0000054B01221A73054B6D
S31508027E20197819B904211A70F5F710BA704700BF04
S31508027E30D08E0120CD8E0120054B01221A71054BE9
S31508027E40197819B904211A70F5F700BA704700BFF4
S31508027E50D08E0120CD8E0120044B9B680A461BB1A9
S31508027E6001461846FFF7A2BF704700BFD08E012011
S31508027E70044B1B680A461BB101461846FFF796BF14
S31508027E80704700BFD08E012070477047704710B503
S31508027E90846B2046FFF7F8FF0123237110BD08B54E
S31508027EA0806BFFF7F2FF08BD10B5846B236943F0B8
S31508027EB0040323612046FFF7E9FF0123237110BD5E
S31508027EC070B5044608B9012070BD90F83D3003F03C
S31508027ED0FF021BB980F83C20EEF732F8242384F817
S31508027EE03D3023681A6822F001021A601A6842F4C1
S31508027EF000421A601A6822F400421A60ECF7F0FC93
S31508027F003F4B65689D4294BF3E4B3F4B98428CBFA0
S31508027F1000230123002BD6D12268394E53683B49E8
S31508027F20B0FBF1F123F03F030B43B542536088BF20
S31508027F304FF49676136A88BF714323F03F0384BFD2
S31508027F404FF47A76B1FBF6F1013119431162D16920
S31508027F50431E2B4821F44F41854221F0FF0132D8B6
S31508027F606D0040F6FC70B3FBF5F30133034242D0D1
S31508027F70C3F30B030B43D361D4E9073011680343F8
S31508027F8021F0C0010B4313609168D4E9030321F47D
S31508027F900341034321F0FF010B439360D4E9053003
S31508027FA0D168034321F0FF010B43D360136843F002
S31508027FB00103136000202023206484F83D302063E7
S31508027FC084F83E0080E7A06850B905EB4505B3FB87
S31508027FD0F5F30133C3F30B037BB143F40043C9E75B
S31508027FE019204543B3FBF5F30133C3F30B0323B15E
S31508027FF043F44043BEE70423BCE70123BAE700BFC4
S31508028000A08601007F841E00FF083D0040420F0043
S3150802801073B50024019490F83D40202C02D002202A
S3150802802002B070BD274C46F2A8152468B4FBF5F4D5
S3150802803019256C430194019C013C0194019C6CB97D
S315080280402023046380F83D3080F83E40036C80F8B4
S315080280503C4043F0200303640120E1E70468A56974
S31508028060AE07E8D490F83C50012DD8D02568069E74
S31508028070ED075EBF256845F001052560256825F4EC
S3150802808000652560212580F83D50402580F83E5040
S3150802809046620025BDF81C6005644685468D068540
S315080280A0094EC66241648264C3640565236843F463
S315080280B08073236080F83C50636843F4E06363602E
S315080280C02846ADE7000000200000FFFFF7B50024B0
S315080280D0019490F83D40202C02D0022003B0F0BD56
S315080280E02B4C46F2A8152468B4FBF5F419256C4303
S315080280F00194019C013C0194019C6CB92023046300
S3150802810080F83D3080F83E40036C80F83C4043F0EE
S31508028110200303640120E1E70468A569AE07E8D4F1
S3150802812090F83C50012DD8D025681A4FED075EBF4E
S31508028130256845F001052560256825F40065256052
S31508028140222580F83D50402580F83E50089D45621C
S315080281500026BDF8245006644585458DC7624164EC
S315080281608264C36406652368ADB243F480630585F9
S315080281702360236843F48073236080F83C602DB142
S31508028180636843F4E06363603046A7E72846A5E7D9
S31508028190000000200000FFFFF7B5002400940194B8
S315080281A090F83D40089D202C02D0022003B0F0BD75
S315080281B004682668B60503D4082D01D0012D1ED100
S315080281C0294E46F2A8173668B6FBF7F619277E43F4
S315080281D00196019E013E0196019E6EB92023066311
S315080281E080F83D3080F83E60036C80F83C6043F0CE
S315080281F0200303640120D9E7A669B707E9D490F8F2
S315080282003C60012ED1D02668F6075EBF266846F086
S3150802821001062660266826F400662660212680F86E
S315080282203D60102680F83E60002606644385438D2D
S31508028230C56241640385036B0093009B4262112B5E
S3150802824005D1B5F52A0F02D0B5F12A4F03D1236815
S3150802825043F480732360002380F83C30626842F45A
S31508028260E06262601846A1E700000020F7B5002424
S315080282700094019490F83D40089D202C02D00220DB
S3150802828003B0F0BD04682668B60503D4082D01D0EC
S31508028290012D1ED1384E46F2A8173668B6FBF7F6F8
S315080282A019277E430196019E013E0196019E6EB9EB
S315080282B02023066380F83D3080F83E60036C80F820
S315080282C03C6043F0200303640120D9E7A669B70797
S315080282D0E9D490F83C60012ED1D0012680F83C60A2
S315080282E02668F6075EBF266846F0010626602668F7
S315080282F026F400662660222680F83D60102680F85D
S315080283003E60002606644385438DC5624164038543
S31508028310036B0093438D42629BB2022B25D1202D1B
S3150802832001D0102D21D1009B122B23681ED123F4D4
S3150802833080632360236843F4006323604FF440712B
S31508028340009B122B05D1B5F52A0F02D0B5F12A4F9B
S3150802835003D1236843F480732360002380F83C30FA
S3150802836062680A43626018468AE7236843F48063B0
S3150802837023604FF4E061E3E700000020704770478E
S315080283807047704790F83D2008B5036DD2B283B99D
S31508028390C36C0268012B836C05D1DBB21361036DD2
S315080283A00233036508BDC3F307231361036D013363
S315080283B0F7E7036D012B03D1836C0268DBB2F4E79E
S315080283C0036D022BEED1222A05D10268136843F403
S315080283D080731360EAE7438D9BB263B1212A0AD1FF
S315080283E0436A026813F8011B11614362438D013B1C
S315080283F09BB24385D6E7438D9BB2002BD2D1212A65
S31508028400D0D10268516821F4E0615160116841F4E3
S31508028410007111602022036380F83D2080F83E3007
S31508028420FDF744FFBEE7704737B5002301932D4B8E
S31508028430806B1B6890F83D2046F2A811B3FBF1F356
S3150802844023214B4301930368D2B2019941BB016CC4
S3150802845041F020010164446B0CB10021E163816B98
S3150802846009B10025CD631D6825F480651D600025C8
S31508028470458504B1256501B10D65196821F001012B
S31508028480196090F83D10602911D1202380F83D30FB
S31508028490002380F83E300364FFF7C5FF03B030BD02
S315080284A001990139019119688905CED4D3E702F0F9
S315080284B02802282A0ED1196841F0010119601968A3
S315080284C041F4806119600023036380F83D20FDF7BB
S315080284D0F3FEE3E7202380F83D30002380F83E30A0
S315080284E0F5E700BF0000002010B590F83D2090F88F
S315080284F03E30102BD9B204460368D2B201D04029C5
S3150802850013D1222A11D1196821F400611960596818
S3150802851011F4006106D1602A1EBF202284F83D208C
S3150802852084F83E100022226307E002F02801282977
S31508028530EDD10022226384F83D105A6812F40062D3
S315080285404FD05A68606B22F400625A6090F8353050
S31508028550012B374B2BD00365FAF7B5FE50B12268CB
S31508028560606B136823F001031360202384F83D30FF
S31508028570036D9847236C19071FBF2268536823F4B3
S31508028580E063536094F83D30226C5207DBB20DD596
S31508028590282B0BD1274BE362202200232363204694
S315080285A084F83D2084F83E30FFF7EBFE10BDA06B41
S315080285B00365FAF788FE0028DCD023685A69510653
S315080285C005D51A69636A1A70636A01336362226897
S315080285D0A06B136823F001031360202384F83D304F
S315080285E0C6E794F83D10602915D1202184F83D107C
S315080285F022645A69520605D51A69636A1A70636A49
S31508028600013363622268136823F00103136020466C
S31508028610FFF709FFAEE75A69500605D51A69636A74
S315080286201A70636A013363622046FDF745FEA1E7C5
S31508028630298402080000FFFFF0B5036804465A6859
S31508028640C66A90F83E0094F83D1010288FB0C5B25D
S31508028650C9B202D0402D40F0C0829F69586910F015
S31508028660010F07D1B6F52A0F02D0B6F12A4F51D11A
S315080286700FB0F0BD96054DD5E26AB2F52A0F0CD1B8
S315080286800122E26294F83E20402A11D1226D52B9A3
S31508028690626C02F0FE021A61EAE7E26AB2F12A4F56
S315080286A0F0D10822EDE7626C42F00102D2B2F2E79B
S315080286B02269B2F5804F1AD194F83D20212A626CBC
S315080286C011D102F0FE021A61626B0AB1D26B2AB9A3
S315080286D0A26B002ACCD0D26B002AC9D05A6842F4BF
S315080286E000625A60C4E742F00102D2B2EBE7226D99
S315080286F032B9626CD21102F0060242F0F002CAE7FF
S31508028700226D012AB4D1626CD21102F0060242F03D
S31508028710F102C0E7060703D5960501D5626CE4E7C0
S31508028720860740F1DD80960540F1DA8094F83E101E
S31508028730E26A256B94F83D002228C9B240F0C88047
S31508028740206D40B9402906D101905A6901929B6968
S315080287500193019B8CE7216D89B92069B0F5404FD9
S315080287600DD102915A6902929A690292029A1A687C
S3150802877042F480721A60236D0133236578E7618DAE
S3150802878089B251B903915A6903929A690392039A73
S315080287901A6842F400721A6019E0618D89B20129D9
S315080287A049D112F5803F1BD11A6822F480621A60F9
S315080287B05A6812F400620CD01A6822F480621A60AF
S315080287C0002204925A6904929B690493049B00232B
S315080287D0D3E705925A6905929A690592059AD7E7E7
S315080287E0082A1CD0202A1AD0122D0DD1012A16D1F8
S315080287F01A6822F480621A60002206925A69069260
S315080288009B690693069BE2E7102AF1D8914921FA59
S3150802881002F2D707ECD51A6842F48062EBE71A68C7
S3150802882022F480621A60002207925A6907929A69AC
S315080288300792079AACE7618D89B202292AD1102AD2
S3150802884003D88449D140CE0720D4196821F480611F
S315080288501960196841F40061196059680D050DD54A
S3150802886012F5803F06D0511E1F2907D87A4ACA40F8
S31508028870D00703D55A6842F480525A6000220892F9
S315080288805A6908929B690893089BA0E7196841F4FC
S315080288908061E1E7196841F4806119605968090540
S315080288A00ED512F5803F07D0013A1F2A08D86A4921
S315080288B021FA02F2D20703D55A6842F480525A6064
S315080288C0002209925A6909929B690993099B7EE7D4
S315080288D000220A925A690A929B690A930A9BC7E678
S315080288E07F0740F18D805E6836053FF5C1AE070603
S315080288F0C0F380063ED550053CD5002E3DD194F8EE
S315080289003D20258D94F83E10E06AD2B2C9B2C5B9A7
S31508028910212A18D1082858D0202856D010F5803F89
S3150802892053D05A6822F4E0625A6011232363002363
S3150802893084F83E30202384F83D302046FDF7ACFC0F
S3150802894096E6212A05D040297FF492AE222A7FF4A0
S315080289508FAE628D92B21AB95A6822F48062C0E664
S3150802896094F83E20402A16D120460FB0BDE8F040C2
S31508028970FFF708BD002E3FF47BAE97057FF578AE6C
S31508028980212939D1E16A94F83D20212A7FF470AE73
S31508028990628D92B24AB1626A12F8011B1961626269
S315080289A0638D013B9BB2638562E608290DD02029B7
S315080289B00BD011F5803F08D0596821F4E06159605F
S315080289C01123236384F83E20B4E75A6822F4E0624E
S315080289D05A601A6842F400721A600023202223633E
S315080289E084F83D2094F83E2084F83E30402A2046FA
S315080289F0A4D1FDF75BFC3BE6402D7FF439AEB3E725
S31508028A0059680E053FF534AE4506C0F380017AD59E
S31508028A10500578D5002979D194F83D20222A7FF489
S31508028A2027AE628D92B2032A18D91A69636A1A7036
S31508028A30636A01336362638D013B9BB26385638D0F
S31508028A409BB2032B7FF414AE2268536823F4806327
S31508028A5053600DE61400010081800080E06A022856
S31508028A603FF47AAF012A3FF677AF754A0B9112683F
S31508028A7046F2A811B2FBF1F202EB82020B920B9AB2
S31508028A80013A0B920B99D1B9226C42F02002226468
S31508028A905A6822F4E0625A601A69636A1A70636A4B
S31508028AA001336362638D013B9BB26385202384F89D
S31508028AB03D30204684F83E10FDF7FEFBD8E51A68DD
S31508028AC012F40072DBD1196821F4806119605968C1
S31508028AD021F4E06159601969636A1970636A01339E
S31508028AE06362638D013B9BB26385202384F83D3024
S31508028AF094F83E3084F83E20402B68D12263204603
S31508028B00FDF7D6FBB4E500293FF4B2AD92057FF531
S31508028B10AFADE26A608D616A80B2042809D15A68EB
S31508028B2022F480625A601B690B70636A01336362BE
S31508028B3036E7608D80B203280CD15868042A20F4DF
S31508028B4080605860EFD0022AEDD01A6822F480625B
S31508028B501A60E8E7608D80B20228E4D1012A01D0C2
S31508028B60102A28D11A6822F480621A601B690B70CF
S31508028B70626A531C6362638D013B9BB263852368F9
S31508028B801B695370636A226801336362638D013B12
S31508028B909BB26385536823F440735360202384F899
S31508028BA03D3094F83E30402B4FF0000384F83E30B7
S31508028BB00DD12363A3E7042A01D0022A03D11A6836
S31508028BC042F48062D1E71A6842F40072CDE71223B2
S31508028BD023632046FDF76EFB4AE5206C10B35869FD
S31508028BE0002587072ED596052CD5226C02B19D69DC
S31508028BF094F83D2002F02802282A16D15A6822F44F
S31508028C0080625A602F066FEA95014FF0000354BF3F
S31508028C10A289228B84F83C3001F001012046FFF735
S31508028C20AFFB25E59D695869DBE700220C92596975
S31508028C300C919B690C930C9B84F83C2018E500BFA9
S31508028C4000000020C60640F1B180950540F1AE80CD
S31508028C5094F83D505A6822F4E0625A6000220D9256
S31508028C605A690D921A6842F001021A600D9A1A6838
S31508028C7022F480621A605A681005EDB220D505F012
S31508028C80F702222A4AD1A06B0268526892B262851A
S31508028C90628D92B21AB1226C42F0040222645A68B8
S31508028CA022F400625A60FAF7E3FB012808D0A06BA7
S31508028CB0794B0365FAF707FB10B1A06B036D98476A
S31508028CC0638D9BB213B323685A69510709D51A698A
S31508028CD0636A1A70636A01336362638D013B9BB2EE
S31508028CE0638523685A69520609D51A69636A1A702E
S31508028CF0636A01336362638D013B9BB26385638D4D
S31508028D009BB21BB1236C43F004032364236C13B395
S31508028D1020460FB0BDE8F040FFF7E6BB606B02687D
S31508028D20526892B26285628D92B21AB1226C42F090
S31508028D30040222645A6822F400625A60FAF798FB1F
S31508028D400128BDD0606B544B0365FAF7BCFA0028BC
S31508028D50B6D0606BB2E72A2D06D12363282384F89E
S31508028D603D302046FFF70BFB94F83D30282B0CD1FB
S31508028D704A4BE362202200232363204684F83D20DF
S31508028D8084F83E30FFF7FDFA72E4236B222B02D0F9
S31508028D90222D7FF46DAC00232022236384F83D2024
S31508028DA084F83E302046FFF7EAFA61E401F0F7015B
S31508028DB02129C0F3800535D1070627D5560525D5BD
S31508028DC03DBB94F83D00628D92B2C0B2002A3FF4D0
S31508028DD04FAC626A12F8015B1D616262628D013AEA
S31508028DE092B26285628D92B2002A7FF441AC29283A
S31508028DF07FF43EAC5A6822F480625A6028232163C3
S31508028E00204684F83D30FFF7B9FA31E4002D3FF4E5
S31508028E102FAC95057FF52CAC628D92B2002A3FF4F1
S31508028E2027ACB8E5400627D5510525D53DBB94F8AC
S31508028E303D20618D89B2D2B200293FF419AC196975
S31508028E40636A1970636A01336362638D013B9BB27D
S31508028E506385638D9BB2002B7FF40AAC2A2A7FF4C2
S31508028E6007AC2268536823F4806353602223236382
S31508028E70282384F83D3095E7002D3FF4F9AB920597
S31508028E807FF5F6AB628D92B2002A3FF4F1AB1A690E
S31508028E90636A1A7049E600BF298402080000FFFFC8
S31508028EA0F8B503685F695E6890F83E200446F805DF
S31508028EB0D2B2C7F3002508D5F10548BF6FF4807111
S31508028EC0C6F3002544BF59610125B80506D5F10543
S31508028ED042BF6FF4007145F002055961780536D52F
S31508028EE0F10534D5608D94F83D10D4F830C0202AA7
S31508028EF080B2C9B25BD1002859D101F0F700212806
S31508028F0004D0282953D1BCF1210F50D194F83D2021
S31508028F10E16A0829D2B201D020292AD1282A28D1E1
S31508028F202B4AE2625A6822F4E0625A606FF480625F
S31508028F305A611A6822F480621A6000232022236387
S31508028F40204684F83D2084F83E30FFF71AFA3A059F
S31508028F503BD5F30539D523686FF4006245F0080559
S31508028F605A61236C1D4325642046BDE8F840FFF785
S31508028F70BBBA212A17D11649E1622263202284F854
S31508028F803D20002284F83E205A6822F4E0625A60A4
S31508028F906FF480625A611A6822F480621A60204667
S31508028FA0FFF7ECF9D3E76FF480625A61CFE76FF403
S31508028FB08061102A596145F0040501D0402AC6D1BC
S31508028FC01A6842F400721A60C1E7002DC9D1F8BDC9
S31508028FD00000FFFF006C70472DE9F041069F04462A
S31508028FE0884616461D462268936838EA03030CBF6C
S31508028FF0012300239E4201D100202BE06B1CF3D0F3
S3150802900055BB23685A6822F0E0025A606268B2F5D4
S31508029010827F0AD1A268B2F5004F02D0B2F5806FFC
S3150802902003D11A6822F040021A60A26AB2F5005FFA
S3150802903009D11A6822F400521204120C1A601A682C
S3150802904042F400521A60012384F85130002384F84E
S3150802905050300320BDE8F081E8F796FEC01BA8420F
S31508029060C1D3CEE713B50B460092802100220446EF
S31508029070FFF7B2FF20B1636D43F020036365032057
S3150802908002B010BD10B50446002836D0002383620C
S3150802909090F8513003F0FF021BB980F85020EDF723
S315080290A063F82168A269022384F851300B6823F019
S315080290B040030B60D4E901300343E06803432069A7
S315080290C0034360690343E0690343206A0343A06AD2
S315080290D0034302F4007003430B60120C636A02F046
S315080290E004021A434A60CB6923F40063CB61002069
S315080290F00123606584F8513010BD0120FCE70000A9
S3150802910010B590F85030012B044646D0012380F85A
S31508029110503090F85130012BD8B23CD1002936D0C4
S31508029120002A34D0032384F8513000236365C4E946
S315080291301033E286A363E387A387A368A28622681D
S31508029140A06C2163B3F5004F02BF136843F4804352
S315080291501360134B0364134BC363134BC36400239B
S315080291600365E38E0C329BB2FAF72BF823681A686A
S3150802917052065EBF1A6842F040021A605A6842F006
S3150802918020025A605A6842F002025A6000200023FE
S3150802919084F8503010BD0220F9E70220FAE700BF32
S315080291A071930208B59302089393020838B50446E8
S315080291B090F85000012867D0012084F8500094F8EE
S315080291C051000128C5B208D06068B0F5827F57D130
S315080291D0A068002854D1042D52D1002952D0002A61
S315080291E050D0002B4ED094F85100A386012804BF14
S315080291F0052084F8510000206065E386E387A3878B
S3150802920094F851302163042BC4E91000E06C0CBFBA
S315080292101E4B1F4BA2630BBF036403641D4B1E4BFD
S31508029220C3631E4B2168C364E38F00259BB20C31CE
S315080292300565F9F7C6FF2268A06C5368216B43F0EF
S3150802924001035360E38E0C329BB2C0E90F55C0E9A5
S315080292501355F9F7B6FF23681A6852065EBF1A68ED
S3150802926042F040021A605A6842F020025A605A686E
S3150802927042F002025A600020002384F8503038BDBA
S315080292800220F9E70120F7E70220F8E77D930208B2
S3150802929089930208179402086794020893930208AE
S315080292A070B5866804460D4666B94368B3F5827F8B
S315080292B008D1042380F85130BDE8704013460A46A7
S315080292C0FFF774BF94F85030012B46D0012384F877
S315080292D0503094F85130012BD8B23CD1002D36D0FB
S315080292E0002A34D0042384F851302168E06CA2871E
S315080292F000236365B6F5004FE287E386C4E91033B7
S31508029300A38608BF0B68A56304BF23F480430B60DA
S31508029310134B0364134BC363134BC36400230365E4
S31508029320E38F2A469BB20C31F9F74BFF23681A687A
S3150802933052065EBF1A6842F040021A605A6842F044
S3150802934020025A605A6842F001025A60002000233D
S3150802935084F8503070BD0220F9E70220FAE700BF10
S315080293607D93020817940208939302087047704780
S3150802937008B5806BFFF7FBFF08BD704708B5806B21
S31508029380FFF7FBFF08BD704708B5806BFFF7FBFFC9
S3150802939008BD806B026808B5536823F0030353605F
S315080293A0436D43F010034365012380F85130ECF70F
S315080293B049FF08BD37B50546846BE8F7E5FC2B6817
S315080293C01B68DB05024622D421684B6823F0020398
S315080293D04B6020466421FFF745FE18B1636D43F0E2
S315080293E020036365A36833B901932368DA68019297
S315080293F09B680193019B0023E386012384F851307D
S31508029400636D23B12046ECF71DFF03B030BD20463D
S31508029410ECF708FFF9E708B50346806B1B681B687B
S31508029420DB051DD403685A6822F003025A604268B3
S31508029430B2F5827F0AD18268B2F5004F02D0B2F540
S31508029440806F03D11A6822F040021A600023C3878C
S31508029450012380F85130436D13B1ECF7F3FE08BDD2
S31508029460ECF7D6FEFBE738B50546846BE8F78CFCC5
S315080294702B681B68DB05024619D464212046FFF7D0
S31508029480F1FD18B1636D43F02003636522685368E2
S3150802949023F0030353600023E386E387012384F85A
S315080294A05130636D1BB12046ECF7CCFE38BD204621
S315080294B0FFF75CFFFAE70000036830B559689A6857
S315080294C002F04105012D85B0044606D14D0604D5A4
S315080294D0036C05B0BDE830401847950704D5080661
S315080294E002D5636C2046F4E712F4B07F51D08D069C
S315080294F04FD550060FD594F8510003284FF00005B2
S3150802950041D0606D40F0040060650095D86800900F
S3150802951098680090009895060CD5606D40F0010099
S3150802952060650020029098680290186820F0400052
S3150802953018600298D00508D5626D42F00802626585
S31508029540002203929A680392039A626D0AB35A68D2
S3150802955022F0E0025A60012284F851208A071AD0C2
S315080295605A68E06C22F003025A6018B10C4B036584
S31508029570F9F7A9FEA06C60B1094B036505B0BDE811
S315080295803040F9F7A0BE0195DA6801929B6801930B
S31508029590019B05B030BD2046ECF754FEF9E700BF43
S315080295A0A595020808B5806B0023C387C386ECF726
S315080295B049FE08BD0168074B0B445B0100225A614C
S315080295C01A62054B0B445B011A60202380F83A3075
S315080295D0704700BF0C0010C2140010C22DE9F843F0
S315080295E00368C1681A69044622F440520A431A619A
S315080295F02569A268D968C0692A43656921F41641B2
S315080296002A4321F00C0102430A43DA605A69A16926
S3150802961022F440720A43B0F5004F5A618B4A40F071
S315080296208D8093420BD002F58062934207D002F5F1
S315080296308062934203D002F58062934249D1EBF7E6
S3150802964067F963684FF019094FF0640809FB00F0DF
S315080296505B00B0FBF3F3B3FBF8F31F01EBF758F922
S31508029660656809FB00F06D00B0FBF5F5EBF750F9FC
S31508029670666809FB00F07600B0FBF6F6EBF748F9E8
S31508029680B6FBF8F608FB16566368F6003236B6FBE2
S31508029690F8F6760009FB00F05B0006F4F876B0FBF4
S315080296A0F3F5EBF735F96368226809FB00F05B000E
S315080296B0B0FBF3F3B3FBF8F308FB1353DB003233C7
S315080296C0B3FBF8F303F007033B4433449360BDE866
S315080296D0F883EBF705F963684FF019094FF0640848
S315080296E009FB00F05B00B0FBF3F3B3FBF8F31F01D1
S315080296F0EBF7F6F8656809FB00F06D00B0FBF5F5C7
S31508029700EBF7EEF8666809FB00F07600B0FBF6F6B2
S31508029710EBF7E6F8B6FBF8F608FB16566368F600AA
S315080297203236B6FBF8F6760009FB00F05B0006F463
S31508029730F876B0FBF3F5EBF7D3F8B4E793420AD021
S31508029740434A934207D002F58062934203D002F558
S315080297508062934246D1EBF7DBF863684FF019094A
S315080297604FF0640809FB00F09B00B0FBF3F3B3FB70
S31508029770F8F31F01EBF7CCF8656809FB00F0AD00BA
S31508029780B0FBF5F5EBF7C4F8636809FB00F09B003C
S31508029790B0FBF3F3B3FBF8F308FB13531B013233A5
S315080297A0B3FBF8F303F0F006EBF7B2F8636809FBCC
S315080297B000F09B00B0FBF3F5EBF7AAF863682268A2
S315080297C009FB00F09B00B0FBF3F3B3FBF8F308FBCD
S315080297D013531B013233B3FBF8F303F00F0333437E
S315080297E03B4473E7EBF77CF863684FF019094FF0CF
S315080297F0640809FB00F09B00B0FBF3F3B3FBF8F334
S315080298001F01EBF76DF8656809FB00F0AD00B0FBC8
S31508029810F5F5EBF765F8636809FB00F09B00B0FB0A
S31508029820F3F3B3FBF8F308FB13531B013233B3FB11
S31508029830F8F303F0F006EBF753F8636809FB00F058
S315080298409B00B0FBF3F5EBF74BF8B7E700100140C6
S315080298500014014010B5044640B390F8393003F0BD
S31508029860FF021BB980F83820ECF742FB2268242352
S3150802987084F83930D36823F40053D3602046FFF7BF
S31508029880ADFE23681A6922F490421A615A6922F0D7
S315080298902A025A61DA6842F40052DA60002020236A
S315080298A0E06384F8393084F83A3010BD0120FCE7C9
S315080298B070B50446134694F83920202A2DD151B39F
S315080298C04BB394F83820012A27D0206BE38400256D
S315080298D02122E563012684F83920114AA38484F8F3
S315080298E038602162C2630F4A02640F4AC0E913252F
S315080298F022680432F9F765FC23686FF0400243F8E0
S31508029900142B03F1424303F580135B0184F83850A4
S315080299102846DE6170BD0120FCE70220FAE700BF97
S31508029920C9990208039A0208CD9A020837B590F82F
S315080299303A30202B04463BD1002937D0002A35D0AD
S3150802994090F83830012B33D0012380F838300023C1
S31508029950C36381628285222084F83A00606B154DC2
S31508029960C563154D0564154DC0E91353256813469D
S315080299700A46291DF9F725FC2268536913F48073F0
S3150802998005D101931368019353680193019B0C4B0C
S3150802999013445B010121002084F838001960094B41
S315080299A013445B011960996103B030BD0120FBE7DE
S315080299B00220F9E70D9A0208BF9A0208CD9A020810
S315080299C00D0010C2140010C20268126812F48072E6
S315080299D008B5836B0BD1DA841968074B0B445B0114
S315080299E0DA61064B0B445B0101229A6108BD1846EF
S315080299F0FBF7F0FEFAE700BF140010C20C0010C213
S31508029A00704708B5806BFFF7FBFF08BD08B503462C
S31508029A10806B1B681B6813F480730DD10168084AB2
S31508029A20C3850A4452011360064A0A445201136066
S31508029A309361202380F83A30FBF7D4FE08BD00BFB5
S31508029A400D0010C2140010C290F83A30222B10B53D
S31508029A5021D1816804690268836AB1F5805F1FD1E2
S31508029A605268CCB9C2F3080223F8022B8362C38D6B
S31508029A70013B9BB2C38573B901680E4A0A44520177
S31508029A80536113620C4A0A4452011360202380F878
S31508029A903A30FBF7A7FE10BDD2B223F8012BE5E751
S31508029AA0591C526881620CB91A70E0E702F07F020B
S31508029AB0FAE700BF0C0010C2140010C2704708B5BE
S31508029AC0806BFFF7FBFF08BD7047000008B5806B87
S31508029AD00268536990F8391021290BD1190609D55C
S31508029AE00D4B13445B010021C184D961996120237E
S31508029AF080F83930536990F83A20222A05D15B0654
S31508029B0003D50023C385FFF755FDC36B43F0100346
S31508029B10C363FFF7D9FF08BD0C0010C202681368B9
S31508029B20D16870B51E075569044607D19E065AD5EF
S31508029B308D0658D5BDE87040FFF786BF05F00100CF
S31508029B4001F4907505434ED0DE0705D5CD0542BF13
S31508029B50E26B42F00102E2635A0704D518B1E26BDE
S31508029B6042F00202E2639E0704D518B1E26B42F0A4
S31508029B700402E2631D0704D518B1E26B42F008023B
S31508029B80E263E26B52B3980604D58A0602D52046EA
S31508029B90FFF75AFF23685B69E56B03F0400305F09C
S31508029BA008051D4320461AD0FFF704FD22685369AB
S31508029BB05B0610D5284B606B13445B0100229A6141
S31508029BC048B1264B0365F9F77EFB38B1606BBDE8F1
S31508029BD07040036D18472046FFF776FF70BDFFF702
S31508029BE073FFE563FAE71E0626D50D0624D594F813
S31508029BF03930212BF2D1A168236AB1F5805F16D1DB
S31508029C001988C1F308015160216971B902332362C7
S31508029C10E38C013B9BB2E384002BDFD1104911444C
S31508029C204901CB6101238B61D8E70133EFE7591C60
S31508029C3021621B785360EBE75806CFD54B06CDD584
S31508029C40074B13445B0100229A61202384F83930BA
S31508029C502046FBF7BFFDC1E7140010C2659C020847
S31508029C600C0010C208B5806B0023C385C384FFF7B6
S31508029C702BFF08BD094B0A4859685A685B68C3F343
S31508029C800143C2F38812013301F03F015B00B0FBC6
S31508029C90F1F05043B0FBF3F0704700BF00380240C2
S31508029CA00024F400054A936803F00C03082B02D13A
S31508029CB05368FFF7DFBF0248704700BF003802400B
S31508029CC00024F400034B044A9B68C3F30313D35CD2
S31508029CD0D8407047003802403C3D0308034B044A0B
S31508029CE09B68C3F38223D35CD8407047003802408E
S31508029CF04C3D0308034B044A9B68C3F34233D35CC7
S31508029D00D8407047003802404C3D030810B5044657
S31508029D10FFF7C8FF2060FFF7D5FF6060FFF7DEFF99
S31508029D20A0606068FFF7E6FFE06010BD30B5C36863
S31508029D309B0485B004460D4602D5002005B030BD09
S31508029D404B68C968C2680B4329690B43A96922F49F
S31508029D5016420B4322F00C021343C3600369AA6836
S31508029D6023F440531343036143696A6923F4407336
S31508029D70134343616846FFF7C9FF2D4B9C4224D122
S31508029D80039B002BD9D02A68002AD6D019214B4327
S31508029D90A969B1F5004F4FF064013BD15200B3FBFC
S31508029DA0F2F3B3FBF1F001FB1033DB003233B3FB02
S31508029DB0F1F303F007025B0002EB001203F4F873F7
S31508029DC013449BB2A3600120B8E71A4B9C4201D107
S31508029DD0029BD6E7184B9C42FAD003F54C439C42A9
S31508029DE0CED0A3F548439C42F2D003F580639C4249
S31508029DF0EED003F520539C42EAD003F580639C42D9
S31508029E00E6D003F51C439C42BAD003F580639C4214
S31508029E1093D1B5E79200B3FBF2F3B3FBF1F201FB80
S31508029E2012331B013233B3FBF1F303EB0213C8E718
S31508029E3000100140004400400048004010B40024CD
S31508029E400473D0E90140A4465DF8044B604710B498
S31508029E500024047304688068A4465DF8044B6047CE
S31508029E6007EE900A9FED030AF8EEE77A27EE800AD4
S31508029E70704700BF23DB793E07EE900A9FED030A7F
S31508029E80F8EEE77A27EE800A704700BF00008C4298
S31508029E900388A52B70B504460D4616460AD0A92B8B
S31508029EA018D0D3B901230F4A10212846FFF7C6FF57
S31508029EB0A52323802B7B0BB9002070BD094A137892
S31508029EC066F383031370102101232846FFF7BFFFA9
S31508029ED0A92323802B7B002BEED00023238003208B
S31508029EE0EBE700BFE08E01200388DF2B70B504463E
S31508029EF00D4616460AD0E32B18D0D3B901230F4ACA
S31508029F0010212846FFF79AFFDF2323802B7B0BB904
S31508029F10002070BD094A137866F3071313701021DF
S31508029F2001232846FFF793FFE32323802B7B002B8D
S31508029F30EED0002323800320EBE700BFE08E01204A
S31508029F40F8B5038840F23117BB4204460D46164659
S31508029F500BD040F23512934218D0D3B90F4A0123D7
S31508029F6011212846FFF76AFF27802B7B0BB90020B1
S31508029F70F8BD0A4A137866F34303137011210123C5
S31508029F802846FFF764FF40F2351323802B7B002B0C
S31508029F90EDD0002323800320EAE700BFE08E0120EC
S31508029FA00388B3F5B77F70B504460D4616460CD03E
S31508029FB0B3F5B97F1AD0E3B90123104A112128460D
S31508029FC0FFF73CFF4FF4B77323802B7B0BB90020B6
S31508029FD070BD0A4A137866F3071313701121012319
S31508029FE02846FFF734FF4FF4B97323802B7B002BE7
S31508029FF0EDD0002323800320EAE700BFE08E01208C
S3150802A000F8B5038840F2BD17BB4204460D4616460C
S3150802A0100BD040F2C112934218D0D3B90F4A01238A
S3150802A02012212846FFF70AFF27802B7B0BB900204F
S3150802A030F8BD0A4A137866F38613137012210123B0
S3150802A0402846FFF704FF40F2C11323802B7B002B1F
S3150802A050EDD0002323800320EAE700BFE08E01202B
S3150802A060F8B5038840F2E337BB4204460D46164666
S3150802A0700BD040F2E732934218D0D3B90F4A0123E4
S3150802A08014212846FFF7DAFE27802B7B0BB900201E
S3150802A090F8BD0A4A137866F347131370142101238D
S3150802A0A02846FFF7D4FE40F2E73323802B7B002BAA
S3150802A0B0EDD0002323800320EAE700BFE08E0120CB
S3150802A0C0F8B5038840F2C247BB4204460D46164617
S3150802A0D00BD040F2C642934218D0D3B90F4A012395
S3150802A0E00B212846FFF7AAFE27802B7B0BB90020F7
S3150802A0F0F8BD0A4A137866F3C71313700B210123B6
S3150802A1002846FFF7A4FE40F2C64323802B7B002B8A
S3150802A110EDD0002323800320EAE700BFE08E01206A
S3150802A12038B5038804460D463BB140F2F5429342E0
S3150802A1300BD00023238003200CE001230F2128469D
S3150802A140FFF77CFE40F2F54323802B7B03F0FF00EA
S3150802A150002BEED138BD0000F8B5038840F2075748
S3150802A160BB4204460D4616460BD040F20B529342AA
S3150802A17018D0D3B90F4A012312212846FFF75EFEEB
S3150802A18027802B7B0BB90020F8BD0A4A137866F3A1
S3150802A19000031370122101232846FFF758FE40F2E6
S3150802A1A00B5323802B7B002BEDD000232380032027
S3150802A1B0EAE700BFE08E0120038870B504460D4623
S3150802A1C016463BB140F21D5293420CD0002323801F
S3150802A1D0032070BD0123094A12212846FFF72EFEE5
S3150802A1E040F21D5323802B7B03F0FF00002BF0D097
S3150802A1F0024B1B78C3F300033370E7E7E08E0120B6
S3150802A20073B503880192C2F3004640F61C129342C4
S3150802A21005460C4600F2B98040F60A12934211D856
S3150802A22040F6FA02934200F0D48037D8002B00F0A9
S3150802A230B58040F6EF02934200F0B98000232B80E6
S3150802A2400320B7E0A3F60B13112BF7D801A252F895
S3150802A25023F000BFCDA202083DA202083DA20208D1
S3150802A260E5A202083DA202083DA202083DA2020892
S3150802A27007A302083DA202083DA202081FA302087C
S3150802A2803DA202083DA202083DA202083FA3020817
S3150802A2903DA202083DA2020857A3020840F6FD02A3
S3150802A2A0934200F0A280B3F5106FC7D1237B002B2F
S3150802A2B07FD0544A9DF8053002F8023F5E210123F9
S3150802A2C02046FFF7C4FD40F60B132B80237B002B99
S3150802A2D06FD001234C4A13212046FFF7AFFD40F603
S3150802A2E00E132B80237B002B63D0464A137966F321
S3150802A2F0041302F8043F132101232046FFF7A7FDA2
S3150802A30040F612132B80237B002B52D001233D4AA1
S3150802A3101A212046FFF792FD40F615132B80237B60
S3150802A320002B46D0374A137866F3C71313701A21DF
S3150802A33001232046FFF78BFD40F619132B80237B5A
S3150802A340002B36D00123314A58212046FFF776FDE5
S3150802A35040F61C132B80237B5BB32A4A9DF80530F3
S3150802A360D1780B4313F0FC0F537914BF0121002156
S3150802A37061F3C71302F8053F582101232046FFF768
S3150802A38066FD4FF413632B8003E0B3F5136F7FF476
S3150802A39055AF237B002B7FF451AF0AE001231C4AF9
S3150802A3A00D212046FFF74AFD40F6EF032B80237B5B
S3150802A3B013B9002002B070BD124A9DF8043002F8A3
S3150802A3C0013F0D2101232046FFF741FD40F6FA031E
S3150802A3D02B80237B002BECD001230E4A5E212046DC
S3150802A3E0FFF72CFD40F6FD032B80237B002BE0D0E4
S3150802A3F00123094A5F212046FFF720FD4FF4106327
S3150802A4002B8053E7E08E0120E48E0120E58E0120A1
S3150802A410E18E0120E28E0120E38E0120F7B507685E
S3150802A4203B798B420E46144615D9787901A9FCF771
S3150802A430BDF8054688B93B680198995D14FB04F492
S3150802A440C4EB044442F21072B4FBF2F2FCF7C4F80D
S3150802A450284603B0F0BD0225FAE70025F8E7000012
S3150802A460044A937900EBC30140F83320024B4B6050
S3150802A470704700BFC4430308D870030808B502F042
S3150802A4805DF908B5FFF7FAFF00F028BE1EB400F022
S3150802A4908FF81EBCDFF746FBF0B50278472A83B071
S3150802A4A00C461D4619D00023264E019333683046C2
S3150802A4B09B68984778B1019B1B680193022723681A
S3150802A4C0314620461E6901AA0123B04718BB074632
S3150802A4D0384603B0F0BD0127F1E743784E2BE2D1A7
S3150802A4E08378552BDFD1C378432BDCD10379462BEE
S3150802A4F01BD00379432BD6D143792B2BD3D183791E
S3150802A5002B2BD0D1C379012BCDD809D050F8206C8A
S3150802A51058300190CAE7019B2B60384603B0F0BD5C
S3150802A52050F8200C50F8786CF3E743794F2BE0D1BA
S3150802A5308379522BDDD1C379002BDAD1024E0193EE
S3150802A540B4E700BFF8700308F070030810B50446B4
S3150802A55000F07AF8224612F82039472B04D083688D
S3150802A56023BB8260012010BD63784E2BF7D1A378F6
S3150802A570552BF4D1E378432BF1D12379432BEED132
S3150802A58063792B2BEBD1A3792B2BE8D1E379012B1A
S3150802A590E5D854F8043C0133012B44F8043CE1D1D4
S3150802A5A0836844F8083C8260012010BD00F08AFBEB
S3150802A5B008B500F049F8836883B393F82020472A40
S3150802A5C004D00022826003F1200008BD93F82120FE
S3150802A5D04E2AF6D193F82220552AF2D193F823204F
S3150802A5E0432AEED193F82420432AEAD193F8252068
S3150802A5F02B2AE6D193F826202B2AE2D193F8272094
S3150802A600012ADED8DA69013ADA61002ADBD19969C8
S3150802A610816000229A6103F1200008BD00F052FB16
S3150802A620704700BF704700BF00487047DC700308D8
S3150802A63010B504210446FFF727FF204610BD00BFC8
S3150802A64000487047E88E012000487047E88E0120CE
S3150802A650502870B51DD0844600F00F000C2855D836
S3150802A660DFE800F0074426071E545454542A2207EA
S3150802A6701E00104650F8046B4EB10CF07004102CF4
S3150802A68008BF11460E441CF0800F18BF36681E60BC
S3150802A69070BD033222F0030050F8046B1E6070BDD1
S3150802A6A0104650F8086BE7E7104630F9026BE3E705
S3150802A6B0104630F8026BDFE700261046344610F8DB
S3150802A6C0015B05F07F0E0EFA04FE15F0800F46EACE
S3150802A6D00E0604F10704F2D11F2CCDD86D06CBD590
S3150802A6E04FF0FF3505FA04F42643C6E7002610465E
S3150802A6F0344610F8015B05F07F0E0EFA04FE2D06AD
S3150802A70046EA0E0604F10704F3D4B5E702F016F892
S3150802A710FF2822D008B500F07003302B18D006D8CF
S3150802A720202B0BD1BDE808400846FFF7AABE402BEE
S3150802A7300AD1BDE808400846DFF7D4BB02D810F0B4
S3150802A740600F03D001F0FAFF502BFBD1002008BDA1
S3150802A750BDE808400846FFF791BE0020704700BFD3
S3150802A760F8B50C461546064608B1DFF7BBFB286066
S3150802A77014F8017BFF2F29D16860204610F8013BA7
S3150802A7802B75FF2B33D0102300242B75224610F885
S3150802A790011B01F07F039340090644EA030402F110
S3150802A7A00702F4D40444EC6010F8013B6B750024EC
S3150802A7B0224610F8011B01F07F0393401C430B0647
S3150802A7C002F10702F5D404442C61F8BD3146384635
S3150802A7D0FFF79EFF224601462B1D3846FFF738FF34
S3150802A7E00446204610F8013B2B75FF2BCBD10023DC
S3150802A7F0EB60D9E72DE9F04F00F0030493B000238C
S3150802A800012C08938846174613D0022C08D13946DC
S3150802A8104046DFF751FB40B9082013B0BDE8F08F78
S3150802A820002C00F0948001F089FF092013B0BDE8DE
S3150802A830F08F0DF1300A10F00804CDF800A000F0F0
S3150802A8409D8044F0020202920C910C221946384667
S3150802A850DEF7D8FD3846DFF74BFB83460028D6D00D
S3150802A860524601463846FFF77BFF394605469DF8AC
S3150802A8704400FFF74DFF0DF12C0900230E901946EF
S3150802A880CDF800900F223846DEF796FD0B9B23F093
S3150802A89001035E1E109B9D4237D29DF8454000215A
S3150802A8A02046FFF735FF2A46014609AB2046FFF741
S3150802A8B0CFFE9DF84550044600212846FFF728FF9B
S3150802A8C0224601460AAB2846FFF7C2FE9DF84550C6
S3150802A8D0044600212846FFF71BFF224601464B463F
S3150802A8E02846FFF7B5FE00240546224615F8011B41
S3150802A8F001F07F0393401C430B0602F10702F5D4CD
S3150802A9000C9B099A1344B34219D9029BD80730D52E
S3150802A9100024039400231946CDF8009038460D22E8
S3150802A920089DDEF749FD039BC8F830300B9BC8F833
S3150802A9302CB0C8E909540620C8F820306DE70A9AEF
S3150802A9401344B3426ED8109BAB42A6D8DDE7020782
S3150802A9503FF55DAF012302930DF1300A0023CDF8CE
S3150802A96000A00C2219463846CDF83080DEF74AFD9B
S3150802A97070E7029B1A0752D500F0A4F90D6A23461E
S3150802A9800D2221463846DEF717FD0C9B9D4202D062
S3150802A99002230293E2E72346CDF800A021460C22C1
S3150802A9A03846CDF83080DEF72DFDD8F830300393DF
S3150802A9B0ABB3D8E90A4B0DF12C09002C4EDB032563
S3150802A9C000231A461946CDF800903846CDF82C8051
S3150802A9D0DEF718FD002319460122CDF80090384605
S3150802A9E00B94DEF70FFD002319460F22CDF80090CF
S3150802A9F03846DEF7E1FC0B9A0399CDF8009002F08F
S3150802AA0001020A4300230B9238460F221946DEF743
S3150802AA10F9FC022D1DD0072013B0BDE8F08F404681
S3150802AA2000F028FC0B9B002B3FF4F1AE0D9A134461
S3150802AA300393002C38D1002B3FF4E9AE029BDD07C5
S3150802AA403FF5E5AE029B1B0740F123810024022550
S3150802AA50B6E74046FFF77AFD0720DEE66FF0404389
S3150802AA601B1B1E46524659463846FFF779FE9DF885
S3150802AA7044003946FFF74CFE0E9005460F9850F8EB
S3150802AA80263000EB860033B10246002352F8041F33
S3150802AA9001330029FAD1C8E90A350423C8F8340073
S3150802AAA0C8F8303003258BE7109E039B013C2644E9
S3150802AAB0002B3FF4ACAE029B002E00F0E28013F0AE
S3150802AAC00803049300F0C980472388F800304E2310
S3150802AAD088F80130552388F80230432388F8033072
S3150802AAE0462388F804304F2388F80530522388F81D
S3150802AAF00630002388F807300023CDF818B00597EA
S3150802AB009B46CDF81CA00024224616F8011B01F02C
S3150802AB107F039340080644EA030402F10702F4D4C9
S3150802AB201F2A05D84B0603D5012393405B421C43D3
S3150802AB30002530462A4610F8011B01F07F03934090
S3150802AB400F0645EA030502F10702F4D41F2A05D8BF
S3150802AB50490603D5012393405B421D43002C37D097
S3150802AB6039DCB8F1000F02D0049B002B50D06FF0ED
S3150802AB70404A0F9BAAEB040A53F82A30BBB1002DB0
S3150802AB8075D02E44BFE7A3005B420F9A0E991A446A
S3150802AB904B46FFF75DFD0B9949B1B8F1000FEED0B0
S3150802ABA008AB00224046FFF777FC0028E7D0029B55
S3150802ABB0DDF81CA0D907DDE9057B3FF5ABAE049BA2
S3150802ABC0002B3FF4FAAE002CBFF6F9AE00F088F877
S3150802ABD04FF0010BD3E79DF84400FF2831D000F06F
S3150802ABE00703042B3FF61FAE01A252F823F000BF5B
S3150802ABF087AB020827A802080BAC020887AB020833
S3150802AC0005AC0208E3005B42BFE763005B42BCE7B0
S3150802AC106FF0404A0F9F089B0B93AAEB040A57F85A
S3150802AC202A1007EB8A0719B90DE057F8041F51B124
S3150802AC3039444B4600224046FFF72EFC0028F4D042
S3150802AC409DE70023A1E7029BDA075646DDE9057B65
S3150802AC50DDF81CA03FF55EAE04E798F80730012B35
S3150802AC600CBF58F8203C08F15803089344E75B46A2
S3150802AC70059F002B3FF4CBAD029BDB073FF5C7AD23
S3150802AC80E4E6DE073FF5C3AD029B13F008047FF442
S3150802AC90DDAE022594E600F06FFB6DE600B583B0E3
S3150802ACA0804701F04BFD00F067FB01F047FD0C46BB
S3150802ACB0019000F09FFB0134019801D100F0EAFAF5
S3150802ACC0FFF7E4FB08B5034B1868BFF35B8FFFF782
S3150802ACD0E5FF00BF3C04002008B58047FFF7F2FFF6
S3150802ACE008B5034B1868BFF35B8FFFF7F5FF00BF84
S3150802ACF038040020024B1868BFF35B8F704700BF09
S3150802AD003C040020024B1868BFF35B8F704700BFF4
S3150802AD1038040020012838BF012010B50446204611
S3150802AD2002F03CF800B110BD00F05EFC08B18047A5
S3150802AD30F5E7042000F044FA024B034A034903608C
S3150802AD4000F0F0FBD0720308B1AF0208AC72030838
S3150802AD5010B5034B0360044600F062F9204610BDA5
S3150802AD60CC71030810B5054B0360044600F058F988
S3150802AD7020460C21FFF788FB204610BDCC7103083C
S3150802AD8070B582B00446069E96420D4609D0A06862
S3150802AD9004680696246A2946A44602B0BDE87040AD
S3150802ADA0604719460192009300F062F8DDE9003225
S3150802ADB00028ECD0062002B070BD00BF2DE9F04F86
S3150802ADC00C4681B01946DDE90A69DDE90C879B461E
S3150802ADD00546924600F04CF880B9464525D0A86843
S3150802ADE021460468CDE90C87CDE90A69E4695B4620
S3150802ADF05246A44601B0BDE8F04F6047002C3E60BB
S3150802AE0087F804A00CDB3444A0450CBF4FF00608B3
S3150802AE104FF0010887F80680002001B0BDE8F08FE0
S3150802AE200234F9D10123BB71F6E74946284600F0F8
S3150802AE301FF80028D3D087F805A0EDE72DE9F041E1
S3150802AE4006460F4614461D4600F024F948B9B0686E
S3150802AE50016822468C692B463946A446BDE8F0416C
S3150802AE606047BDE8F08100BF704700BF0020704709
S3150802AE70814211D008B5406803782A2B0AD049685E
S3150802AE800B782A2B08BF0131E5F74EF9B0FA80F0A4
S3150802AE90400908BD002008BD0120704770B53B4B2C
S3150802AEA01A7882B0002A41D101241C7000F08EFB68
S3150802AEB0002831D04468364D23782A2B08BF01343E
S3150802AEC000224FF0FF30114601AB01902046E4F70D
S3150802AED019FF2B683022DB68064601212D4801F04E
S3150802AEE045FF019B93B12B682046D96801F042FDC4
S3150802AEF02B682948DB680222012101F037FF019BF2
S3150802AF0013B9304601F052FF00F028FB2B68304691
S3150802AF10D96801F02FFDEBE71D4B20481B682D224F
S3150802AF20DB68214601F022FF01F008FC184B1C4899
S3150802AF301B681D22DB68012101F018FF01F0FEFBE8
S3150802AF4001290C4619D100F017FA03689B6898473D
S3150802AF502B682146DB6804460B22124801F006FFDD
S3150802AF602B682046D96801F005FD2B680A20D968A6
S3150802AF7001F08AFC00F03EFAD6E700F0FDF900F08F
S3150802AF8039FAD1E700F036FAFFF780FAF48E012093
S3150802AF9040040020287203085C72030860720308E2
S3150802AFA00872030890720308004870479C720308E7
S3150802AFB010B5034B03600446FFF732FB204610BD6B
S3150802AFC0D072030810B5054B03600446FFF728FB49
S3150802AFD020460421FFF758FA204610BDD07203080E
S3150802AFE070B5036884B000249E690394102315463D
S3150802AFF00293CDE900446B461268B0479DF80430C7
S3150802B00003F00603062B03BF009B2B600120204694
S3150802B01004B070BD0098904214BF01200620704704
S3150802B02010B5034B03600446FFF71EFF204610BD0A
S3150802B0301473030810B5054B03600446FFF714FFA3
S3150802B04020460821FFF720FA204610BD147303088C
S3150802B0502DE9F041069F0899099E8F4204469046BB
S3150802B0601D460CD029462046FFF702FF20B10123D0
S3150802B070376086F80480B3710020BDE8F08107992D
S3150802B080FFF7F6FE0028EDD086F805800020BDE819
S3150802B090F08100BF38B515461C46FFF7E9FE00B930
S3150802B0A038BD082206232560E260237138BD00BF39
S3150802B0B02DE9F041064617461D460C46FFF7D8FE0F
S3150802B0C048B9032D07D823683A46314620465B69B4
S3150802B0D0BDE8F0411847BDE8F08100BF01F066BE41
S3150802B0E020494B6830B5A0F108046BB350F8085CE8
S3150802B0F004EB050E734527D821D05A6801F1040CD2
S3150802B10032B90FE0516803F1040C21B313460A461B
S3150802B1109645F7D304BFDEE900215960DCF8003012
S3150802B12008BFAD181A6899188C4211D05B6840F8A6
S3150802B130043CDCF8003040F8085C5C6030BD1A68F4
S3150802B1405B682A4440F8082C40F8043C4C6030BD41
S3150802B1502A441A6030BD5B681A6899188C42E5D190
S3150802B160F6E700BFF88E0120144900F10803486883
S3150802B170082B38BF0823A0B1073323F0070304318D
S3150802B18002E0011D4068B8B102689342F9D830B4AA
S3150802B190D41A072C06D84368026030BC08300B6004
S3150802B1A070477047C21845685560C450086830BC75
S3150802B1B0036008300A607047704700BFF88E0120A6
S3150802B1C010B500F18004204601F0E8FD034630B1CF
S3150802B1D080220021184601F09FFE803010BD2046CD
S3150802B1E0FFF7C2FF03460028F2D1FFF76BFD00BF47
S3150802B1F0064A93688038984205D9D2681344984219
S3150802B20001D2FFF76DBF01F0D1BD00BFF88E012054
S3150802B21038B5084C4FF41E652846E56001F0BEFDB8
S3150802B220A06020B10023C0E90053606038BDE06029
S3150802B230606038BDF88E01200378472B01D00020C4
S3150802B240704743784E2BFAD18378552BF7D1C378BA
S3150802B250432BF4D10379432BF1D143792B2BEED12E
S3150802B26083792B2BEBD1C07901288CBF00200120D2
S3150802B270704700BF10B530B1044600F07DF820468D
S3150802B280FFF7DAFF08B9FFF71DFD54F8140CFFF7AC
S3150802B29005FD00BF2DE9F04F85B00246FFF7CCFF4A
S3150802B2A038B152E90674D2E90C85D2F828A00026EC
S3150802B2B005E00446074601260546804682461046AC
S3150802B2C000F05AF80EB1FFF70BFD3846FFF704FDFA
S3150802B2D000F052F80EB1FFF7F5FCFFF7B1F907686F
S3150802B2E0DFF890B097F82730012B0CBF3B6807F1BF
S3150802B2F07803029328F00303019320374FF00009DD
S3150802B300CA4520DDD5F80080B8F1000F00D0A84460
S3150802B31002AB002241463846FFF7BEF808B100F0F4
S3150802B3201DF9D8F80030039003AA40465946D3F8C7
S3150802B33010800123C047019B002818BF064609F161
S3150802B34001091D44DCE746B10420FFF739FF074B24
S3150802B350074A0849036000F0E5F82046FFF79EFC15
S3150802B36000F048F800F046F8FFF790F884710308F1
S3150802B37025A602080071030838B50446FFF764F9E2
S3150802B3802246056812F82039472B03D085BB02608E
S3150802B390284638BD63784E2BF8D1A378552BF5D1BC
S3150802B3A0E378432BF2D12379432BEFD163792B2B05
S3150802B3B0ECD1A3792B2BE9D1E379012BE6D854F802
S3150802B3C00C3C002B11DB013344F80C3C4368013B6F
S3150802B3D04360954218BF44F8105C656A18BF02605C
S3150802B3E02046DDF7E1FF284638BDC3F10103EBE746
S3150802B3F0FFF768FC08B5FFF723F903687BB393F8F0
S3150802B4002020472A07D00022026003F12000BDE867
S3150802B4100840DDF7CBBF93F821204E2AF3D193F8E3
S3150802B4202220552AEFD193F82320432AEBD193F809
S3150802B4302420432AE7D193F825202B2AE3D193F82F
S3150802B44026202B2ADFD193F82720012ADBD85A692E
S3150802B450002A05DB013A08D0511C0ED05A6108BDF4
S3150802B4600132FBD119690160F8E71A69026003F132
S3150802B4702000BDE80840DDF799BFFFF723FC00BFAF
S3150802B48000B5012883B01DD8BFF35B8FA1F128034D
S3150802B49053E8002F013A43E800200028F8D1BFF309
S3150802B4A05B8F62B951F81C3C01F1580013B1019047
S3150802B4B09847019803B05DF804EBFFF799BE03B00D
S3150802B4C05DF804FB51F8140CFFF7E8FB38B50025C4
S3150802B4D040E91E1240F8805C0446FFF713FC44F864
S3150802B4E0700CFFF707FC43222B23472104F8552C3F
S3150802B4F004F8542C04F8533C04F8523C4E225523C3
S3150802B50004F8581C04F8515C054904F8572C04F849
S3150802B510563C44F86C0C44F8501CA4F1800038BD23
S3150802B52081B4020810B582B0CDE900210446FFF7BE
S3150802B5308BF803464068009A019901305860204604
S3150802B540FFF7C4FF0446012344F8283B2046DEF7EA
S3150802B550D7FA2046FFF710FFFFF7B4FB10B5FFF73F
S3150802B56073F8D0E900420132426064B194F82020AF
S3150802B570472A0AD00022026020342046DEF7E4FA7F
S3150802B5802046FFF7F9FEFFF79DFB94F821204E2A85
S3150802B590F0D194F82220552AECD194F82320432A94
S3150802B5A0E8D194F82420432AE4D194F825202B2ABA
S3150802B5B0E0D194F826202B2ADCD194F82720012AF8
S3150802B5C0D8D8626952426261D6E700BF08B5FFF76A
S3150802B5D03BF8006830B190F82730012B04BF0068A9
S3150802B5E07838006808BD00BF024B1868BFF35B8F46
S3150802B5F0704700BF088F0120F8B52DED028B55EC78
S3150802B600114B57EC106B00F06FF822462B4620467A
S3150802B6102946B0EE408AF0EE608AE4F76FFC78B904
S3150802B6200022002330463946E4F736FCF0B1002200
S3150802B630002320462946E4F72FFC40B19FED288BCC
S3150802B640B0EE480AF0EE680ABDEC028BF8BD45EC8E
S3150802B650104B00F00FFF0028F2D0204629460022A0
S3150802B6600023E4F723FC0028EAD02EE0B0EE480ACD
S3150802B670F0EE680A00F0FEFEA0B151EC180B0022AB
S3150802B6800023E4F709FC0028DAD047EC106B00F037
S3150802B690F1FE0028D4D045EC104B00F0EBFE002852
S3150802B6A0CED012E047EC106B00F0E4FE0028E4D09E
S3150802B6B045EC104B00F0DEFE0028DED053EC182BCA
S3150802B6C051EC180BE4F71AFC20B901F03FF82223D3
S3150802B6D00360B5E701F03AF821230360B0E700BF3B
S3150802B6E0000000000000F03F2DE9F04F55EC114B29
S3150802B6F02DED0C8B25F0004A5AEA040157EC106B23
S3150802B70087B015D1B3197E4887F40022524199426F
S3150802B71070EB020324D222462B4630463946DCF722
S3150802B72097FE41EC100B07B0BDEC0C8BBDE8F08F11
S3150802B730744927F00049894510EE102AB84616DDE5
S3150802B74008F1404808F5801858EA0208E3D1231997
S3150802B7506B4985F400225241984571EB0203DAD30C
S3150802B7609FED650B07B0BDEC0C8BBDE8F08F11EEB3
S3150802B770103AAB4642D063498A45E1DC00F0948030
S3150802B780B8F1000F73DB002100917BB95D4B9A4536
S3150802B79000F08E805C4B9A4500F0A280BBF1804F88
S3150802B7A000F0C284594B9B4500F0D78347EC106BD7
S3150802B7B0029200F055FE029A62B3009A4FEAD873D3
S3150802B7C0013B0493134300F09280514B9A4540F390
S3150802B7D0A58003F104739A454E4B40F33F8499457D
S3150802B7E040F3B484BBF1000F40F3B484002007B0E1
S3150802B7F0BDEC0C8BBDE8F04F00F028BE002E8AD1B6
S3150802B800B9E747EC106B009200F02AFE009A002A6C
S3150802B8106DD10092B9F1000F04D03B4B28F040429B
S3150802B8209A42CAD1BBF1000F07DA53EC102B3649FC
S3150802B8300020DDF7EDF841EC100BB8F1000FBFF66A
S3150802B84072AF009B09F1404909F5801959EA0303C9
S3150802B85040F0908453EC102B10461946DCF7F6FD9F
S3150802B86002460B46DDF7D4F841EC100B5BE72A4992
S3150802B8708A452FDCA1F154718A450FDD4FEA2A5118
S3150802B880A1F2FF31142940F36784C1F1340123FA86
S3150802B89001F000FA01F1994200F0A5840021009115
S3150802B8A0002B3FF477AF81E7002B3FF469AF47E7F8
S3150802B8B009F1404303F5801313433FF451AF154B87
S3150802B8C0994540F38483BBF1000FC0F2618445ECCD
S3150802B8D0104B28E702210091002B3FF457AF65E78A
S3150802B8E0BBF1000FC0F2168447EC106B1BE7324619
S3150802B8F03B46B1E7AFF30080000000000000F03FCE
S3150802B9000000F0FF0000F07F0000F03F0000E03F7B
S3150802B9100000E041FFFFEF3FFFFF3F43E44B08EA29
S3150802B9200303002253B951EC100BE24BDCF746FF36
S3150802B93041EC100B10EE909A6FF034024FEA29533D
S3150802B940A3F2FF339A18DC4B0592C9F3130949F09F
S3150802B9507F56994546F4401607DDD84B994540F37C
S3150802B9601B8401320592A6F580169FEDB96B9FEDF1
S3150802B970BA7B53EC162BB0EE47CAF0EE67CA00271D
S3150802B980B0EE47DAF0EE67DA5BEC10ABB346504638
S3150802B990594643EC1A2BDCF759FD53EC1A2B804611
S3150802B9A0894650465946DCF753FD02460B460020A7
S3150802B9B0C349DDF72DF841EC1B0B404653EC1B2B14
S3150802B9C04946DCF7FBFE41EC180B0A460146CDE96F
S3150802B9D002120021029176104BEC19AB46F0005682
S3150802B9E0DDE902AB06F500230020D91906460F4603
S3150802B9F002460B4650465946DCF7E0FE02460B461F
S3150802BA0040464946DCF722FD53EC1A2B8046894606
S3150802BA1030463946DCF71AFD02460B4651EC190B3D
S3150802BA20DCF714FD52465B46DCF7C8FE02460B46B7
S3150802BA3040464946DCF70AFD53EC1B2BDCF7BEFEF3
S3150802BA4053EC182B41EC1B0B51EC180BDCF7B6FE2A
S3150802BA5083A3D3E9002306460F46DCF7AFFE82A38B
S3150802BA60D3E90023DCF7F4FC32463B46DCF7A6FEB4
S3150802BA707FA3D3E90023DCF7EBFC32463B46DCF72F
S3150802BA809DFE7DA3D3E90023DCF7E2FC32463B4662
S3150802BA90DCF794FE7AA3D3E90023DCF7D9FC324615
S3150802BAA03B46DCF78BFE78A3D3E90023DCF7D0FC10
S3150802BAB03246804689463B4630463946DCF77EFEA4
S3150802BAC002460B4640464946DCF778FE524606468B
S3150802BAD00F465B4651EC180BDCF7BAFC53EC1B2BF2
S3150802BAE0DCF76CFE32463B46DCF7B2FC524641ECCA
S3150802BAF01A0B5B4650465946DCF760FE714B00222C
S3150802BB0080468946DCF7A4FC53EC1A2BDCF7A0FC2A
S3150802BB1050460F465946DDE902AB3B465246DCF72C
S3150802BB204DFE684B41EC190B002250463946DCF7AC
S3150802BB308DFC42464B46DCF789FC02460B4651EC25
S3150802BB401A0BDCF783FC53EC182BDCF737FE52464C
S3150802BB503B4606460F4651EC1B0BDCF72FFE024608
S3150802BB600B4630463946DCF773FC80468946424620
S3150802BB704B4651EC190BDCF76BFC45A3D3E90023C2
S3150802BB8050460F46DCF71AFE53EC192B41EC190BFB
S3150802BB9050463946DCF75AFC02460B4640464946A9
S3150802BBA0DCF754FC3CA3D3E90023DCF707FE024684
S3150802BBB00B461646504639461F4639A3D3E9002393
S3150802BBC0DCF7FCFD02460B4630463946DCF740FCFC
S3150802BBD053EC1D2BDCF73CFC804605988946DCF7BE
S3150802BBE083FD424682468B464B4651EC190BDCF7DF
S3150802BBF02FFC53EC1C2BDCF72BFC52465B46DCF77E
S3150802BC0027FC52465B46002006460F46DCF71EFC1A
S3150802BC1053EC1C2BDCF71AFC53EC192BDCF716FC3D
S3150802BC2002460B4640464946DCF710FC009B049A3E
S3150802BC30013B134382468B4640F0C2819FED1A7B35
S3150802BC40B0EE478AF0EE678A3EE000BFAFF30080A7
S3150802BC50000000000000F03F0000000000000000A5
S3150802BC60EF4E454A287ECA3F65DBC9934A86CD3FD1
S3150802BC7001411DA96074D13F4D268F515555D53FB7
S3150802BC80FFAB6FDBB66DDB3F033333333333E33F4F
S3150802BC90000000E009C7EE3FFD033ADC09C7EE3FA4
S3150802BCA0F5015B14E02F3EBE000000000000F0BF65
S3150802BCB00000F07F000040438E98030079B60B001F
S3150802BCC00000F03F000008400023CDE9004500933C
S3150802BCD0DDE90089204642464B462946DCF7B6FB93
S3150802BCE032463B46DCF76AFD22462B4604460D469B
S3150802BCF050465946DCF762FD02460B46204629465F
S3150802BD00DCF7A6FB424604460D464B463046394604
S3150802BD10DCF754FD26462F4604460D462B4630468A
S3150802BD2039462246DCF794FBC74B99428046894638
S3150802BD308A4640F31F8101F13F4303F5E0030343BB
S3150802BD4040F03E82AAA3D3E9002330463946DCF7FF
S3150802BD507FFB02460B46404649469046994622468E
S3150802BD602B46DCF773FB02460B4640464946E4F788
S3150802BD70BBF8002840F02482CAF30A534FF4801213
S3150802BD80A3F2FE3342FA03F35344B049C3F30A5209
S3150802BD90A2F2FF3241FA02FCC3F3130141F4801105
S3150802BDA0C2F1140241FA02F2002023EA0C01BAF1A6
S3150802BDB0000F00920B46024602DA009949420091A8
S3150802BDC020462946DCF742FB009B1B0502930246E6
S3150802BDD00B4604460D4630463946DCF739FB89469A
S3150802BDE04FF0000884A3D3E9002340464946DCF70E
S3150802BDF0E5FC22462B4682468B4640464946DCF7F8
S3150802BE0025FB02460B4630463946DCF71FFB7CA368
S3150802BE10D3E90023DCF7D2FC7BA3D3E9002304464B
S3150802BE200D4640464946DCF7C9FC02460B46204603
S3150802BE302946DCF70DFB06460F4632463B46504678
S3150802BE405946DCF705FB52465B4604460D46DCF7C7
S3150802BE50FDFA02460B4630463946DCF7F7FA224621
S3150802BE60804689462B4620462946DCF7A7FC68A366
S3150802BE70D3E9002306460F46DCF7A0FC66A3D3E9FE
S3150802BE800023DCF7E3FA32463B46DCF797FC64A369
S3150802BE90D3E90023DCF7DCFA32463B46DCF78EFCB4
S3150802BEA061A3D3E90023DCF7D1FA32463B46DCF735
S3150802BEB085FC5FA3D3E90023DCF7CAFA32463B4680
S3150802BEC0DCF77CFC02460B4620462946DCF7BEFA1E
S3150802BED006460F4632463B4620462946DCF76EFCA6
S3150802BEE002460B463046394616461F4600224FF092
S3150802BEF08043DCF7ABFA02460B4630463946DCF796
S3150802BF0087FD424606460F464B4620462946DCF73B
S3150802BF1055FC42464B46DCF79BFA02460B46304630
S3150802BF203946DCF793FA22462B46DCF78FFA0246A5
S3150802BF300B4600204649DCF789FA029A0B46134457
S3150802BF40B3F5801FC0F24781194653EC182BDCF76C
S3150802BF5035FC41EC100BFFF7E6BBB8F1000FFFF614
S3150802BF6025AC47EC106B07B0BDEC0C8BBDE8F04F67
S3150802BF7000F074B9DFF8E0C021F00043634540F3EE
S3150802BF80DD80344B0B4403430AD122462B46DCF7A9
S3150802BF905DFA32463B46E3F79DFF00283FF4ECAED6
S3150802BFA051EC180B00220023E3F780FF003818BF74
S3150802BFB0012007B0BDEC0C8BBDE8F04F00F03CBA8F
S3150802BFC09FED1D7BB0EE478AF0EE678A7CE6BBF1F1
S3150802BFD0000F9FED1B0BBFF6A6AB05F1004300EE63
S3150802BFE0104A00EE903AFFF79EBB00BFAFF30080FF
S3150802BFF0FE822B654715973C00000000432EE63F5C
S3150802C000EF39FAFE422EE63F396CA80C615C20BE77
S3150802C010D0A4BE726937663EF16BD2C541BDBB3E3E
S3150802C0202CDE25AF6A56113F93BDBE166CC1663F1C
S3150802C0303E5555555555C53F000000000000F03FD6
S3150802C0400000000000000000FFFF8F40FFFF0F0006
S3150802C0500000F03F00346F3FFFCB9040994575DBF7
S3150802C0607B4B99453FF7BEAB51EC100B784B002240
S3150802C070DCF7ECF966A3D3E9002306460F46DCF79C
S3150802C0809DFB65A3D3E9002382468B463046394693
S3150802C090DCF794FB6F4B41EC180B0022304639460D
S3150802C0A0DCF78CFB02460B465DA1D1E90001DCF701
S3150802C0B0CDF932463B46DCF781FB02460B460020A9
S3150802C0C06549DCF7C3F93246804689463B4630461F
S3150802C0D03946DCF773FB02460B4640464946DCF70F
S3150802C0E06DFB51A3D3E90023DCF768FB02460B4636
S3150802C0F051EC180BDCF7AAF98046894642464B46AC
S3150802C10050465946DCF7A4F9002052465B460646D5
S3150802C1100F4683E54E49002032463B46DCF778FC5B
S3150802C12041EC100BFFF7FFBA32463B46304639461A
S3150802C130DCF744FB41EC100BFFF7F5BA464A93428B
S3150802C14062DCDDE900120291009149E6BBF1000FBB
S3150802C150FFF64CAB00202CE7002B7FF452ABC1F163
S3150802C16014014AFA01F000FA01F1514545D000934B
S3150802C170FFF710BB009B012B7FF4D5AA10EE901A8D
S3150802C18010EE102A01F1004343EC102BFFF7CBBA4D
S3150802C1909FED270BFFF7C7BA9FED277BB0EE47CA7D
S3150802C1A0F0EE67CA9FED267BB0EE47DAF0EE67DA65
S3150802C1B09FED257B4FF4802753EC172BFFF7E4BB43
S3150802C1C051EC180B00220023E3F770FE003818BF63
S3150802C1D00120FFF70CBB41EC100B009800F058F950
S3150802C1E051EC100BB1E600F00100C0F1020100911A
S3150802C1F0002B3FF4CFAAFFF7D9BA00F00100C0F12D
S3150802C20002030093FFF7C6BA1B15B7E5AFF3008022
S3150802C210000000604715F73F44DF5DF80BAE543E59
S3150802C220555555555555D53FFE822B654715F73F4A
S3150802C23000000000000000000000004003B8E23FD2
S3150802C24006D0CF43EBFD4C3E000000000000F83F4D
S3150802C2500000F03F0000D03F0000E03F2DE9F0412A
S3150802C260634A55EC104BAA4300F09F80002D10EE4E
S3150802C27010CA2B4654DD291563D0C3F31303A1F262
S3150802C280FF37C90743F4801304D45B0003EBDC735E
S3150802C2904FEA4C0C4FEADC72002602EB43037F108E
S3150802C2A04FEA4C0C4FF0160E34464FF40012A11802
S3150802C2B0994202DC5B1A8C1816445B00BEF1010E29
S3150802C2C003EBDC734FEA52024FEA4C0CEFD1754688
S3150802C2D020204FF000420AE044D04FEADC710138D0
S3150802C2E001EB43034FEA4C0C4FEA520243D0A342F6
S3150802C2F002EB0E01F0DD002901EB020E0ADBA04675
S3150802C3001B1B614588BF03F1FF33ACEB010C1544D7
S3150802C3104446E2E7BEF1000FF1DB04F10108EFE75C
S3150802C32025F00042224338D0002D4ED129464FEA45
S3150802C330DC22153913464FEA4C5C002AF7D0D6029E
S3150802C34050D400205B00DD02044600F10100F9D555
S3150802C3501A4663460CFA00FCC0F12000C340091BCA
S3150802C36013438AE76145B8D8002901EB020ED1DBEF
S3150802C37098460023C9E753EA0C0310D168087110DE
S3150802C380F30701F17F5101F5001148BF40F0004063
S3150802C39001EB0753024643EC102BBDE8F0816A1CF9
S3150802C3A016BF681C01364008E9E710EE102A10EE9F
S3150802C3B0100A2B462946DCF701FA22462B46DCF7F9
S3150802C3C047F841EC100BBDE8F08110EE102A204622
S3150802C3D02946DCF73BF802460B46DCF719FB41EC2B
S3150802C3E0100BDAE7634620204FF0FF34B6E700BFAA
S3150802C3F00000F07FD0B506460F46144600F0A6F9AF
S3150802C4000346394630461C60D0BD00BF30B51446D7
S3150802C41083B01D4608B103F10043CDE90023DDE9E7
S3150802C420002320462946DCF7C9F9222203B0BDE8D3
S3150802C4303040FFF7DFBF00BF08B500224FF0805338
S3150802C440FFF7E4FF41EC100B08BD00BF08B5002258
S3150802C4504FF0E043FFF7DAFF41EC100B08BD00BFCF
S3150802C46051EC100B10EE102A21F0004343EC102B6E
S3150802C470704700BF82B08DED000B019840F0004076
S3150802C48000F58010C00F02B0704700BF0000000020
S3150802C49038B553EC102BC3F30A5104469C4689BBA4
S3150802C4A010EE101A23F0004C5CEA010129D0194655
S3150802C4B000223D4B3D4D10EE100ADCF77FF9AC42E7
S3150802C4C002460B4616DB8C46C1F30A51363921441D
S3150802C4D040F2FE70814221DC002947DC11F1350F5A
S3150802C4E034DA4CF250318C4218DC002B26A1D1E901
S3150802C4F0000144DB24A3D3E90023DCF75FF941EC0E
S3150802C500100B38BD40F2FF708142E0D110EE100ADE
S3150802C5101946DBF79DFF41EC100B38BD002B1CA119
S3150802C520D1E9000107DB1AA3D3E90023DCF746F9B0
S3150802C53041EC100B38BD18A1D1E9000114A3D3E9C7
S3150802C5400023DCF73BF941EC100BF3E72CF0FF4C28
S3150802C5502CF4E00C36314CEA0153104619460022F7
S3150802C560134BDCF72BF941EC100B38BD2CF0FF4CC2
S3150802C5702CF4E00C4CEA015343EC102B38BD08A10D
S3150802C580D1E90001B6E700BF59F3F8C21F6EA5014B
S3150802C5909C7500883CE4377E9C7500883CE437FE2F
S3150802C5A059F3F8C21F6EA58100005043B03CFFFF45
S3150802C5B00000903CA0F10F03662B50D82A490A685E
S3150802C5C030B41AB3294B440900F01F0C53F824401F
S3150802C5D0012303FA0CF323423CD00F2833D0A0F1EF
S3150802C5E010035D09224C03F01F03012000FA03F32E
S3150802C5F044F825301ABB1F4C00230B60BFF34F8F3C
S3150802C600236883F31188104630BC7047EFF3118311
S3150802C610102484F31288174C236001230B60BFF39E
S3150802C6204F8F124D4FEA501C55F82C5000F01F0C34
S3150802C63003FA0CF32B42D0D16FF02802DCE7002272
S3150802C640104630BC70474FF0E020036923F002031E
S3150802C6500361CFE76FF02802104630BC70476FF0CF
S3150802C66010021046704700BF042B0120C038030889
S3150802C67080E100E0082B0120A0F10F03662B53D8B6
S3150802C68030B42B4C216831B32A4B420900F01F0CF7
S3150802C69053F82220012303FA0CF313423FD00F2842
S3150802C6A036D0A0F1100253099B0003F1604303F54B
S3150802C6B0614302F01F02012000FA02F21A6019BB56
S3150802C6C01D4A00232360BFF34F8F136883F3118833
S3150802C6D0084630BC7047EFF31183102282F31288A2
S3150802C6E0154A136001232360BFF34F8F114D4FEA9A
S3150802C6F0501C55F82C5000F01F0C03FA0CF32B4271
S3150802C700CDD16FF02801DCE70021084630BC70471E
S3150802C7104FF0E022136943F002031361CFE76FF08B
S3150802C7202801084630BC70476FF01001084670476A
S3150802C730042B0120C0380308082B012008B506205F
S3150802C74000F0ECFC0120E4F759FC00BF014B186825
S3150802C750704700BF40040020014900F08FBA00BFAD
S3150802C760151C03082DE9F0478246394800F012FBEA
S3150802C770DAF83840002C66D1DAF80450354ACAF895
S3150802C7803C200323CAE9B843DFF8DC90DFF8DC80F3
S3150802C790314F324E04230AF53B72CAF8E822214683
S3150802C7A0C5E90243C5E90044C5E904446C660822A2
S3150802C7B0AC6105F15C0000F0AFFBC5E90759C5E9B4
S3150802C7C00987EE6205F1580000F0E0FADAF8085037
S3150802C7D0234BEB602146C5E90044C5E904446C666F
S3150802C7E0AC60AC61082205F15C0000F095FBC5E976
S3150802C7F00759C5E90987EE6205F1580000F0C6FA3D
S3150802C800DAF80C50174BEB602146C5E90044C5E936
S3150802C81004446C66AC60AC61082205F15C0000F069
S3150802C8207BFB05F15800C5E90759C5E90A76C5F83B
S3150802C830248000F0ABFA0123CAF838300448BDE870
S3150802C840F04700F0A9BABDE8F047014800F0A4BADB
S3150802C850108F012059C702084DD202086DD202086C
S3150802C8600900010012000200E9D102080DD20208ED
S3150802C870014800F08FBA00BF0C8F0120014800F072
S3150802C8808BBA00BF0C8F012030B5174B1D680C46BA
S3150802C89083B001460DB1AB6B9BB1636EDB0702D465
S3150802C8A0A389980519D52246284600F09BFB636E94
S3150802C8B0DA07054602D4A3899B0508D5284603B09C
S3150802C8C030BD01902846FFF74DFF0199E5E7A06DB7
S3150802C8D000F062FA284603B030BDA06D019100F05F
S3150802C8E059FA0199DFE700BF4004002030B587B046
S3150802C8F00546084614460191E3F782FD01AA01237B
S3150802C900CDE90202059004930DB1AB6B03B3636ED6
S3150802C91013F0010FB4F90C309AB201D1980521D55A
S3150802C920910406D4626E43F4005322F40052A381A2
S3150802C930626603AA2846214600F028F8636EDA07DB
S3150802C940054602D4A3899B0506D5284607B030BDFD
S3150802C9502846FFF707FFDAE7A06D00F01DFA28461A
S3150802C96007B030BDA06D00F015FAB4F90C309AB2D2
S3150802C970D6E700BF10B4044C03460A4620685DF8A1
S3150802C980044B1946FFF7B2BF400400209368002BF8
S3150802C99000F085802DE9F04FB1F90C300C461907E5
S3150802C9A0804683B0174698B225D523691BB310F083
S3150802C9B002033D682DD04FF0000ADFF8BCB2564696
S3150802C9C0B9465E453346524628BF5B464046002E68
S3150802C9D052D0E169676AB847002856DDD9F80830A7
S3150802C9E01B1A8244361AC9F80830002BE9D10020EE
S3150802C9F003B0BDE8F08F2146404604F05BF80028F4
S3150802CA0040F03681B4F90C303D6898B210F0020352
S3150802CA10D1D110F0010944D14E46009746B382059A
S3150802CA20D4F808B040F18380B3455A4600F2B28082
S3150802CA3010F4906F40F0BF8020680192494600F0DA
S3150802CA40EFF9A368019AA3EB0B012368A1601344CB
S3150802CA50B24623600026009B9868A0EB0A00D144E0
S3150802CA6098600028C3D0B4F90C0080B2002ED6D143
S3150802CA70D5E900960835D1E7D5E900A60835A0E735
S3150802CA802146404605F0C4F980B3B4F90C3043F0A8
S3150802CA9040034FF0FF30A38103B0BDE8F08F0020BA
S3150802CAA070471E46AA46994618461D46009756B32B
S3150802CAB088B34A46D4E904132068B24228BF3246EC
S3150802CAC0884205D9A16803EB010B5A4500F3A680F3
S3150802CAD0934263DCE169676A2A464046B847B0F181
S3150802CAE0000BD2DDB9EB0B09CAD00120009A936874
S3150802CAF0A3EB0B035D44A6EB0B069360002B3FF4F6
S3150802CB0076AF002ED4D10AF1080353E902569A46A3
S3150802CB100833002EF9D032460A212846E3F708FAE6
S3150802CB20002800F09C800130A0EB0509C1E72068C7
S3150802CB302369984216D86369B34213D86FF0004244
S3150802CB40B24228BF3246E16992FBF3F2676A02FBF8
S3150802CB5003F340464A46B847B0F1000A95DDA6EB0C
S3150802CB600A0678E7B345DA4628BFB2465246494628
S3150802CB7000F056F9A3682268A3EB0A035244A3609D
S3150802CB802260002BEBD12146404605F041F90028E8
S3150802CB90E5D07AE72068B34632464EE7294601923F
S3150802CBA000F03EF9019AA3689B1AA360236813440E
S3150802CBB02360934696E723682169A3EB010B636911
S3150802CBC003EB430A0AEBDA7A0BF101034FEA6A0A24
S3150802CBD033445345524684BF9A46524643052CD59A
S3150802CBE011464046E4F782FA00283BD05A462169A4
S3150802CBF00190E3F7EDF9A289019B22F4906242F0D3
S3150802CC008002A28103EB0B002361AAEB0B03C4F893
S3150802CC1014A0A3602060B34632460EE729465A4658
S3150802CC2000F0FEF823685B4423602146404605F07F
S3150802CC30EFF800283FF456AF27E74046E4F76AFACA
S3150802CC4003460028DED121694046E4F779FAB4F9A9
S3150802CC500C300C2223F08003C8F8002017E7721C58
S3150802CC60914627E70C22B4F90C30C8F800200EE7E3
S3150802CC704FF0FF30BCE600BF00FCFF7F2DE9F8430A
S3150802CC800746884600F538764FF00009D6E901547A
S3150802CC90013D11D4A389012B05F1FF3508D9B4F951
S3150802CCA00E300133214603D03846C04749EA000907
S3150802CCB06B1C04F16804EDD13668002EE6D14846AD
S3150802CCC0BDE8F8832DE9F04186B002FB03F71D465D
S3150802CCD001AB039301230C9C019190460297059799
S3150802CCE00493064608B1836B43B3636E13F0010FD0
S3150802CCF0B4F90C309AB201D1990530D5920406D40A
S3150802CD0043F40053A381636E23F4005363663046EB
S3150802CD1003AA2146FFF73AFE636E90B1DA0706D5F3
S3150802CD2005983F1AB7FBF8F006B0BDE8F081A3896B
S3150802CD309B05F5D4A06D00F02FF8F1E7FFF712FD79
S3150802CD40D3E7D80707D4A389990504D4A06D00F0C0
S3150802CD5023F82846E8E7284606B0BDE8F081A06D24
S3150802CD6000F018F8B4F90C309AB2C7E710B5064CB9
S3150802CD7082B084460093206813460A466146FFF746
S3150802CD80A1FF02B010BD00BF40040020704700BFDB
S3150802CD90704700BF704700BF704700BF024B01468D
S3150802CDA01868E4F7A3B900BF40040020024B014605
S3150802CDB01868E4F7C5B900BF40040020032A70B515
S3150802CDC015D940EA010C1CF0030F04460B4621D183
S3150802CDD0194620460E680568B54204F1040403F1B3
S3150802CDE0040317D1043A032A20461946F0D8541EDA
S3150802CDF0A2B100F1FF3C013901E0C3180CD01CF8BE
S3150802CE0001EF11F8012F9645A4EB0C03F5D0AEEB12
S3150802CE10020070BD541EECE7184670BD104670BD80
S3150802CE2088420DD98B1883420AD900EB020CBAB193
S3150802CE30624613F801CD02F801CD9942F9D170473D
S3150802CE400F2A0ED8034602F1FF3C4AB10CF1010C37
S3150802CE50013B8C4411F8012B03F8012F6145F9D1E6
S3150802CE60704740EA01039B0750D1A2F1100370B53F
S3150802CE7001F1200C23F00F0501F1100E00F1100448
S3150802CE80AC441B095EF8105C44F8105C5EF80C5C56
S3150802CE9044F80C5C5EF8085C44F8085C5EF8045CCE
S3150802CEA044F8045C0EF1100EE64504F11004E9D1CB
S3150802CEB0013312F00C0F01EB031102F00F0400EB21
S3150802CEC0031327D0043C24F003064FEA940C1E44AD
S3150802CED01C1F8E465EF8045B44F8045FB442F9D11F
S3150802CEE00CF1010402F0030203EB840301EB840153
S3150802CEF002F1FF3C4AB10CF1010C013B8C4411F8DA
S3150802CF00012B03F8012F6145F9D170BD02F1FF3CEF
S3150802CF1003469BE72246EBE7830730B548D0541E03
S3150802CF20002A3FD0CAB2034601E0013C3AD303F8CD
S3150802CF30012B9D07F9D1032C2DD9CDB245EA05253A
S3150802CF400F2C45EA054536D9A4F1100222F00F0C3A
S3150802CF5003F1200EE6444FEA121C03F1100242E9DD
S3150802CF60045542E9025510327245F8D10CF1010214
S3150802CF7014F00C0F03EB021204F00F0C13D0ACF1F1
S3150802CF80040323F003030433134442F8045B934275
S3150802CF90FBD10CF003042CB1CAB21C4403F8012BD2
S3150802CFA09C42FBD130BD64461346002CF4D1F9E706
S3150802CFB003461446BFE71A46A446E0E70FB400B58F
S3150802CFC0074983B004AB086853F8042B81680193B8
S3150802CFD001F0FAFE03B05DF804EB04B0704700BF37
S3150802CFE04004002070B50E461446054608B1836B08
S3150802CFF0EBB1636ED80702D4A389990523D5A36832
S3150802D000013B002BA3601CDAA269934212DBF0B241
S3150802D0100A280FD023685A1C226005461E70636EC2
S3150802D020DA0702D4A3899B0511D5284670BDFFF7F6
S3150802D03099FBDEE728462246314603F0CDFC054633
S3150802D040EDE7F0B2E6E7A06DFFF7A4FED7E7A06D1D
S3150802D050FFF7A2FE284670BD70B5054688B0084699
S3150802D0600C46E3F7CDF9224EAA6B05900121431827
S3150802D070CDE9066104A8022104940393AC680190E1
S3150802D080029122B3636E13F0010FB4F90C309AB20F
S3150802D09001D1980525D5910406D4626E43F400534E
S3150802D0A022F40052A3816266284601AA2146FFF7A6
S3150802D0B06DFC636E002814BF4FF0FF350A25DA07A8
S3150802D0C002D4A3899B0506D5284608B070BD284612
S3150802D0D0FFF748FBD6E7A06DFFF75EFE284608B0C5
S3150802D0E070BDA06DFFF756FEB4F90C309AB2D2E7BE
S3150802D0F0BC350308024B01461868FFF7ADBF00BFEF
S3150802D1004004002010B4044C03460A4620685DF821
S3150802D110044B1946E3F7FEBF4004002038B5154B09
S3150802D1201F281D6820D8D5F8DC22044662B152F8B9
S3150802D13020304BB1012B15D0591C0FD0002542F8CF
S3150802D14020509847284638BD284600F02BF8224634
S3150802D15001462846BDE8384000F00EB816232B6073
S3150802D160012038BD002038BD16232B604FF0FF3052
S3150802D17038BD00BF4004002070B50C46084D034672
S3150802D1800026204611461C462E60E3F751FF431C33
S3150802D19000D070BD2B68002BFBD0236070BD00BF8A
S3150802D1A0148F0120E3F742BF0EB410B59DB06FF09D
S3150802D1B000411FABCDE906010491094953F8042B36
S3150802D1C00290084C0868019302A9059400F094F8A5
S3150802D1D0029B00221A701DB0BDE8104003B07047CA
S3150802D1E0400400200802FFFF10B50C46B1F90E10E4
S3150802D1F005F07EFA002803DB236D0344236510BD80
S3150802D200A38923F48053A38110BD00BF2DE9F04101
S3150802D2100C46B1F90C101F46CB05054616460BD42B
S3150802D22021F48051A1813B46B4F90E1032462846B4
S3150802D230BDE8F04103F028BCB4F90E10022300221F
S3150802D24004F018FEB4F90C10EAE700BF10B50C4654
S3150802D250B1F90E1004F00EFEA389421C0EBF23F488
S3150802D260805343F480532065A38110BDB1F90E1093
S3150802D27003F08ABCA2B330B540EA0104A407844687
S3150802D2800B462AD09CF800000C7884422FD1012A3A
S3150802D2900DD0E64660B11EF8010F11F8014F6FEA8C
S3150802D2A00E03A042134422D11CEB0303F2D1002041
S3150802D2B030BD0468194653F8045BA4F1013EAC423A
S3150802D2C084462EEA040E00F104000BD1043A844681
S3150802D2D01946ECD01EF0803FE9D1032AE9D8D1E7F6
S3150802D2E0104670479CF800000C78A042D1D0001B6B
S3150802D2F030BD00BF000000002DE9F04F2DED0A8B6E
S3150802D300CFB00C4691460AEE101A09930AEE900A15
S3150802D31004F0ACFD036813931846E3F771F8A38982
S3150802D32012901A0603D52369002B00F0A0874D46F2
S3150802D3309FEDA57B2B78002425AACDE92344CDE9C8
S3150802D3401544CDE917448DED107B1AEE909A0E948A
S3150802D3502292904614940594002B00F0EC81AB4679
S3150802D36004E01BF8013F002B00F01A81252BF8D1A7
S3150802D370BBEB050640F018819BF80030002B00F045
S3150802D380DA8100234FF0FF329BF801708DF86B307B
S3150802D39006930BF1010B04929A462B2420210BF1DA
S3150802D3A0010BA7F120035A2B00F23C81DFE813F0A8
S3150802D3B0D5023A013A01D0023A013A013A016A0023
S3150802D3C03A013A016502FE023A017002E4023A01A2
S3150802D3D0DF025B005B005B005B005B005B005B00DF
S3150802D3E05B005B003A013A013A013A013A013A0115
S3150802D3F03A01D2013A0136028500D201D201D2019E
S3150802D4003A013A013A013A01CB023A013A01C60017
S3150802D4103A013A013A0140023A0175023A013A01E1
S3150802D4204F073A013A013A013A013A013A013A01F9
S3150802D4303A01D2013A0136028700D201D201D2015B
S3150802D440BE02870080003A01B1023A019902C80079
S3150802D450870280003A0140027D002A073A013A0112
S3150802D4602E073A017D00A7F1300300221BF8017B43
S3150802D47002EB820203EB4202A7F13003092BF5D92C
S3150802D48006928EE7484604F0F1FC4368179318465D
S3150802D490E2F7B6FF18900646484604F0E7FC8368AA
S3150802D4A015932021002E40F0C2859BF8007076E77E
S3150802D4B09BF800704AF0200A71E74AF0100A1AF03F
S3150802D4C0200F099B00F09A81073323F007031A46B7
S3150802D4D05B6852F8084B09921E46002BC0F26B8510
S3150802D4E0049B013301F03A802AF08003039354EA3D
S3150802D4F0060300F0E7840A2C76F1000380F0908791
S3150802D50030340123DDF80CA08DF8374107930DF26C
S3150802D5103715049907989DF86B3081424FF000023F
S3150802D520B8BF0146089203910C920F920D92002BF6
S3150802D53000F08980039A0132039284E04AF0100AC5
S3150802D5401AF0200600F04B81099B073323F00703E4
S3150802D5505E6853F8084B09932AF480630393002301
S3150802D56000228DF86B20049A551C00F02682039936
S3150802D57021F0800A54EA060140F01D82002A41F091
S3150802D5802980002B40F0A484039B13F00103079320
S3150802D59000F0428530238DF837310DF23715B8E79A
S3150802D5A0BBEB050600F0C780249B33442493239BD8
S3150802D5B00133072BC8E90056239309DC08F108084A
S3150802D5C0059B33440593D7E60000000000000000DF
S3150802D5D01AEE101A22AA484605F008F990B90DF172
S3150802D5E09408EDE71AEE101A22AA484605F0FEF844
S3150802D5F0002800F09180089B23B108991AEE900A38
S3150802D600E3F79EFD1AEE103A9B8913F0400F059B2D
S3150802D61018BF4FF0FF33059305984FB0BDEC0A8B40
S3150802D620BDE8F08F002F00F0868000238DF8D470B5
S3150802D6308DF86B300122CDE90723039204930C93EC
S3150802D6400F930D9335AD1AF002020A9202D0039A8D
S3150802D650023203921AF084020B9205D1069A0399B2
S3150802D660561A002E00F30D83249C8BB1239B0DF1D1
S3150802D6706B0201330134C8F80020072B4FF0010270
S3150802D68024942393C8F8042000F3338308F1080886
S3150802D6900A9B83B1239B1BAA01330234C8F80020D4
S3150802D6A0072B4FF0020224942393C8F8042000F3B0
S3150802D6B02D8308F108080B9B802B00F00F82049B30
S3150802D6C0079A9E1A002E00F350821AF4807F40F0C1
S3150802D6D0AB81079BC8F804301C44239BC8F800504A
S3150802D6E00133072B2494239300F3BE8208F108081A
S3150802D6F01AF0040F05D0069B039A9D1A002D00F313
S3150802D7001283DDE9053203998A42ACBF9B185B187E
S3150802D7100593002C7FF466AF00232393089B1BB165
S3150802D72008994846E3F70CFD0DF194085D462B78F7
S3150802D730002B7FF414AE249B002B3FF463AF1AEE42
S3150802D740104A1AEE101A1AEE900A22AA05F04EF894
S3150802D750A3895AE7099B073323F00703B3EC027B35
S3150802D7608DED107BDDE91012099322F000430BEED2
S3150802D770101A0BEE903A4FF0FF32B0EE4B9AF0EEDB
S3150802D7806B9AA54B51EC190BE2F7B8FB002840F04F
S3150802D7906784A14B51EC190B4FF0FF32E2F790FB6D
S3150802D7A0002840F05D84DDE9100100220023E2F73B
S3150802D7B07DFB002840F0A5879DF86B30974D984A67
S3150802D7C02AF0800A0321472FC8BF1546002208926D
S3150802D7D00391079104920C920F920D92A7E61AF002
S3150802D7E0100340F033841AF0400200F05B87099A6E
S3150802D7F052F8044B09921E46A4B2ADE653F8044BFE
S3150802D80009931AF0100F40F00E841AF0400F00F038
S3150802D810068444F3C036334624B25EE6099A0023E8
S3150802D82052F8041B8DF86B308DF8D410099201E773
S3150802D830099C54F8045B00268DF86B60002D00F0F5
S3150802D840D986049B5A1C00F046851A463146284654
S3150802D850E2F76EFB0890002801F07A80089B04968E
S3150802D860591B079121EAE1719DF86B3009940391DE
S3150802D87008960C960F960D9659E6099B53F8042BB3
S3150802D8800692002A80F2C383069A099352420692A6
S3150802D8909BF800704AF0040A81E54AF010030393E4
S3150802D8A0039B13F0200600F07383099B073323F0CA
S3150802D8B007035E6853F8084B0993012350E6099B50
S3150802D8C053F8044B099330234AF0020278278DF85D
S3150802D8D06C30544B149303928DF86D700026022314
S3150802D8E03EE61AF0200F40F082841AF0100F40F03C
S3150802D8F078861AF0400F40F04C871AF4007F00F041
S3150802D9007086099B059953F8042B099311705D4695
S3150802D9100DE79BF800706C2F03BF9BF801704AF065
S3150802D920200A0BF1010B4AF0100A38E59BF8007041
S3150802D930682F03BF9BF801704AF4007A0BF1010BBA
S3150802D9404AF0400A2BE59BF800704AF0080A26E5D9
S3150802D9509BF800704AF0010A21E59DF86B30002B0E
S3150802D9607FF4A3AD9BF800708DF86B1017E59BF852
S3150802D97000704AF0800A12E55A4612F8017B2A2FED
S3150802D98001F0F381A7F13003092B934698BF0022D1
S3150802D99000F2F4871BF8017B02EB820203EB4202D8
S3150802D9A0A7F13003092BF5D90492FAE49BF8007023
S3150802D9B08DF86B40F3E4CDF80CA0012B3FF49BAD38
S3150802D9C0022B4EAD12D1149A04F00F032409D35C2C
S3150802D9D005F8013D44EA0674360954EA0603F3D10A
S3150802D9E04EAB5B1BDDF80CA0079392E504F0070328
S3150802D9F0E40844EA4674F608303354EA06012A462D
S3150802DA0005F8013DF2D10399C80700F14C824EABE5
S3150802DA105B1B8A4607937CE5FFFFEF7FD47B0308EF
S3150802DA20D87B0308E47B0308652F40F3D780DDE93A
S3150802DA30100100220023E2F72FFA002800F0B48131
S3150802DA40239BBC4AC8F80020013301340122072B64
S3150802DA5024942393C8F8042000F3848508F108085F
S3150802DA601C9B0E9A934280F2CD82129B139A1C44F7
S3150802DA70C8E90023239B24940133072B239300F33D
S3150802DA80E98308F108080E9B5D1E002D7FF730AE6C
S3150802DA90102D239B41F34781A74F0A97224610264A
S3150802DAA01AEE104A05E008F10808103D102D40F359
S3150802DAB0678501331032072BC8E90076CDE9233290
S3150802DAC0F1DD22AA2146484604F090FE00287FF49A
S3150802DAD092ADDDE923320DF19408E6E7069B039A37
S3150802DAE09E1A002E7FF7EBAD102E239B41F34F8033
S3150802DAF091490B9522461AEE105A0A910C4604E0F1
S3150802DB00103E102E08F1080819DD013310321021D3
S3150802DB10072BCDE92332C8F80040C8F80410EFDD18
S3150802DB2022AA294648460DF1940804F05FFE002809
S3150802DB307FF461AD103E102EDDE92332E5DC0B9D44
S3150802DB40144601330A9AC8F800203444072BCDE953
S3150802DB502334C8F8046000F32F85049B079A9E1A9B
S3150802DB60002E08F108087FF7B0AD102E239B40F36C
S3150802DB70C48571480A90424621461AEE108A04461E
S3150802DB8004E0103E102E02F1080216DD01331031B0
S3150802DB901020072BCDE9233114605060F1DD22AA4B
S3150802DBA04146484604F022FE00287FF424AD103E82
S3150802DBB0102EDDE9233125AAE8DC90460C4601330E
S3150802DBC00A9AC8F800203444072BCDE92334C8F84A
S3150802DBD0046000F3CF8108F1080876E50E9B012B55
S3150802DBE040F37C81239EC8F8005001360134012394
S3150802DBF0072E24942396C8F8043000F3E78108F127
S3150802DC000808129B139A01361C44072EC8E90023FA
S3150802DC10CDE9236400F3E88108F10808DDE910017B
S3150802DC2000220023E2F738F9002840F076810E9B9D
S3150802DC300136013B01351C44072EC8F800502396CD
S3150802DC40C8F80430249400F35A8108F10808169B90
S3150802DC50C8F8043001361C44072E1EABCDE92364EE
S3150802DC60C8F800307FF742AD1AEE101A22AA4846C3
S3150802DC7004F0BCFD00287FF4BEAC249C0DF1940888
S3150802DC8036E5102EDDE9233222DD199510241AEE27
S3150802DC90105A04E0103E102E08F1080817DD013369
S3150802DCA026491032072BC8E90014CDE92332F1DDE3
S3150802DCB022AA294648460DF1940804F097FD002841
S3150802DCC07FF499AC103E102EDDE92332E7DC199D6C
S3150802DCD0C8F804600133B418072B184AC8F800209C
S3150802DCE0CDE9233400F3E1839DF86B3008F1080887
S3150802DCF0BBE41AEE101A22AA484604F077FD002859
S3150802DD007FF479AC249C0DF19408C1E41AEE101A3A
S3150802DD1022AA484604F06AFD00287FF46CAC249CCB
S3150802DD200DF19408C7E4102D239B26DD1AEE107A0E
S3150802DD3010260AE0147C0308287C0308187C0308CA
S3150802DD40103D102D08F1080817DD0133C24A1034B8
S3150802DD50072BC8E90026CDE92334F1DD22AA394684
S3150802DD6048460DF1940804F041FD00287FF443ACBF
S3150802DD70103D102DDDE92334E7DC0133B64AC8F835
S3150802DD8004502C44072BCDE92334C8F800207FF72A
S3150802DD90B8AC1AEE101A22AA484604F027FD002843
S3150802DDA07FF429AC249CACE41C9A002A40F396839F
S3150802DDB0DDE90D739F42A8BF1F46002F0BDD239B8B
S3150802DDC001333C44072BC8E900572494239300F3F4
S3150802DDD05C8508F108080D9E002FA8BFF61B002EC9
S3150802DDE000F353820D9B1AF4806F2B44079340F07D
S3150802DDF083821C9B0E9A934203DB1AF0010F00F0F2
S3150802DE00B884129A13991444C8E90012239A2494DE
S3150802DE100132072A239200F3768508F108080E9A3A
S3150802DE200799AE18761AD51AAE42A8BF2E46002E04
S3150802DE300DDD239BC8F8001001333444072BC8F8BC
S3150802DE4004602494239300F39D8508F10808002EA4
S3150802DE50A8BFAD1B002D7FF74BAC102D239B40F3BB
S3150802DE6062877E4F0A97224610261AEE104A05E066
S3150802DE7008F10808103D102D40F382830133103251
S3150802DE80072BC8E90076CDE92332F1DD22AA21461D
S3150802DE90484604F0ABFC00287FF4ADABDDE923323B
S3150802DEA00DF19408E6E7302B3FF49AAD3023023A97
S3150802DEB005F8013C4EAB9B1ADDF80CA007931546F4
S3150802DEC0FFF727BB049B002B7FF41AABDDF80CA0E7
S3150802DED00023049307934EADFFF71BBB1AF0010FFD
S3150802DEE07FF480AE239EC8F8005001360134012320
S3150802DEF0072E24942396C8F804307FF7A6AE1AEEA6
S3150802DF00101A22AA484604F071FC00287FF473AB63
S3150802DF10DDE923640DF1940899E60E9B5D1E002D3A
S3150802DF207FF795AE102D40F315874C4ACDF810A011
S3150802DF3023461AEE10AA0A921027144605E008F19B
S3150802DF400808103D102D40F39D8301361033072E25
S3150802DF50C8E90047CDE92363F1DD22AA51464846BE
S3150802DF6004F044FC00287FF446ABDDE923630DF197
S3150802DF709408E6E71AEE101A22AA484604F036FC76
S3150802DF8000287FF438AB249C0DF19408FFF79DBB5B
S3150802DF90039B13F0100340F02381039A12F0400208
S3150802DFA000F09B83099A52F8044B09921E46A4B2C2
S3150802DFB00123FFF7D5BA2D2364428DF86B3066EB41
S3150802DFC04606CDF80CA00123FFF7CDBA1AEE101AB1
S3150802DFD022AA484604F00AFC00287FF40CABDDE9C5
S3150802DFE023640DF194080CE61AEE101A22AA484682
S3150802DFF004F0FCFB00287FF4FEAADDE923640DF198
S3150802E00094080BE61AF0010F3FF472AB2DE59BF864
S3150802E01000700993FFF7C3B94EADFFF77ABA1AF43F
S3150802E020007F40F0B083E6173346FFF756BA159BD2
S3150802E030002B3FF43AAA159B1B78002B3FF435AA0E
S3150802E0409BF800704AF4806AFFF7A9B9099B53F84E
S3150802E050044B0993FFF780BA187C0308287C030847
S3150802E060DDE9100102460B46E1F748FF002840F0B9
S3150802E070C385612F00F08685412F00F09484049BA6
S3150802E080013327F02003039300F0B083472B00F0F7
S3150802E0908285DDE910014AF48072002907924FF061
S3150802E0A00003C0F2248541EC180B0A930893039BDC
S3150802E0B0462B00F0F883452B00F04E85B0EE480A51
S3150802E0C0F0EE680A20AB01931DAB0093049A1CABD1
S3150802E0D00221484602F000FE039B472B054640F004
S3150802E0E069861AF0010F5646DDF81CA040F00B852A
S3150802E0F0209B5B1B0E93039B472B00F08B83039B92
S3150802E100462B00F00F841C9B0D930D9B039A013B33
S3150802E110412A1C9300F0D785FAB20021002BB8BF1A
S3150802E1200D9B8DF87820BABFC3F101032D222B224D
S3150802E130092B8DF8792040F3B7850DF18704DFF8AE
S3150802E14098C3224610468CFB0321DA17C2EBA102BA
S3150802E15002EB8201A3EB4101303100F8011C19469A
S3150802E1606329134600F1FF32ECDC3033D9B2831E41
S3150802E1709C4202F8011C40F2048613460DF17A020B
S3150802E18001E013F8011B02F8011B9C42F9D10DF1BB
S3150802E19089030DF17A021B1A13441EAA9B1A1693B7
S3150802E1A00E9B169A012B1A44079240F3B785079BD2
S3150802E1B0129A13440793079A002326F4806622EAE2
S3150802E1C0E27246F4807A0C9303920F930D930A9B9C
S3150802E1D0002B40F0458304939DF86B30FFF7A7B9EF
S3150802E1E0099B53F8044B09930123FFF7B9B9099B15
S3150802E1F0059853F8041B0993C217C1E900025D4644
S3150802E200FFF795BACDF80CA0FFF74ABBAF4B1493AC
S3150802E2101AF0200600F0EF80099B073323F0070364
S3150802E2205E6853F8084B09931AF0010F09D054EAAD
S3150802E230060306D030238DF86D704AF0020A8DF86F
S3150802E2406C302AF4806303930223FFF789B9A04B43
S3150802E2501493DDE71AEE101A22AA484604F0C6FA03
S3150802E26000287FF4C8A9249C0DF194080BE41AEE41
S3150802E270900A4021E2F73AFF20602061002800F068
S3150802E280848540236361FFF752B8102E239B40F31F
S3150802E290698590480A90424621461AEE108A102746
S3150802E2A0044604E00832103E102E40F32F82013352
S3150802E2B01031072BC2E90047CDE92331F2DD22AA44
S3150802E2C04146484604F092FA00287FF494A9DDE90B
S3150802E2D0233125AAE7E7284604960994E2F790F837
S3150802E2E020EAE0719DF86B300790039108960C9628
S3150802E2F00F960D96FFF71BB90E9BCDF828B0DDF8E1
S3150802E3003CB0079E159FCDF81CA0EB180493424615
S3150802E310DDF860A00C9B0B951AEE108AA446BBF199
S3150802E320000F30D093BB013F0BF1FF3B179BC2E9AD
S3150802E330003A239B0133D444072BCDF890C023938C
S3150802E34062DC0832049B38789B1B8342A8BF0346CB
S3150802E350002B1C460CDD239801309C440728C2E991
S3150802E3600063CDF890C0239000F3198138780832FB
S3150802E370002CACBF051B0546002D0BDC06440C9B86
S3150802E380BBF1000FCED1002B00F033820C9B013B70
S3150802E3900C93CBE7102D23981FDD1024634604E067
S3150802E3A0103D102D02F1080216DD013049491033DD
S3150802E3B00728C2E90014CDE92303F1DD22AA414662
S3150802E3C0484604F013FA00287FF415A9103D102DCB
S3150802E3D0DDE9230325AAE8DC9C4601303D4B55605E
S3150802E3E0AC440728CDE9230C136000F34082387841
S3150802E3F008320644C3E71AF0100300F0A480099B0A
S3150802E40053F8044B09930FE722AA4146484604F0FB
S3150802E410EDF900287FF4EFA8DDF890C025AA91E768
S3150802E420039B079703F48063002209EE109ACDF83E
S3150802E4302080DDF854900DF59C7A174698460CE034
S3150802E4400023204631460A22E2F770F80A2C76F1B2
S3150802E45000031CD304460E46AA4620460A22002377
S3150802E4603146E2F763F830320AF1FF3501370AF826
S3150802E470012CB8F1000FE3D099F800309F42DFD1A2
S3150802E480FF2FDDD00A2C76F1000380F050814EABC7
S3150802E4905B1BCDF854900E9719EE109ADDE90778B2
S3150802E4A0DDF80CA00793FFF734B81AEE101A22AA61
S3150802E4B0484604F09BF900287FF49DA89DF86B3026
S3150802E4C0249C0DF19408FFF7D0B800BFE47B03083B
S3150802E4D0F87B0308287C030867666666239BC0499F
S3150802E4E0C8F80010013301340121072B2494239321
S3150802E4F0C8F8041000F32F8108F10808002A40F032
S3150802E5008A800E9A0AF0010313433FF4F1A8129B7C
S3150802E510139A1C44C8E90023239B24940133072B2E
S3150802E520239300F33F8108F108080E9AC8F80050B1
S3150802E53001331444072BCDE92334C8F804207FF7A6
S3150802E540D5A8FFF791BB1AF0400200F0B980099AE4
S3150802E55052F8044B09921E46A4B265E6CDF80CA001
S3150802E560FEF7C9BF1AEE101A22AA484604F03EF967
S3150802E57000287FF440A8249C0DF19408FFF770BA8E
S3150802E580144601330A9AC8F800202C44072BC8F807
S3150802E5900450CDE923347FF7A9A8FFF765BB22AA61
S3150802E5A04146484604F022F900287FF424A8387820
S3150802E5B0DDF890C025AADBE61AEE101A22AA48460A
S3150802E5C004F014F900287FF416A8249C0DF1940887
S3150802E5D0FFF775B8012BCDF80CA07FF4F1A9FEF769
S3150802E5E08FBF099B059953F8042B5D461160099361
S3150802E5F0FFF79DB8049A0895062A294628BF0622D7
S3150802E60004952B460392774D099407920C910F9124
S3150802E6100D91FEF78CBF129B13991C44C8E900138F
S3150802E620239B24940133072B239300F3BB8008F121
S3150802E6300808002ABFF679AF5642103280F2AE8336
S3150802E64069480A902146424610271AEE108A04465D
S3150802E65004E00832103E102E40F3AF820133103127
S3150802E660072BC2E90047CDE92331F2DD22AA41464A
S3150802E670484604F0BBF800287EF4BDAFDDE9233135
S3150802E68025AAE7E7DDF810A01C4601360A9BC8F85A
S3150802E69000302C44072ECDE92364C8F804507FF7CE
S3150802E6A0D4AA2CE4099B1AF4007614BF53F8044B37
S3150802E6B053F8044B09931CBF1646E4B2FEF74CBF47
S3150802E6C0099B1AF4007614BF53F8044B53F8044B0B
S3150802E6D009931CBF1646E4B2A6E5039B13F400761B
S3150802E6E0099B14BF53F8044B53F8044B09931CBFF8
S3150802E6F01646E4B20123FEF733BF3B4A0A92FFF7F6
S3150802E7005EBA2D238DF86B30FFF758B890460C4643
S3150802E71001330A9AC8F800203444072BCDE923347A
S3150802E720C8F804604DDC08F10808FFF75BBB189BC4
S3150802E7301799ED1A1A46284604F026F899F8013070
S3150802E7400BB109F10109204631460A2200230027A6
S3150802E750E1F7ECFE7EE61AEE101A22AA484604F003
S3150802E76045F800287EF447AF1C9A249C0DF19408BC
S3150802E770C4E60E9A0799AE18761AD51AAE42A8BFFB
S3150802E7802E46FFF764BB44F3C016334664B2FEF75F
S3150802E790A4BE099B059953F8042B099311805D467B
S3150802E7A0FEF7C5BF1AEE101A22AA484604F01EF84A
S3150802E7B000287EF420AFDDE923341C9A0DF1940873
S3150802E7C037E71AEE101A22AA484604F00FF800286C
S3150802E7D07EF411AF249C0DF19408FFF703BB00BF2A
S3150802E7E0147C03080C7C0308287C0308062304937C
S3150802E7F04FE40B9D0E9BDDF81CA0DDF828B015979B
S3150802E800EB189E429046324628BF1A46644607923D
S3150802E810FFF7EFBA1C9B0D93DA1C02DB049A9342AC
S3150802E82004DD023F27F0200303936EE4DDE90D328F
S3150802E8309342C0F29980F00740F1DB81129A1344A1
S3150802E8400793710503D50D9B002B00F3FF81079BE8
S3150802E85023EAE3730393672700230C930F93B6E423
S3150802E8602D2300228DF86B300492FEF763BE22AA8E
S3150802E8704146484603F0BAFF00287EF4BCAE387813
S3150802E880DDF890C025AA064479E51AEE101A22AADE
S3150802E890484603F0ABFF00287EF4ADAE249C0DF18A
S3150802E8A09408FFF798BA20AB01931DAB0093049A1C
S3150802E8B0B0EE480AF0EE680A1CAB0321484602F09D
S3150802E8C00BFA0378302B054600F003821C9B049A48
S3150802E8D056461344DDF81CA0EC1851EC180B00221E
S3150802E8E00023E1F7D9FA08B1234602E4209BA342A2
S3150802E8F0BFF4FFAB30215A1C20921970209B9C4210
S3150802E900F9D8FFF7F6BB1AEE101A22AA484603F000
S3150802E9106DFF00287EF46FAE1C9B249C0DF19408B3
S3150802E920FFF77DBA1C9A0D92002A40F3FF810499DB
S3150802E93006F001030B4340F0B1810D9B079366274E
S3150802E940730500F18481079B23EAE373039383E744
S3150802E950049B0393079309949DF86B3004900C90DB
S3150802E9600F900D90FEF7E3BD0E9B129A9A180D9B17
S3150802E9700792002B40F3BB816727E1E70023049344
S3150802E980FEF70FBD1AEE101A22AA484603F02EFF0A
S3150802E99000287EF430AE1C9D0E9B249C5D1B0DF157
S3150802E9A09408FFF754BA30238DF86C3058238DF843
S3150802E9B06D30049B632B4AF0020400F3A780002300
S3150802E9C0089335ADDDE910124AF481730793002ADC
S3150802E9D027F02003A2460393C0F28A80002342EC62
S3150802E9E0181B0A93612F00F01581412F7FF45FAB44
S3150802E9F0B0EE480AF0EE680A1CA803F08FFE002261
S3150802EA004FF07F5351EC100BD9F7D8FE02460B464E
S3150802EA1043EC192B00220023E1F73EFA08B1012341
S3150802EA201C93B74B0B93049B1995CDE90CB7CDE90B
S3150802EA300EA80CEE109ADDF82CB059EC198B5E1E56
S3150802EA402C4605E000220023013EE1F725FAE0B94B
S3150802EA50AC4B002240464946D9F7B0FE8946804665
S3150802EA60E1F73CFD0546D9F73FFE0B460246494605
S3150802EA704046D9F7EBFC1BF80530A24604F8013BE1
S3150802EA80731C374680468946DCD149EC198B9E4B66
S3150802EA90DDF830B0DDF83C80CDF830A051EC190B2A
S3150802EAA000223E46DDF838A00D9F0D951CEE109A01
S3150802EAB0199DE1F719FA98BB51EC190B924B0022F2
S3150802EAC0E1F7EAF910B10D9BD90729D4002E33468E
S3150802EAD006DB01332344302204F8012BA342FBD17F
S3150802EAE0631B56460E93DDF81CA0FFF704BB08937A
S3150802EAF0DDE9103408EE103A04F1004308EE903AC4
S3150802EB002D230A936EE7049BEC18E6E6591C484641
S3150802EB10E2F7ECFA0546002800F04381089051E72F
S3150802EB200C9B20930B9B14F8012CD97B8A42234613
S3150802EB3009D1302003F8010C209B5A1E209213F8A3
S3150802EB40012C9142F6D0392A0BBF0B9A0132927ADE
S3150802EB50D2B203F8012CC3E7049BB0EE480AF0EEE2
S3150802EB60680A5C1C20AB01931DAB009322461CABC2
S3150802EB700221484602F0B0F8054656462C44DDF80E
S3150802EB801CA0AAE630238DF86C3078230FE75F4A7B
S3150802EB900A92FEF7D6BF049B002B08BF01230493F3
S3150802EBA0119B4AF48072002B0792C0F2D9809DED20
S3150802EBB0108B08900A90FFF781BA0C4690460133EB
S3150802EBC00A9AC8F800203444072BCDE92334C8F83A
S3150802EBD004607FF7A8AC1AEE101A22AA484603F078
S3150802EBE005FE00287EF407ADDDE923340DF194080D
S3150802EBF09BE40D9B079324E6119B454D454A002B42
S3150802EC00B6BF2D239DF86B308DF86B302AF0800A3B
S3150802EC10FEF7D8BD1CA8B0EE480AF0EE680A03F063
S3150802EC207DFD00224FF07F5351EC100BD9F7C6FD3C
S3150802EC3002460B4643EC192B00220023E1F72CF976
S3150802EC4008B101231C93344B0B93ECE667271599FD
S3150802EC500B78FF2B00F0B08000240D9A204603E0C3
S3150802EC6001300131FF2B08D0934206DAD21A4B78CB
S3150802EC70002BF5D10B780134F4E715910D920F901C
S3150802EC800C940C9A0F9B18991344079A01FB0323B9
S3150802EC90079323EAE3730393FFF799BA129BD318F0
S3150802ECA01944079166274BE6002956D130228DF87A
S3150802ECB07A200DF17B02303302F8013B1EABD31AE0
S3150802ECC01693FFF76DBA07F10F02D2B20121FFF7C9
S3150802ECD025BA51EC180B00220023E1F7DDF80028CB
S3150802ECE07FF4F4AD049BC3F101031C93EFE5C3F172
S3150802ECF001031A4422EAE273079203936727ABE5F4
S3150802ED00F87B0308000030400000E03F287C030837
S3150802ED10DC7B0308E07B0308E47B0308F4077FF542
S3150802ED204AAAFFF744BA264A0A922AE4049A06F03D
S3150802ED30010656EA020304D10123039366270793C1
S3150802ED408AE5129B01331A4422EAE2730792039375
S3150802ED50662781E51A4B0A9397E40DF17A02AAE728
S3150802ED600890C5E6164A0A92D2E4099B9BF80170F6
S3150802ED70934653F8042B099342EAE2720492FEF789
S3150802ED800EBB02231693FFF70BBA1AEE902A0C2330
S3150802ED9013604FF0FF330593FEF73EBC084A0A920A
S3150802EDA00DE71AEE101A8B8943F0400213468A8140
S3150802EDB0FEF72BBC049CE0E600230C930F9360E756
S3150802EDC0287C0308000000002DE9F04F2DED0A8B80
S3150802EDD0CFB01C460AEE101A91460AEE900A05466C
S3150802EDE003F044F80368139318460994E1F708FBFD
S3150802EDF012901DB1AB6B002B00F048821AEE102A56
S3150802EE00536EDB0740F14781B2F90C309AB2960489
S3150802EE1009D41AEE101A43F400538B819AB24B6E38
S3150802EE2023F400534B66150740F1CC801AEE103ACC
S3150802EE301B69002B00F0C68002F01A030A2B00F0A9
S3150802EE40D2804D469FED9C7B2B78002425AACDE9DE
S3150802EE502344CDE91544CDE917448DED107B1AEE0E
S3150802EE60909A0E942292904614940694002B00F0DF
S3150802EE70B081AB4604E01BF8013F002B00F0CD80C1
S3150802EE80252BF8D1BBEB050640F0CB809BF800306A
S3150802EE90002B00F09E8100234FF0FF329BF8017091
S3150802EEA08DF86B3005930BF1010B04929A462B24CD
S3150802EEB020210BF1010BA7F120035A2B00F2008146
S3150802EEC0DFE813F00A03FE00FE000503FE00FE005B
S3150802EED0FE006A00FE00FE0076029E02FE00810225
S3150802EEE0A802FE00A3025B005B005B005B005B00FE
S3150802EEF05B005B005B005B00FE00FE00FE00FE009E
S3150802EF00FE00FE00FE008E01FE001602ED018E01D5
S3150802EF108E018E01FE00FE00FE00FE000003FE00CA
S3150802EF20FE004502FE00FE00FE002002FE00C202AE
S3150802EF30FE00FE009907FE00FE00FE00FE00FE002F
S3150802EF40FE00FE00FE008E01FE001602EF018E0193
S3150802EF508E018E01E602EF01E801FE00F302FE00D1
S3150802EF6086024702D402E801FE0020027D007507E8
S3150802EF70FE00FE007907FE007D00A7F1300300229D
S3150802EF801BF8017B02EB820203EB4202A7F1300374
S3150802EF90092BF5D905928EE7484602F067FF4368C2
S3150802EFA017931846E1F72CFA18900646484602F0D7
S3150802EFB05DFF836815932021002E40F0E9869BF8B1
S3150802EFC0007076E71AEE101A1AEE900A1AEE105A1E
S3150802EFD001F070FD002841F02783AA8902F01A037E
S3150802EFE00A2B7FF42EAF1AEE101AB1F90E30002B47
S3150802EFF0FFF627AF4B6ED90702D4920541F15A8123
S3150802F0001AEE101A1AEE900A23464A464FB0BDEC7B
S3150802F0100A8BBDE8F04F01F09FBCBBEB050600F07A
S3150802F020D880249B33442493239B0133072BC8E9B6
S3150802F0300056239305DC08F10808069B3344069319
S3150802F04024E71AEE101A22AA484603F087FC90B95A
S3150802F0500DF19408F1E71AEE101A22AA484603F0AF
S3150802F0607DFC002800F0A680089B23B11AEE900AC0
S3150802F0701946E2F765F81AEE102A536ED80740F1D8
S3150802F080FA8093895A0601F1D88206984FB0BDECE8
S3150802F0900A8BBDE8F08FB2F90C309F059AB23FF59C
S3150802F0A0B6AE1AEE105AA86DFDF774FEB5F90C3015
S3150802F0B09AB2ACE6AFF30080000000000000000040
S3150802F0C0002F00F0868000238DF8D4708DF86B30FF
S3150802F0D00122CDE90723039204930C930F930D9310
S3150802F0E035AD1AF002020A9202D0039A023203924C
S3150802F0F01AF084020B9205D1059A0399561A002E24
S3150802F10000F36883249C8BB1239B0DF16B020133B8
S3150802F1100134C8F80020072B4FF0010224942393E8
S3150802F120C8F8042000F39F8308F108080A9B83B1F4
S3150802F130239B1BAA01330234C8F80020072B4FF081
S3150802F140020224942393C8F8042000F3998308F151
S3150802F15008080B9B802B00F06A82049B079A9E1A6A
S3150802F160002E00F3AB821AF4807F40F00682079BDA
S3150802F170C8F804301C44239BC8F800500133072BF7
S3150802F1802494239300F3198308F108081AF0040F4C
S3150802F19005D0059B039A9D1A002D00F38583DDE9A8
S3150802F1A0052303998A42ACBF9B185B180693002C69
S3150802F1B07FF451AF00232393089B1BB10899484655
S3150802F1C0E1F7BEFF0DF194085D462B78002B7FF41C
S3150802F1D050AE249B002B41F01B82002323934AE75F
S3150802F1E0099B073323F00703B3EC027B8DED107BF3
S3150802F1F0DDE91012099322F000430BEE101A0BEE0A
S3150802F200903A4FF0FF32B0EE4B9AF0EE6B9AB74B4C
S3150802F21051EC190BE0F772FE002840F0E884B34B74
S3150802F22051EC190B4FF0FF32E0F74AFE002840F086
S3150802F230DE84DDE9100100220023E0F737FE00280C
S3150802F24040F067879DF86B30A94DAA4A2AF0800AD2
S3150802F2500321472FC8BF154600220892039107913A
S3150802F26004920C920F920D92002B3FF43AAF039A36
S3150802F2700132039235E7938999053FF503AF1AEEF2
S3150802F280104A906DFDF788FDA389FBE62846FDF72F
S3150802F29069FAB3E59BF800704AF0200A09E64AF0D3
S3150802F2A0100A1AF0200F099B00F04084073323F056
S3150802F2B007031A465B6852F8084B09921E46002B4A
S3150802F2C0C0F24384049B013300F0BC822AF0800317
S3150802F2D0039354EA060340F0B782049B002B40F0DE
S3150802F2E0B882DDF80CA00023049307934EAD1FE104
S3150802F2F0099A002352F8041B8DF86B308DF8D41046
S3150802F3000992E5E6099C54F8045B00268DF86B60C1
S3150802F310002D00F08F85049B5A1C00F051861A4670
S3150802F32031462846E0F704FE0890002801F02F81AE
S3150802F330089B0496591B079121EAE1719DF86B30E7
S3150802F3400994039108960C960F960D968CE74AF047
S3150802F350100A1AF0200600F0C983099B073323F026
S3150802F36007035E6853F8084B09932AF480630393EC
S3150802F370002300228DF86B20049A551C00F0C080E9
S3150802F380039921F0800A54EA060140F0B780002A60
S3150802F39040F00786002BA6D1039B13F001030793BF
S3150802F3A000F0148430238DF837310DF23715BFE09B
S3150802F3B0099B53F8042B0592002A80F2D583059AF5
S3150802F3C00993524205929BF800704AF0040A70E5C6
S3150802F3D01AF0200F40F0D1841AF0100F40F0E7859A
S3150802F3E01AF0400F40F0A9861AF4007F00F0DF8574
S3150802F3F0099B069953F8042B099311705D46E4E6B6
S3150802F4009BF800708DF86B4053E59BF800704AF044
S3150802F410800A4EE55A4612F8017B2A2F01F06F82BE
S3150802F420A7F13003092B934698BF002201F2EC801C
S3150802F4301BF8017B02EB820203EB4202A7F13003BF
S3150802F440092BF5D9049236E54AF010030393039B78
S3150802F45013F0200600F05983099B073323F00703AC
S3150802F4605E6853F8084B0993012382E7099B53F810
S3150802F470044B099330234AF0020278278DF86C3040
S3150802F4801D4B149303928DF86D700026022370E7C4
S3150802F4909BF80070682F03BF9BF801704AF4007A44
S3150802F4A00BF1010B4AF0400A03E59BF800706C2F3A
S3150802F4B003BF9BF801704AF0200A0BF1010B4AF0D0
S3150802F4C0100AF6E49BF800704AF0080AF1E49BF881
S3150802F4D000704AF0010AECE49DF86B30002B7FF4C9
S3150802F4E06EAD9BF800708DF86B10E2E4FFFFEF7FBC
S3150802F4F0D47B0308D87B0308E47B0308CDF80CA069
S3150802F500012B00F0A181022B4EAD20D1149A04F0F2
S3150802F5100F032409D35C05F8013D44EA067436094B
S3150802F52054EA0603F3D14EAB5B1BDDF80CA0079336
S3150802F530049907989DF86B3081424FF00002B8BFD4
S3150802F5400146089203910C920F920D928CE604F0F2
S3150802F5500703E40844EA4674F608303354EA060117
S3150802F5602A4605F8013DF2D10399CC0700F17582C6
S3150802F5704EAB5B1B8A460793DAE7652F40F3D780C3
S3150802F580DDE9100100220023E0F786FC002800F0DE
S3150802F590C681239BC14AC8F80020013301340122DF
S3150802F5A0072B24942393C8F8042000F3DE8408F179
S3150802F5B008081C9B0E9A934280F2D182129B139AD8
S3150802F5C01C44C8E90023239B24940133072B239365
S3150802F5D000F3228408F108080E9B5D1E002D7FF7B2
S3150802F5E0D5AD102D239B41F36981AD4F0A9722466B
S3150802F5F010261AEE104A05E008F10808103D102DEB
S3150802F60040F3C18401331032072BC8E90076CDE9ED
S3150802F6102332F1DD22AA2146484603F09FF9002843
S3150802F6207FF422ADDDE923320DF19408E6E7059B66
S3150802F630039A9E1A002E7FF790AD102E239B41F354
S3150802F6403F8097490B9522461AEE105A0A910C46A4
S3150802F65004E0103E102E08F1080819DD01331032B5
S3150802F6601021072BCDE92332C8F80040C8F8041048
S3150802F670EFDD22AA294648460DF1940803F06EF9F1
S3150802F68000287FF4F1AC103E102EDDE92332E5DCCA
S3150802F6900B9D144601330A9AC8F800203444072BF6
S3150802F6A0CDE92334C8F8046000F3A883049B079ABB
S3150802F6B09E1A002E08F108087FF755AD102E239BD7
S3150802F6C040F30F8576480A90424621461AEE108A7A
S3150802F6D0044604E0103E102E02F1080216DD01333C
S3150802F6E010311020072BCDE9233114605060F1DD6B
S3150802F6F022AA4146484603F031F900287FF4B4AC01
S3150802F700103E102EDDE9233125AAE8DC90460C4688
S3150802F71001330A9AC8F800203444072BCDE923346A
S3150802F720C8F8046000F3D48108F108081BE50E9BAB
S3150802F730012B40F37381239EC8F800500136013429
S3150802F7400123072E24942396C8F8043000F39683DF
S3150802F75008F10808129B139A01361C44072EC8E9B9
S3150802F7600023CDE9236400F3978308F10808DDE94D
S3150802F770100100220023E0F78FFB002840F07B816E
S3150802F7800E9B0136013B01351C44072EC8F8005072
S3150802F7902396C8F80430249400F3518108F1080826
S3150802F7A0169BC8F8043001361C44072E1EABCDE959
S3150802F7B02364C8F800307FF7E7AC1AEE101A22AABB
S3150802F7C0484603F0CBF800287FF44EAC249C0DF192
S3150802F7D09408DBE4102EDDE9233222DD1995102484
S3150802F7E01AEE105A04E0103E102E08F1080817DD2A
S3150802F7F001332C491032072BC8E90014CDE923320C
S3150802F800F1DD22AA294648460DF1940803F0A6F826
S3150802F81000287FF429AC103E102EDDE92332E7DCFE
S3150802F820199DC8F804600133B418072B1D4AC8F895
S3150802F8300020CDE9233400F37D839DF86B3008F16F
S3150802F840080860E4CDF80CA00A2C76F1000380F0D3
S3150802F850318330340123DDF80CA08DF83741079344
S3150802F8600DF2371564E61AEE101A22AA484603F074
S3150802F87075F800287FF4F8AB249C0DF1940855E43A
S3150802F8801AEE101A22AA484603F068F800287FF4EE
S3150802F890EBAB249C0DF194085BE400BF147C0308CF
S3150802F8A0487C0308387C0308102D239B20DD1AEEBA
S3150802F8B0107A102604E0103D102D08F1080817DD0D
S3150802F8C00133AC4A1034072BC8E90026CDE92334A4
S3150802F8D0F1DD22AA394648460DF1940803F03EF8AE
S3150802F8E000287FF4C1AB103D102DDDE92334E7DC97
S3150802F8F00133A04AC8F804502C44072BCDE9233417
S3150802F900C8F800207FF74BAC1AEE101A22AA48460E
S3150802F91003F024F800287FF4A7AB249C3FE41C9A42
S3150802F920002A40F32B81DDE90D739F42A8BF1F46CB
S3150802F930002F0BDD239B01333C44072BC8E90057F4
S3150802F9402494239300F3D58508F108080D9E002F09
S3150802F950A8BFF61B002E00F344830D9B1AF4806F92
S3150802F9602B44079340F0E3841C9B0E9A934203DBD5
S3150802F9701AF0010F00F0D283129A13991444C8E9B7
S3150802F9800012239A24940132072A239200F3BF8590
S3150802F99008F108080E9A0799AE18761AD51AAE42D1
S3150802F9A0A8BF2E46002E0DDD239BC8F80010013392
S3150802F9B03444072BC8F804602494239300F3098679
S3150802F9C008F10808002EA8BFAD1B002D7FF7DEAB95
S3150802F9D0102D239B40F37287674F0A9722461026FB
S3150802F9E01AEE104A05E008F10808103D102D40F3FA
S3150802F9F0CA8201331032072BC8E90076CDE92332D1
S3150802FA00F1DD22AA2146484602F0A8FF00287FF423
S3150802FA102BABDDE923320DF19408E6E71AF0010F64
S3150802FA207FF489AE239EC8F80050013601340123BB
S3150802FA30072E24942396C8F804307FF7AFAE1AEE41
S3150802FA40101A22AA484602F089FF00287FF40CAB56
S3150802FA50DDE923640DF19408A2E6302B3FF463AD89
S3150802FA603023023A05F8013C4EAB9B1ADDF80CA08E
S3150802FA70079315465CE50E9B5D1E002D7FF790AE3B
S3150802FA80102D40F321873C4ACDF810A023461AEEE2
S3150802FA9010AA0A921027144605E008F10808103D34
S3150802FAA0102D40F3E38201361033072EC8E90047CA
S3150802FAB0CDE92363F1DD22AA5146484602F04EFFFC
S3150802FAC000287FF4D1AADDE923630DF19408E6E75D
S3150802FAD01AEE101A22AA484602F040FF00287FF4BE
S3150802FAE0C3AA249C0DF19408FFF73DBB1AF0100334
S3150802FAF040F03D811AF0400200F0C882099A52F895
S3150802FB00044B09921E46A4B22FE4039B13F010037A
S3150802FB1066D1039A12F0400200F0C682099A52F898
S3150802FB20044B09921E46A4B2012322E453F8044B5D
S3150802FB3009931AF0100F4FD11AF0400F48D044F328
S3150802FB40C036334624B2FFF7BABB2D2364428DF87A
S3150802FB506B3066EB4606CDF80CA001230CE41AF0CE
S3150802FB60010F3FF413AB29E59BF800700993FFF7E1
S3150802FB70A0B900BF387C0308487C0308239BB64912
S3150802FB80C8F80010013301340121072B249423936A
S3150802FB90C8F8041000F3848408F10808002A40F023
S3150802FBA046820E9A0AF0010313433FF4EFAA129B08
S3150802FBB0139A1C44C8E90023239B24940133072B78
S3150802FBC0239300F3688308F1080841E24EADAFE4D7
S3150802FBD01AF4007F40F0AB82E6173346FFF76FBB95
S3150802FBE0099B53F8044B09930123FFF7C2BBDDE9CE
S3150802FBF0100102460B46E0F781F9002840F02E86EE
S3150802FC00612F00F07F85412F00F0A082049B01330B
S3150802FC1027F02003039300F0C085472B00F0AB853D
S3150802FC20DDE910014AF48072002907924FF00003B9
S3150802FC30C0F2458441EC180B0A930893039B462BA2
S3150802FC4000F07484452B00F02585B0EE480AF0EEE4
S3150802FC50680A20AB01931DAB0093049A1CAB0221E0
S3150802FC60484601F039F8039B472B054640F05E8665
S3150802FC701AF0010F5646DDF81CA040F0E384209BDB
S3150802FC805B1B0E93039B472B00F01B83039B462BA0
S3150802FC9000F089841C9B0D930D9B039A013B412A14
S3150802FCA01C9300F0E985FAB20021002BB8BF0D9B20
S3150802FCB08DF87820BABFC3F101032D222B22092B16
S3150802FCC08DF8792040F36D850DF18704DFF898C128
S3150802FCD0224610468CFB0321DA17C2EBA10202EB7D
S3150802FCE08201A3EB4101303100F8011C1946632950
S3150802FCF0134600F1FF32ECDC3033D9B2831E9C4244
S3150802FD0002F8011C40F20E8613460DF17A0201E052
S3150802FD1013F8011B02F8011B9C42F9D10DF1890364
S3150802FD200DF17A021B1A13441EAA9B1A16930E9BEE
S3150802FD30169A012B1A44079240F3B285079B129A28
S3150802FD4013440793079A002326F4806622EAE2728E
S3150802FD5046F4807A0C9303920F930D930A9B002B19
S3150802FD6040F0DE8204939DF86B30FFF77DBA099B5B
S3150802FD7053F8044B0993FFF7F8BA099B069853F808
S3150802FD80041B0993C217C1E900025D46FFF71DBAB3
S3150802FD90159B002B3FF413A9159B1B78002B3FF4E8
S3150802FDA00EA99BF800704AF4806AFFF782B8CDF86C
S3150802FDB00CA0FFF74CBB294B14931AF0200655D01A
S3150802FDC0099B073323F007035E6853F8084B099328
S3150802FDD01AF0010F09D054EA060306D030238DF82B
S3150802FDE06D704AF0020A8DF86C302AF48063039328
S3150802FDF00223FFF7BEBA1A4B1493DEE71AEE101A5D
S3150802FE0022AA484602F0AAFD00287FF42DA9249CBE
S3150802FE100DF19408FFF7A1B91AEE101A22AA48465C
S3150802FE2002F09CFD00287FF41FA9249C0DF194087A
S3150802FE30FFF7D2BB049A0895062A294628BF062246
S3150802FE4004952B460392074D099407920C910F913C
S3150802FE500D91FFF709BA00BF147C0308E47B030877
S3150802FE60F87B03080C7C0308676666661AF01003BB
S3150802FE7070D0099B53F8044B0993A9E71AEE101A96
S3150802FE8022AA484602F06AFD00287FF4EDA8DDE9B9
S3150802FE9023640DF194085DE41AEE101A22AA484664
S3150802FEA002F05CFD00287FF4DFA8DDE923640DF18A
S3150802FEB094085CE4039B002203F48063CDE9077887
S3150802FEC009EE109A0DF59C7ADDF854901746984675
S3150802FED00CE00023204631460A22E0F727FB0A2CCB
S3150802FEE076F100031CD304460E46AA4620460A2289
S3150802FEF000233146E0F71AFB30320AF1FF350137A3
S3150802FF000AF8012CB8F1000FE3D099F800309F42A5
S3150802FF10DFD1FF2FDDD00A2C76F1000380F0E580D1
S3150802FF20CDF854900E97DDF82080079F19EE109AA7
S3150802FF30FFF7F9BA1AEE101A22AA484602F00EFD7F
S3150802FF4000287FF491A89DF86B30249C0DF1940843
S3150802FF50FFF7D9B81AF0400200F0B680099A52F8AB
S3150802FF60044B09921E46A4B232E71AEE101A22AAC6
S3150802FF70484602F0F3FC00287FF476A8249C0DF18B
S3150802FF809408FFF716BB144601330A9AC8F80020EC
S3150802FF902C44072BC8F80450CDE923347FF7F4A87C
S3150802FFA00BE4012BCDF80CA07FF4ADAA51E4099B12
S3150802FFB0069953F8042B5D4611600993FFF705B9B4
S3150802FFC0284604960994E0F71BFA20EAE0719DF8A0
S3150802FFD06B300790039108960C960F960D96FFF7CD
S3150802FFE043B9102E239B40F39684BC480A90424696
S3150802FFF021461AEE108A1027044604E00832103EFB
S31508030000102E40F33B8201331031072BC2E9004718
S31508030010CDE92331F2DD22AA4146484602F09EFC89
S3150803002000287FF421A8DDE9233125AAE7E7129BF7
S3150803003013991C44C8E90013239B24940133072B03
S31508030040239300F3288108F10808002AC0F2FD82E9
S315080300500E9AC8F8005001331444072BCDE923340C
S31508030060C8F804207FF790A8FFF7A7BBDDF810A010
S315080300701C4601360A9BC8F800302C44072ECDE9E6
S315080300802364C8F804507FF789ABD8E4099B1AF4AC
S31508030090007614BF53F8044B53F8044B09931CBF5B
S315080300A01646E4B2FFF761B9039B13F40076099B7E
S315080300B014BF53F8044B53F8044B09931CBF164655
S315080300C0E4B20123FFF755B9099B1AF4007614BF66
S315080300D053F8044B53F8044B09931CBF1646E4B272
S315080300E076E67E4A0A92FFF713BB189B1799ED1A11
S315080300F01A46284602F048FB99F801300BB109F174
S315080301000109204631460A2200230027E0F70EFAA2
S31508030110E9E62D238DF86B30FFF796B80E9A079903
S31508030120AE18761AD51AAE42A8BF2E464AE444F349
S31508030130C016334664B2FFF7C2B8099B069953F84B
S31508030140042B099311805D46FFF73FB830238DF8DA
S315080301506C3058238DF86D30049B632B4AF00204E8
S3150803016000F3D5820023089335ADDDE910124AF46E
S3150803017081730793002A27F02003A2460393C0F24C
S315080301809F81002342EC181B0A93612F00F04A83D0
S31508030190412F7FF453ADB0EE480AF0EE680A1CA867
S315080301A002F0BCFA00224FF07F5351EC100BD8F73C
S315080301B005FB02460B4643EC192B00220023DFF707
S315080301C06BFE08B101231C93454B0B93049B1995AE
S315080301D0CDE90C7BCDE90EA80CEE109ADDF82CB010
S315080301E059EC198B5E1E2C4605E000220023013EBE
S315080301F0DFF752FEE0B93B4B002240464946D8F7A3
S31508030200DDFA89468046E0F769F90546D8F76CFAB8
S315080302100B46024649464046D8F718F91BF80530F7
S31508030220A24604F8013B731C374680468946DCD14F
S3150803023049EC198B2C4BDDF83C8051EC190B002249
S315080302403E461CEE109ADDE90C7BCDF830A00D95E1
S31508030250DDF838A0199DDFF747FE002840F03682FF
S3150803026051EC190B204B0022DFF716FE18B10D9B34
S31508030270D90700F12B82002E334606DB01332344CC
S31508030280302204F8012BA342FBD1631B56460E9377
S31508030290DDF81CA0F6E41AEE101A22AA484602F064
S315080302A05DFB00287EF4E0AEDDE923341C9A0DF1EC
S315080302B09408CAE61AEE103A986DFCF76DFDFEF738
S315080302C09FBE1C9B0D93DA1C02DB049A93420DDD39
S315080302D0023F27F020030393DEE400BF487C0308AC
S315080302E0F87B0308000030400000E03FDDE90D32EB
S315080302F09342C0F27F81F00740F19182129A134428
S315080303000793710503D50D9B002B00F35A82079BB0
S3150803031023EAE3730393672700230C930F931DE5DF
S315080303202D2300228DF86B300492FEF7A0BF0E9B97
S31508030330CDF828B0DDF83CB0079E159FCDF81CA074
S31508030340EB1804934246DDF860A00C9B0B951AEE56
S31508030350108AA446BBF1000F30D0002B71D1013FA0
S315080303600BF1FF3B179BC2E9003A239B0133D444A5
S31508030370072BCDF890C0239367DC0832049B3878A3
S315080303809B1B8342A8BF0346002B1C460BDD239801
S3150803039001309C440728C2E90063CDF890C0239036
S315080303A05FDC38780832002CACBF051B0546002DE8
S315080303B017DC06440C9BBBF1000FCED1002B40D1B2
S315080303C00B9D0E9BDDF81CA0DDF828B01597EB18DE
S315080303D09E429046324628BF1A4664460792FFF75E
S315080303E0C3BA102D23981FDD1024634604E0103D7D
S315080303F0102D02F1080216DD0130B3491033072820
S31508030400C2E90014CDE92303F1DD22AA4146484691
S3150803041002F0A4FA00287EF427AE103D102DDDE97C
S31508030420230325AAE8DC9C460130A74B5560AC4458
S315080304300728CDE9230C13604DDC387808320644C7
S31508030440B8E70C9B013B0C938CE722AA4146484626
S3150803045002F084FA00287EF407AEDDF890C025AAD8
S315080304608CE722AA4146484602F078FA00287EF429
S31508030470FBAD3878DDF890C025AA94E790460C467C
S3150803048001330A9AC8F800203444072BCDE92334EC
S31508030490C8F8046000F3618108F10808FFF75DBA3C
S315080304A01AEE101A22AA484602F058FA00287EF4D1
S315080304B0DBAD1C9A249C0DF19408FFF76FBB0893D8
S315080304C0DDE9103408EE103A04F1004308EE903AD9
S315080304D02D230A9359E622AA4146484602F03EFAD4
S315080304E000287EF4C1AD3878DDF890C025AA064405
S315080304F060E71AEE101A22AA484602F02FFA0028D5
S315080305007EF4B2AD249C0DF19408FFF71FBA1AEED8
S31508030510101A22AA484602F021FA00287EF4A4AD4E
S315080305201C9B249C0DF19408FFF734BA20AB019366
S315080305301DAB0093049AB0EE480AF0EE680A1CABAA
S315080305400321484600F0C8FB0378302B054600F024
S3150803055099811C9B049A56461344DDF81CA0EC1893
S3150803056051EC180B00220023DFF796FC10B1234643
S31508030570FFF786BB209BA342BFF482AB30215A1CEC
S3150803058020921970209B9C42F9D8FFF779BB049BEC
S315080305900393079309949DF86B3004900C900F907E
S315080305A00D90FEF761BE1C9A0D92002A40F39081C6
S315080305B0049906F001030B4340F02B810D9B079327
S315080305C06627730500F1FE80079B23EAE37303930B
S315080305D0A2E61AEE101A22AA484602F0BFF9002824
S315080305E07EF442AD1C9D0E9B249C5D1B0DF1940865
S315080305F0FFF7E8B90E9B129A9A180D9B0792002BE0
S3150803060040F353816727DCE700230493FEF753BCC3
S315080306101AEE101A1AEE900A22AA02F09FF9002877
S315080306203EF4DBADFEF727BD6B6EDC0705D4AB895D
S31508030630980502D4A86DFCF7AFFB4FF0FF3306937A
S31508030640FEF723BD049BEC188AE75642103280F264
S315080306506F811D480A90424621461AEE108A1027D2
S31508030660044603E00832103E102E5ADD01331031DA
S31508030670072BC2E90047CDE92331F3DD22AA414618
S31508030680484602F06BF900287EF4EEACDDE9233127
S3150803069025AAE8E7049BB0EE480AF0EE680A5C1C54
S315080306A020AB01931DAB009322461CAB022148469F
S315080306B000F012FB054656462C44DDF81CA04FE70E
S315080306C0014A0A92FEF7E6BF487C03080C9B20936F
S315080306D00B9B14F8012CD97B8A42234609D1302077
S315080306E003F8010C209B5A1E209213F8012C914201
S315080306F0F6D0392A0BBF0B9A0132927AD2B203F893
S31508030700012CC2E530238DF86C30782322E5591C79
S315080307104846E0F7EBFC0546002800F00C810890F4
S3150803072023E590460C4601330A9AC8F80020344458
S31508030730072BCDE92334C8F804607FF744AA1AEED9
S31508030740101A22AA484602F009F900287EF48CAC4E
S31508030750DDE923340DF194087AE41AEE101A22AA75
S31508030760484602F0FBF800287EF47EAC249C0DF183
S315080307709408FFF7F2B8049B002B08BF01230493E0
S31508030780119B4AF48072002B0792C0F29B809DED61
S31508030790108B0A900890FFF758BA06230493FFF7BD
S315080307A03FBA002940F0A88030228DF87A200DF14F
S315080307B07B02303302F8013B1EABD31A1693FFF7BD
S315080307C0B6BA672715990B78FF2B00F0A780002484
S315080307D00D9A204603E001300131FF2B08D09342DE
S315080307E006DAD21A4B78002BF5D10B780134F4E7E5
S315080307F015910D920F900C940C9A0F9B189913440C
S31508030800079A01FB0323079323EAE3730393FFF78B
S31508030810A5BA129BD318194407916627D1E60D9BEF
S3150803082007936EE51CA8B0EE480AF0EE680A01F0D5
S3150803083075FF00224FF07F5351EC100BD7F7BEFF1D
S3150803084002460B4643EC192B00220023DFF724FB51
S3150803085008B101231C933C4B0B93B7E4119B3B4D07
S315080308603B4A002BB6BF2D239DF86B308DF86B30B2
S315080308702AF0800AFEF7ECBC07F10F02D2B2012177
S31508030880FFF713BA51EC180B00220023DFF704FB1A
S3150803089000287FF45EAE049BC3F101031C9359E65B
S315080308A0F4077FF54FAAFFF749BAC3F101031A44C0
S315080308B022EAE2730792039367272DE5254A0A92EC
S315080308C0FFF762BB0890FBE5224B0A93FFF7D1BB00
S315080308D0049A06F0010656EA020304D10123039398
S315080308E06627079318E5129B01331A4422EAE27333
S315080308F00792039366270FE50DF17A0259E7099BD9
S315080309009BF80170934653F8042B099342EAE27263
S315080309100492FEF7CEBA0F4A0A92B1E500230C9366
S315080309200F9369E702231693FFF701BA049CC2E6FD
S31508030930084A0A92F7E61AEE102A938943F0400307
S315080309409381FEF798BB00BFE47B0308DC7B0308AF
S31508030950E07B0308487C030870B50C468989ADF526
S315080309608E6D21F00201ADF81410616E1B91E189B9
S31508030970ADF81610E1690991616A0B911CA90291F8
S3150803098006914FF4806106460491079118A8002141
S31508030990CDE900320891FCF7F9F9DDE9003202A93D
S315080309A03046FEF711FA051E07DB02A9304601F0A9
S315080309B02FFA002818BF4FF0FF35BDF814305B0631
S315080309C003D5A38943F04003A3811898FCF7E0F9FC
S315080309D028460DF58E6D70BDF8B50D4614460646C8
S315080309E010B1836B002B43D0B4F90C20A369A36021
S315080309F0170790B21BD52369CBB1EDB281042F46F5
S31508030A0022D522686169D31A994229DD0133A1687F
S31508030A100139A160511C2160157062699A422AD076
S31508030A20A389DB0701D50A2D25D03846F8BD21460B
S31508030A30304600F03FF820BBB4F90C20236990B286
S31508030A40EDB281042F46DCD442F40052A281626ED1
S31508030A50616922F4005262662268D31A9942D5DC88
S31508030A602146304601F0D4F958B922680123CEE766
S31508030A70FBF778FEB8E72146304601F0C9F90028A6
S31508030A80D3D04FF0FF37D0E738B50C46084D844628
S31508030A90114620461A4600232B606446E0F7E0FA1F
S31508030AA0431C00D038BD2B68002BFBD0236038BD10
S31508030AB0148F012038B5334B1B6805460C460BB11A
S31508030AC09A6B12B3B4F90C3018079AB225D5216973
S31508030AD000292DD012F0010007D00020A06060691C
S31508030AE04042A06139B1002038BD950758BF6069F7
S31508030AF0A0600029F7D1120658BF0846F4D543F07B
S31508030B004003A3814FF0FF3038BD1846FBF72AFE92
S31508030B10B4F90C3018079AB2D9D4D1062AD5520794
S31508030B2014D4216943F00803A3819AB20029D1D1C9
S31508030B3002F42070B0F5007FCCD02146284601F098
S31508030B40AFF9B4F90C3021699AB2C3E7216B51B1F5
S31508030B5004F14002914204D02846E0F7F1FAB4F9C9
S31508030B600C300022226321690022C4E9001223F013
S31508030B702403D7E7092243F040032A604FF0FF30E6
S31508030B80A38138BD4004002038B5074D002204462A
S31508030B9008462A60E0F736FA431C00D038BD2B68AE
S31508030BA0002BFBD0236038BD148F01202DE9F04FAD
S31508030BB003690C69A34283B0C0F28780013C01F143
S31508030BC01405A30000F11408009355F8243058F8C7
S31508030BD02420013381469A4208EB840005EB8407F7
S31508030BE00190B2FBF3F63BD30023AE4640469B4641
S31508030BF05EF804AB02681FFA8AFC06FB0C334FEA5D
S31508030C00134C4FEA1A4A06FB0ACA1FFA83FCABEBD4
S31508030C100C0C1FFA8AF31CFA82FCC3EB124202EB92
S31508030C202C421FFA8CFC4CEA0243774540F8043BF6
S31508030C304FEA224B4FEA1A43DAD2009B58F803309D
S31508030C4073B9019B043B984504D307E0984504F11F
S31508030C50FF3403D253F80429002AF7D0C9F8104001
S31508030C60484601F015FC00282BDB013640460023D5
S31508030C7055F8041BD0F800C08AB29A1A0B0C12FA5C
S31508030C808CF2C3EB1C4303EB224392B242EA0342C0
S31508030C90AF4240F8042B4FEA2343E9D258F82420FD
S31508030CA008EB84036AB9043B984504D307E09845DF
S31508030CB004F1FF3403D253F80429002AF7D0C9F8FC
S31508030CC01040304603B0BDE8F08F002003B0BDE8FE
S31508030CD0F08F00BF000000002DE9F04F2DED068BC5
S31508030CE095B08DED020B0191016C249D099259EC87
S31508030CF0108B0446069341B1426C4A600123934024
S31508030D008B6001F063F900232364B9F1000AB4BFC9
S31508030D10012300232B607C4BBCBF2AF0004ACDF885
S31508030D200CA033EA0A0300F0B2809DED027B002291
S31508030D3051EC170BB0EE479AF0EE679A0023DFF7EC
S31508030D40ABF8074680B1069A01231360259B002B4F
S31508030D5000F0DB826D481860431E0093009815B0B7
S31508030D60BDEC068BBDE8F08F12AA13A92046B0EE98
S31508030D70490AF0EE690A01F053FCB0EE498AF0EE2F
S31508030D80698A5FEA1A56054640F09980DDE91276C4
S31508030D903E4406F23240202840F3AB83C0F14000BC
S31508030DA00AFA00FA06F2124028FA00F04AEA0000A4
S31508030DB0D7F78AFC0123013E0D93A1F1F871544B31
S31508030DC00022D7F743FB4AA3D3E90023D7F7F6FC58
S31508030DD049A3D3E90023D7F73BFB80463046894628
S31508030DE0D7F782FC46A3D3E90023D7F7E7FC0246E5
S31508030DF00B4640464946D7F72BFB80468946DFF71D
S31508030E006DFB00228346002340464946DFF74EF82A
S31508030E10002840F06D82BBF1160F00F25C823D4B51
S31508030E2003EBCB03D3E9002351EC190BDFF73EF8A9
S31508030E30002875D00023BE1B0C93731E0BF1FF3BD2
S31508030E40049300F14F8200230893BBF1000F6EDA77
S31508030E50089BCDF814B0A3EB0B030893CBF100035F
S31508030E600B93019B092B4FF0000B69D8052B40F315
S31508030E703E83043B01930026019B023B032B00F2AE
S31508030E809986DFE813F04E044B0443042604069AB6
S31508030E9042F20F73CAF3130A13605AEA08031DD101
S31508030EA0259B002B00F07D861B4B00930833259A60
S31508030EB00098136015B0BDEC068BBDE8F08F18EEED
S31508030EC0903AC3F3130351EC190B43F07F510D9773
S31508030ED0A6F2FF36129F41F4401170E7259B002BBB
S31508030EE040F0DB830D4B009338E700BFAFF3008078
S31508030EF061436F63A787D23FB3C8608B288AC63F0F
S31508030F00FB799F501344D33F0000F07F157C0308F9
S31508030F100000F83FA87D03085C7C0308587C030897
S31508030F20BE1B731E049300F19A840C900890049BCD
S31508030F305B44CDE9043B00230B93019B092B95D90D
S31508030F40002301264FF0FF3201930A96079209936D
S31508030F50079B0F9300216164204601F011F8009066
S31508030F60002800F02F86009B2364079B0E2B00F2B4
S31508030F70F980002E00F0F6800599002940F3718464
S31508030F80BD4B01F00F0203EBC2034FEA2118C90553
S31508030F90D3E9006740F10384B84B51EC190BD3E945
S31508030FA00823D7F735FD41EC180B08F00F084FF067
S31508030FB0030AB8F1000F13D0DFF8C09218F0010F37
S31508030FC009D030463946D9E90023D7F7F7FB0AF1A2
S31508030FD0010A06460F465FEA680809F10809EDD1D2
S31508030FE051EC180B32463B46D7F712FD41EC1A0B68
S31508030FF00C9B5BB157EC1A6BA14B1AEE100A002235
S315080310003946DEF753FF002840F052855046D7F796
S315080310106BFB53EC1A2BD7F7D1FB9A4B0022D7F766
S3150803102017FA079B8046A1F15079002B00F0F3834A
S31508031030059B1093079B0E930A9B002B00F0C08415
S315080310400E9A8D4B9049DDF800A003EBC20353E9D2
S3150803105002230020D7F7DCFC42464B46D7F7F6F9BE
S3150803106059EC1A8B41EC180B49461AEE100ADFF7AE
S3150803107035FA0746D7F738FB02460B461AEE100A27
S315080310804946D7F7E3F930370AF8017B53EC182BAF
S3150803109006460F46DEF70AFF002840F055854FF04F
S315080310A000080AEE105ACDF844B055465BEC18AB67
S315080310B008EE104A44462AE00E9B01349C424BDA5A
S315080310C0724B504659460022D7F778FB6F4B0022DE
S315080310D082468B4630463946D7F770FB89468046A3
S315080310E0DFF7FCF90746D7F7FFFA02460B464046F1
S315080310F04946D7F7ABF9303705F8017B52465B46C5
S3150803110006460F46DEF7D2FE002840F0188532461B
S315080311103B465B490020D7F799F952465B46DEF70B
S31508031120C5FE0028C8D0109B009A0593AA4618EE58
S31508031130104A1AEE105A02E0924500F0EA84D146A4
S315080311401AF8013D392BF7D00133DBB28AF80030A0
S31508031150059B01330593ABE1DDF844B01AEE105A4B
S3150803116018EE104A139B002BC0F29480059A0E2A98
S3150803117000F39080404B03EBC203D3E90089099B34
S31508031180002B1BDA079B002B18DC40F05D83404BD2
S31508031190002240464946D7F711FB02460B4651EC57
S315080311A0190BDEF78DFEDDF81CA05646002800F065
S315080311B0D082099BDDF80080DF43D2E242464B46E4
S315080311C051EC190BD7F724FCDFF788F90646834653
S315080311D0D7F78AFA42464B46D7F7F0FA0B46024642
S315080311E051EC190BD7F732F9DDF800A03346303343
S315080311F00AF8013B079B012B00F08E834FF0010B86
S3150803120008EE105A08EE904A1D465446DA461DE083
S3150803121042464B4630463946D7F7FAFBDFF75EF9BF
S315080312208346D7F761FA42464B46D7F7C7FA0AF118
S31508031230010A0B46024639463046D7F707F90BF13A
S315080312403003AA4504F8013B00F061830F4B0022E3
S31508031250D7F7B4FA0022002306460F46DEF71CFE2C
S315080312600028D5D0A24618EE105A18EE904A059BC8
S3150803127001330593D1461BE1A87D0308807D030846
S315080312800000F03F00001C400000E03F000024403F
S31508031290000014400A9A002A3FD0019A012A40F313
S315080312A09C82079B03F1FF380B9B4345C0F26E8272
S315080312B0A3EB0808079B002BC0F26683049A1A441B
S315080312C00492089A17461A4408920121204600F008
S315080312D02BFF064625E00123BE1B0C93731E0493BE
S315080312E07FF5B1ADC6F10103089300230493ACE57A
S315080312F05846D7F7F9F942464B46DEF7CDFD00289F
S315080313007FF489AD0BF1FF3B85E5874B0093009886
S3150803131015B0BDEC068BBDE8F08FDDF82C80089F71
S315080313200A9E002F0CDD049A002A09DD0899BA42A1
S315080313301346A8BF3B46C91AFF1AD31A0891049342
S315080313400B9BDBB10A9B002B00F08282B8F1000FDE
S315080313500FDD31464246204600F0C2FF2A460146C3
S315080313600646204600F00EFF29460546204600F0AD
S315080313702DFE0B9BB3EB080240F0008301212046A8
S3150803138000F0D2FEBBF1000F824600F3B780019B43
S31508031390012B40F386814FF000080120BBF1000FB3
S315080313A040F0B880049A104410F01F0000F09680AD
S315080313B0C0F12003042B40F3F883089BC0F11C00FB
S315080313C003440244089307440492089B002B05DD53
S315080313D029461A46204600F0E3FF0546049B002BE0
S315080313E005DD51461A46204600F0DAFF82460C9B75
S315080313F0002B40F03781079B002B40F31E810A9B85
S31508031400002B40F0A180059B01330593DDF800808E
S31508031410DDF81C90012707E0294600230A22204607
S3150803142000F0DEFD0137054651462846FFF7BEFBA9
S315080314304F4500F1300008F8010BEDDB079A002A47
S31508031440C8BF9346009AD8BF4FF0010B034693448F
S315080314500027294601222046019300F0A1FF5146A1
S31508031460054601F015F8002840F3A5811BF8013C51
S31508031470009A0BF1FF3B04E05A4500F0A7811BF8DD
S31508031480013D392B0BF10109F6D001338BF80030F6
S315080314905146204600F09AFD56B12FB1B74203D004
S315080314A03946204600F092FD3146204600F08EFD6F
S315080314B02946204600F08AFD002389F80030DDE935
S315080314C005231A60259B002B3FF448AC0098C3F804
S315080314D0009015B0BDEC068BBDE8F08F1C20089B69
S315080314E003440893049B0344074404936DE70126C6
S315080314F0C2E4C0F1200008FA00F059E401465A464E
S31508031500204600F0EDFE019B012B824640F3D58170
S315080315104FF00008DAF810300AEB8303186900F075
S31508031520B3FDC0F120003DE7147C030831460023D0
S315080315300A22204600F054FD0F9B002B064640F373
S315080315402383CDF814900793002F00F31881B8F17D
S31508031550000F40F0FC81B046029B009F079903F0F9
S3150803156001027B1E1944019B0A92134308910993AE
S3150803157051462846FFF71AFB31468346284600F0AC
S3150803158087FF424651468146204600F0A3FFC268BC
S3150803159001460BF13003002A42D1049028460793EB
S315080315A000F076FF04990290204600F00FFD029A98
S315080315B0079B1AB90999002900F0D682B9F1000FD9
S315080315C0C0F28781019949EA01090A9951EA090191
S315080315D000F07F81002A00F3E781089A3B7007F140
S315080315E001099742CB4600F0E581294600230A22E2
S315080315F0204600F0F5FC4645054631464FF0000304
S315080316004FF00A02204612D000F0EAFC414606468D
S3150803161000230A22204600F0E3FC4F468046A7E74C
S315080316202046029300F0D2FC029B0122C6E700F093
S31508031630D7FC4F46064680469AE7019B022B77DC82
S315080316400A9B002B80D1059B5146013328460593F7
S31508031650FFF7ACFADDF800B000F130030BF8013BF5
S315080316600027F6E65146284600F012FF0028BFF683
S31508031670C2AE294600230A22204600F0B1FC059B88
S3150803168003F1FF390A9B0546002B7FF44FAF0F9BE7
S31508031690002B40F370820793B8E6BD4B00930333E0
S315080316A005E4DDE9021200297FF475AEC2F31303DC
S315080316B0002B7FF470AEB74B1340002B00F03D822E
S315080316C0089B01330893049B013304934FF00108E5
S315080316D063E601230A93099B059A13440F9301337F
S315080316E0012B1F460793B8BF01270021172F6164F3
S315080316F07FF732AC012204235B0003F11400B842DE
S31508031700114602F10102F7D9616425E401230A931C
S31508031710099F002F4ADD0F970797E6E700230A93E9
S31508031720D9E700230A93F3E70F9BCDF814900793A1
S31508031730079B002B7FF43DAD51460522204600F05A
S315080317404FFC01468246284600F0A2FE00287FF792
S3150803175030AD0098059F3123804600F8013B0137D9
S3150803176000905146204600F031FC7B1CDDF80090C2
S315080317700593CDF80080002E7FF496AE98E63146A1
S315080317803A46204600F00CFE0646E0E60B9BCDF8EB
S315080317902C80A8EB03039B444FF000088AE54FF01F
S315080317A0020AB0EE498AF0EE698A02E40123099334
S315080317B00793FFF7CDBB03D1019BDB073FF556AE76
S315080317C0D9461BF8013D302BFAD061E6059B009AF2
S315080317D001330593312313705AE60D9A002A00F054
S315080317E0638103F23343049ADDF82C801A44049286
S315080317F0089A17461A44089267E55046D6F774FFBF
S3150803180053EC1A2BD6F7DAFF634B0022D6F720FEE2
S315080318108046A1F15079614B002251EC1A0BD6F799
S3150803182015FE42464B4606460F46DEF75DFB002885
S3150803183040F07F8130463946424609F10043DEF7D8
S3150803184035FB00283FF48EAC4FF0000A5646B0E449
S3150803185029460B9A204600F043FD05468EE50C9073
S3150803186040E500F04E81059A4D4B564206F00F02AD
S3150803187003EBC203D3E9002351EC190BD6F79EFFFA
S31508031880361141EC1A0B00F08881464F00234FF0BE
S31508031890020AF20706D5D7E90023D6F78FFF0AF11E
S315080318A0010A0123761007F10807F2D1002B3FF44A
S315080318B09FAB41EC1A0BFFF79BBB029B002B7FF4F4
S315080318C027AEDDE90212C2F31303002B3FF4F3AE8E
S315080318D01EE6002A12DD294601222046019300F05E
S315080318E05FFD5146054600F0D3FD0028019B40F3F2
S315080318F03581392B00F013810BF13103B94609F809
S31508031900013B059B0133374605934646C0E5A24688
S3150803191018EE105A18EE904A02460B46D6F798FD6B
S3150803192042464B4606460F46DEF7DEFA60B942469E
S315080319304B4630463946DEF7AFFA00283FF497ACF4
S315080319405FEACB717FF593AC009AFFF7F8BB716832
S31508031950204600F015FB0746002800F03A81336954
S3150803196002339A0006F10C010C30DEF731FB3946D7
S315080319700122204600F014FD8046EDE5294620465F
S3150803198000F0AEFC0546F9E4DDE907239F1A9CE45B
S31508031990587C03080000F07F00001C400000144038
S315080319A0A87D0308807D0308392B00F0B880B94663
S315080319B00133A4E7059A013237460592464648E5B8
S315080319C00E988D4901EBC00142464B4651E9020187
S315080319D0D6F7F4FE5AEC1A9B41EC180B51461AEE4D
S315080319E0100ADEF77BFD0746D6F77EFE02460B4650
S315080319F01AEE100A5146D6F729FD06460E98DDF863
S31508031A0000803037012808F8017B0F4600F0BA80BA
S31508031A100E9B009ACDF838B013449B46C246774BC3
S31508031A20002230463946D6F7C9FE89468046DEF790
S31508031A3055FD0746D6F758FE303702460B4640464D
S31508031A404946D6F703FD0AF8017BDA4506460F46EB
S31508031A50E5D1DA46DDF838B0694B59EC188B002224
S31508031A6018EE100A4946D6F7F3FC32463B46DEF72C
S31508031A701DFA00286DD118EE102A4B46604900203E
S31508031A80D6F7E4FC32463B46DEF72EFA00283FF447
S31508031A9069ABD1460AF1FF3A19F8013C302BF8D065
S31508031AA0109B0133059303E5129BC3F136039AE6AC
S31508031AB0079B002B3FF4A1AE0F9B002B7FF752AB7E
S31508031AC0059A0E93013A4D4B10921AEE100A3946AF
S31508031AD00022D6F773FE024616460F460AF10100A0
S31508031AE0D6F702FE32463B46D6F768FE454B00223A
S31508031AF0D6F7AEFC47EC1A6B8046A1F15079FFF78F
S31508031B009BBA4FF0020AB0EE49AAF0EE69AAFFF7AC
S31508031B106FBA059B013305933123FFF717BB059B63
S31508031B20BB4601330593392337460BF8013B464633
S31508031B309EE44FF0000A56460BE698462DE4AA465D
S31508031B4018EE104A1AEE105A109B01330593D14624
S31508031B50AEE4109B009A0593FFF7F1BA7FF4CEAE75
S31508031B60DA077FF5CBAEC4E6392BD8D0B9F1000F27
S31508031B703FF7C2AEC2E6019B022B3FF7D5ADCDF8C0
S31508031B80149060E5C24667E7019B022B3FF7CCAD8D
S31508031B900F9BCDF814900793D6E44FF0020AFFF78C
S31508031BA027BA194B0093FFF7D9B83FF40EACC0F127
S31508031BB03C0094E4002666643146204600F0E0F9CA
S31508031BC0009068B9114B124800224FF4D571DFF71C
S31508031BD0F1FA0E4B0E483A4640F2EA21DFF7EAFAE3
S31508031BE0009B236401224FF0FF3309960F930A9251
S31508031BF00793FFF7B7BA00BFA87D03080000244080
S31508031C000000E03F00001C405C7C0308687C030876
S31508031C107C7C030870B500294BD006460C4610B1E8
S31508031C20836B002B48D0636ED80734D5B4F90C30D0
S31508031C30002B3ED02146304600F052F8E36A0546AB
S31508031C4033B1E169304698470028B8BF4FF0FF35EE
S31508031C50A3891A063BD4216B41B104F14003994287
S31508031C6002D03046DFF76CFA00232363616C21B197
S31508031C703046DFF765FA00236364FAF7F9FD636E06
S31508031C800022DB07A28127D5A06DFBF781F8FAF7B7
S31508031C90F5FD284670BDA3899905CBD4A06DFBF73E
S31508031CA079F8B4F90C30002BC4D1656E15F001052B
S31508031CB008D00025284670BDFAF754FD636ED80789
S31508031CC0B4D4E8E7A06DFBF767F8284670BD216929
S31508031CD03046DFF735FABEE7A06DFBF75DF8D3E7C5
S31508031CE0B1F90C202DE9F0410C461107804647D47B
S31508031CF0636842F40062002BA2815EDDA56A002DAB
S31508031D0058D00023D8F80060C8F8003093B212F40C
S31508031D10805256D10123E1694046A847431C67D040
S31508031D20A389A56A5F0705D56368C01A236B0BB138
S31508031D30E36BC01AE169024600234046A847411CE3
S31508031D4041D1D8F80030002B3DD01D2B01D0162BDE
S31508031D5056D1A3892269226023F4006300216160B6
S31508031D60A381216BC8F8006021B304F140039942AB
S31508031D7002D04046DFF7E4F900202063BDE8F0818E
S31508031D802669BEB193B2256826609A070CBF6369B4
S31508031D900023AD1BA3600BE02B463246E169676A55
S31508031DA04046B847B0F1000CA5EB0C05664417DDB1
S31508031DB0002DF1DC0020BDE8F081E36B002B9DDCF0
S31508031DC0F8E7206DAEE7B4F90C302269226023F4F4
S31508031DD00063A3810022DB046260C2D52065C0E7E5
S31508031DE0A38943F040034FF0FF30A381BDE8F08198
S31508031DF0D8F80030002B93D01D2B06D0162B04D011
S31508031E00A38943F04003A381D5E7C8F80060D1E767
S31508031E1038B50C46054608B1836BA3B1B4F90C0073
S31508031E20B8B1636EDB0701D4810515D5284621466B
S31508031E30FFF756FF636EDA07054602D4A3899B05A7
S31508031E400ED5284638BDFAF78DFCB4F90C000028E0
S31508031E50E7D10546284638BDA06DFAF79BFFE5E7A7
S31508031E60A06DFAF799FF284638BD00BF00487047AA
S31508031E706009002038B50C46084D844611462046AD
S31508031E801A4600232B606446DFF7DAF8431C00D0B2
S31508031E9038BD2B68002BFBD0236038BD148F012077
S31508031EA02DE9F0418B890C46990796B008D504F1BC
S31508031EB043030122C4E90432236016B0BDE8F08166
S31508031EC0B4F90E100029064627DB6A4600F016FE0B
S31508031ED0002821DB019D05F47045A5F50055B5FAE3
S31508031EE085F54FF480686D094FF40067414630461F
S31508031EF0DFF7FCF8B4F90C30F0B1204AF26343F08B
S31508031F008003C4F81480A3812060206135BB3B435A
S31508031F10A38116B0BDE8F081A38913F0800519D013
S31508031F204FF0400841463046DFF7E0F80025B4F99C
S31508031F300C302F460028E0D19A05BED423F00303BC
S31508031F4004F1430243F002030121C4E90421A381F6
S31508031F502260B2E74FF480682F46C7E7B4F90E103C
S31508031F60304600F0E1FD10B9B4F90C30CFE7A38988
S31508031F7023F0030343F001031BB2C8E759C702085A
S31508031F80C36C70B505460C464BB153F8240080B1B3
S31508031F90026843F824200023C0E9033370BD2122D5
S31508031FA0042100F0E7FC0346E8640028EDD100208D
S31508031FB070BD012101FA04F6721D9200284600F04D
S31508031FC0D9FC0028F3D0C0E90146E4E731B1C36C74
S31508031FD04A6853F82200086043F82210704700BF86
S31508031FE0F0B50C69064683B00D4601F1140E0020C0
S31508031FF0DEF800101FFA81FC02FB0C334FEA134C80
S31508032000090C02FB01CC01309BB203EB0C4384425F
S315080320104EF8043B4FEA1C43EADC3BB1AA68A242EA
S3150803202007DD05EB8402013453612C61284603B0AE
S31508032030F0BD6968019301313046FFF7A1FF019BA3
S315080320400746B8B12A690193023205F10C019200D9
S315080320500C30DDF7BDFFF26C6968019B52F821006D
S31508032060286042F821503D4605EB8402013453614A
S315080320702C61DBE7024B03483A46B521DFF79AF8AA
S31508032080687C0308FC7C0308030C1B04D3B900040F
S31508032090102310F07F4F04BF0002083310F0704F6F
S315080320A004BF0001043310F0404F04BF800002331D
S315080320B0002805DB10F0804F03F1010308BF202336
S315080320C0184670470023E4E7036813F0070201463E
S315080320D007D0DA071FD4980721D55B080B600120C0
S315080320E0704798B2A0B11046DAB20AB908301B0A8B
S315080320F01A0704BF1B0904309A0704BF9B0802305A
S31508032100DA0703D45B0800F1010006D00B607047B9
S315080321101B0C1020E8E700207047202070479B0817
S315080321200B600220704700BF38B5C36C04460D46E2
S315080321304BB15868B0B102685A6000220123C0E95E
S315080321400435C26038BD2122042100F013FC03467E
S31508032150E0640028EDD1094B094800224FF4A07129
S31508032160DFF728F81C220121204600F003FC00288B
S31508032170F1D001220223C0E90123DEE7687C0308C4
S31508032180FC7C03082DE9F04F0E691569AE4285B04C
S315080321908846144605DB2A46234635460C46164624
S315080321A09846A3686168AF19BB42B8BF0131FFF708
S315080321B0E7FE0190002800F08780019B03F11409CC
S315080321C009EB870AD14505D24B46002243F8042B6F
S315080321D09A45FBD808F1140808EB860B04F1140397
S315080321E0D8451A4603EB85055FD22B1B153B23F00F
S315080321F0030304331534A54238BF0423CDE902A7E4
S31508032200AC461F46924605E0000C29D1C34509F1A1
S31508032210040948D958F8040B85B2002DF4D056465C
S315080322204C46002356F8040B216882B21FFA81FE36
S3150803223005FB02EE000C0A0C734405FB002202EBB5
S3150803224013429BB243EA0243B44544F8043B4FEABC
S315080322501243E7D849F8073058F8040C000CD5D0D0
S31508032260D9F80030544619464D4600222688090CEB
S3150803227000FB06110A449BB243EA024345F8043BB2
S3150803228054F8046B2968360C8BB200FB063303EB50
S315080322901243A4454FEA1342E8D8C34549F8073021
S315080322A009F10409B6D8DDE902A7002F02DC05E027
S315080322B0013F03D05AF8043D002BF9D0019B184679
S315080322C01F6105B0BDE8F08F034B0448019A40F23D
S315080322D05D11DEF76FFF00BF687C0308FC7C03080B
S315080322E012F003032DE9F0411446064632D10D4692
S315080322F0A41020D0D6F84880B8F1000F33D0E307EE
S315080323004FF0000707D4641015D0D8F80000A8B119
S315080323108046E307F7D5424629463046FFF732FF9C
S31508032320B5B16968F36C641053F821202A6043F841
S3150803233021500546E9D12846BDE8F0814246414683
S315080323403046FFF71FFFC8F8000007608046E0E73E
S315080323500546D8E7013B0F4A52F823200023FFF727
S315080323603FFE0546C4E701213046FFF709FE8046CE
S3150803237040B1012340F27122C0E904320023B0645C
S315080323800360BCE7044B054842464FF4A071DEF7E9
S3150803239011FF00BF707E0308687C0308FC7C0308F2
S315080323A02DE9F0470C4690462669A368496806EB6B
S315080323B06216751C9D4207464FEA621904DD5B00E7
S315080323C09D4201F10101FADC3846FFF7D9FD84463F
S315080323D0002851D0B9F1000F00F114000EDD09F100
S315080323E005024FEA820E03460CEB8202002143F8EC
S315080323F0041B9342FBD1AEF114031844216904F17B
S31508032400140318F01F0803EB81012DD0C8F1200926
S3150803241086464FF0000A1A6802FA08F242EA0A02E6
S315080324204EF8042B53F8042B994222FA09FAF2D8E8
S315080324300B1B153B23F00303043304F115029142E6
S3150803244038BF0423BAF1000F18BF2E4640F803A07D
S31508032450FB6C6268CCF8106053F822102160604662
S3150803246043F82240BDE8F087043853F8042B40F8B4
S31508032470042F9942F9D8EBE7034B0448624640F226
S31508032480D911DEF797FE00BF687C0308FC7C0308B6
S315080324900B6984460069C01A16D10CF1140C143161
S315080324A00CEB830210B401EB830301E0944508D2D5
S315080324B052F8044D53F8041D8C42F7D005D24FF059
S315080324C0FF305DF8044B7047704701205DF8044BF5
S315080324D0704700BF2DE9F84F0F691369FF1A002FDC
S315080324E00E4690467AD101F11405143202EB8302A3
S315080324F005EB830301E09D4273D253F8041D52F89A
S31508032500044DA142F7D064D37168FFF739FD8146BC
S31508032510002872D03569D8F81020C76008F1140E60
S3150803252006F1140009F1140A06F1100C0EEB8202E7
S3150803253000EB8507564600215EF8044B5CF804BF9A
S31508032540A3B211FA8BF1CB1A210CC1EB1B4101EB98
S3150803255023419BB243EA0143724546F8043B4FEADB
S315080325602141E9D8A2EB0804153C08F115084245B0
S3150803257024F0030606F1040638BF0426304424F083
S31508032580030238BF002287425244B24416D956463C
S31508032590044654F8043B11FA83F10A1402EB134276
S315080325A089B241EA0243A74246F8043B4FEA22416D
S315080325B0EFD87A1E101A20F00302524423B952F8B0
S315080325C0043D013D002BFAD0C9F810504846BDE832
S315080325D0F88F334601274646984695E7F9DB0027E1
S315080325E092E70021FFF7CCFC814668B1012200235C
S315080325F0C9E904234846BDE8F88F074B07484A4606
S315080326004FF41071DEF7D6FD034B04484A4640F2F1
S315080326103221DEF7CFFD00BF687C0308FC7C030884
S315080326202DE9F043884683B0012157EC106B154614
S31508032630FFF7A6FC044600284FD0C7F30A59C7F389
S315080326401303B9F1000F01D043F48013002E01934D
S3150803265024D068460096FFF737FD002839D0DDE910
S315080326600013C0F1200203FA02F20A43C34062616F
S315080326700193002B14BF02220122A3612261B9F13F
S31508032680000F16D0A9F233430344C0F13500C8F846
S3150803269000302860204603B0BDE8F08301A8FFF7A1
S315080326A013FD019B6361012220302261B9F1000FFA
S315080326B0E8D104EB8203A0F23240C8F80000186997
S315080326C0FFF7E2FCC0EB42102860204603B0BDE8E2
S315080326D0F083009B6361019BCBE7034B03482246C8
S315080326E040F20A31DEF766FD687C0308FC7C0308C2
S315080326F038B50C46084D8446114620461A4600232B
S315080327002B606446DEF7BEFC431C00D038BD2B683D
S31508032710002BFBD0236038BD148F012053EC102BFC
S3150803272070B5164E23F000410025B14204460560F4
S3150803273021DC10EE106A0E431DD0114E1E401846BA
S3150803274066B91946002210EE100A0E4BD6F736F86C
S315080327506FF035050246084621F0004120F0FF4098
S31508032760091520F4E000A1F2FE3140F07F53294415
S3150803277043F40013216043EC102B70BDFFFFEF7F7A
S315080327800000F07F0000504330B540EA0104A30778
S3150803279001D1032A0FD8844601F1FF3E07E01EF84C
S315080327A0011F03F8011B541EC1B19C46224663460A
S315080327B0002AF4D130BD0B468446194653F8045B08
S315080327C0A5F1013424EA050414F0803FE4D1043A60
S315080327D0032A4CF8045B1946EFD8DDE76244002C5C
S315080327E0E8D003F8011B9342FBD130BD2DE9F04F26
S315080327F0936883B09146002B6ED017688D68804620
S315080328000C460868083744E0A38913F4906F2ED062
S31508032810D4E90415A0EB010A05EB450505EBD575C7
S315080328200AEB06006D100130A8422A4684BF054606
S315080328302A465B0537D511464046DEF757FC00287E
S315080328403BD0524621690190DDF7C2FBA289019B61
S3150803285022F4906242F08002A281A5EB0A0203EBFE
S315080328600A006561A260236120603546B24659466F
S315080328705246FAF7D5FAA068D9F808102368451B13
S315080328808E1B03EB0A00A5602060C9F808601EB317
S31508032890083757E902B6002EFAD0B542AA46B3D985
S315080328A03546B246E3E74046DEF734FC03460028DE
S315080328B0D3D121694046DEF743FC0C23C8F8003020
S315080328C0A389002243F040034FF0FF30A381C9E9EF
S315080328D0012203B0BDE8F08F0020C9F8040003B055
S315080328E0BDE8F08F2DE9F84F4B6E9C0490462DD525
S315080328F09368126843B38B46064602F1080959E9F9
S31508032900025A5FEA9A0715D0043D002401E0A7425C
S315080329100ED055F8041F5A46304600F0BBF8431C40
S3150803292004F10104F3D10023C8E90133BDE8F88FA4
S31508032930D8F808302AF0030AA3EB0A03C8F80830C4
S3150803294009F10809002BDAD10020ECE7FAF71EF89B
S315080329500023C8E90133BDE8F88F00BF10B49468B3
S315080329601CB15DF8044BFFF7BDBF204654605DF804
S31508032970044B704738B5A1FB02148CBBDEF7B6FBD4
S315080329800546E0B150F8042C22F00302043A242A3F
S3150803299017D8132A1AD91B2AC0E900441DD9242A91
S315080329A014BF00F1100200F118024FF00003C0E94A
S315080329B0024404BF04614461C2E9003393602846B4
S315080329C038BD2146FAF7A8FA284638BD0246002339
S315080329D0C2E900339360284638BD00F10802F6E7DA
S315080329E0F9F7B4FE0C2300250360E8E72DE9F04761
S315080329F082B082468846144600F0A8F8012803D117
S31508032A0008F1FF33FE2B36D9424604F15C0301A9CC
S31508032A10504600F0B7F8421C064632D030B39DF84C
S31508032A2004C00DF10509002509E023685A1C226034
S31508032A3083F800C00135B54218D219F801CBA3684B
S31508032A40013B002BA360F0DAA769BB426146224625
S31508032A50504602DBBCF10A0FE7D1FDF7BDFF431C65
S31508032A60E8D10646304602B0BDE8F087464630460A
S31508032A7002B0BDE8F0875FFA88FC8DF804C0064605
S31508032A80CFE7A389304643F04003A38102B0BDE8EC
S31508032A90F08700BF30B5536E13F0010FB2F90C304F
S31508032AA0144683B005469AB201D198051CD59004FD
S31508032AB006D4626E43F4005342F40052A38162665D
S31508032AC022462846FFF792FF636EDA07054602D4C5
S31508032AD0A3899B0502D5284603B030BDA06DFAF736
S31508032AE05BF9284603B030BDA06D0191FAF752F998
S31508032AF0B4F90C3001999AB2D9E700BF70B50C4600
S31508032B00084D03460026204611461C462E60DEF76E
S31508032B107DFA431C00D070BD2B68002BFBD02360C5
S31508032B2070BD00BF148F012038B5074D0022044637
S31508032B3008462A60DEF786FA431C00D038BD2B68A0
S31508032B40002BFBD0236038BD148F0120014B93F86B
S31508032B50280170477008002082B049B15AB16BB199
S31508032B6013780B601278101E18BF012002B0704745
S31508032B7001A9002AF3D1104602B070476FF001008D
S31508032B80F4E700BF70B5054684B01C4639B10B4E51
S31508032B90D6F8E060B047431C09D004B070BD0A46B6
S31508032BA00649D1F8E06001A9B047431CF5D10022D4
S31508032BB08A2322602B6004B070BD00BF7008002012
S31508032BC049B1FF2A02D80A70012070478A23036095
S31108032BD04FF0FF3070470846704700BFFF
S31508032BE00000000000001000800000805F9B34FB9B
S31508032BF0292A242A252A272A262A282A232A2A2A40
S31508032C00502A0000740000008873030803000000BC
S31508032C10887303080300000000000000000000009A
S31508032C2061000000B47603080E000000B4760308BA
S31508032C300E000000C47603080900000062000000C5
S31508032C40D076030811000000D076030811000000AF
S31508032C50E47603080C00000073000000F47603080A
S31508032C600B0000000077030846000000E47603081B
S31508032C700C00000069000000487703080C000000F8
S31508032C8058770308310000008C7703080D0000000D
S31508032C906F0000009C7703080C000000AC7703085C
S31508032CA031000000E07703080D000000640000000F
S31508032CB0F07703080D0000000078030832000000CF
S31508032CC0347803080E000000847A03080B0000001A
S31508032CD0847A03080B00000000000000907A0308BA
S31508032CE004000000987A03080700000007000000A4
S31508032CF0A07A030804000000A87A03080400000069
S31508032D0000000000B07A030806000000B07A030842
S31508032D100600000008000000B87A03080B0000004C
S31508032D20B87A03080B00000008000000C47A0308F9
S31508032D3005000000C47A0308050000000800000027
S31508032D40CC7A03080A000000CC7A03080A000000BC
S31508032D5008000000D87A03080D000000D87A030893
S31508032D600D00000000000000E87A030803000000D5
S31508032D70E87A03080300000001000000EC7A030860
S31508032D800C000000FC7A030808000000020000009B
S31508032D900000000000000000000000000000000022
S31508032DA000000000087B030804000000087B0308F2
S31508032DB00400000003000000107B03080D00000058
S31508032DC0107B03080D00000004000000207B0308A5
S31508032DD008000000207B030808000000000000002C
S31508032DE02C7B0308110000002C7B0308110000004C
S31508032DF000000000000000000000000000000000C2
S31508032E0000000000000000000000000000000000B1
S31508032E1000000000000000000000000000000000A1
S31508032E200000000000000000000000000000000091
S31508032E30407B030805000000407B030805000000EB
S31508032E4000000000487B03080E000000487B0308C7
S31508032E500E00000000000000000000000000000053
S31508032E60000000000000000000000000587B030873
S31508032E7004000000587B0308040000000900000052
S31508032E80607B030807000000A07A0308040000001B
S31508032E9000000000687B030809000000087B03089C
S31508032EA00400000005000000747B030812000000FC
S31508032EB0747B03081200000006000000B0750308BF
S31508032EC003000000B07503080300000000000000BB
S31508032ED0887B030809000000887B030809000000B3
S31508032EE000000000947B030809000000947B030894
S31508032EF00900000000000000A07B03080A00000088
S31508032F00A07B03080A00000000000000AC7B03084E
S31508032F1004000000AC7B030804000000080000005E
S31508032F20B47B030807000000B47B0308070000000E
S31508032F3000000000BC7B030808000000BC7B0308F4
S31508032F400800000000000000C87B03080800000012
S31508032F50C87B030808000000000000008C73030800
S31508032F60110000008C730308110000000000000024
S31508032F7044780308487803080200000002000000AA
S31508032F804C7803085078030801000000020000008B
S31508032F90547803087876030802000000020000004C
S31508032FA0587803085C780308010000000100000054
S31508032FB0607803085C78030801000000020000003B
S31508032FC06478030868780308080000000100000015
S31508032FD074780308787803080900000001000000E4
S31508032FE084780308687803080800000001000000D5
S31508032FF0887803088C7803080A000000020000009A
S31508033000987803089C780308020000000200000071
S31508033010A0780308A4780308010000000200000052
S31508033020A8780308AC780308010000000100000033
S31508033030B0780308B4780308020000000200000011
S31508033040B8780308BC7803080900000001000000EB
S31508033050C8780308CC7803080C00000002000000B7
S31508033060DC780308E078030801000000010000008B
S31508033070E4780308E8780308070000000100000065
S31508033080F0780308F4780308020000000200000041
S31508033090F8780308407A03080100000002000000DC
S315080330A0FC78030800790308010000000200000009
S315080330B004790308087903080200000002000000E7
S315080330C00C790308107903080100000002000000C8
S315080330D014790308187903080200000002000000A7
S315080330E01C790308B07503080300000003000000F9
S315080330F020790308B07503080300000003000000E5
S3150803310024790308B07503080300000002000000D1
S3150803311028790308B07503080300000002000000BD
S315080331202C79030830790308020000000200000026
S3150803313034790308A873030802000000010000009D
S3150803314038790308887703080100000002000000A5
S315080331503C790308407903080200000002000000D6
S3150803316044790308487903080300000002000000B5
S31508033170B47A03084C790308020000000200000031
S3150803318050790308547903080B0000000100000076
S31508033190607903086479030802000000020000004E
S315080331A0687903086C79030801000000020000002F
S315080331B0707903087479030802000000020000000E
S315080331C0787903087C7903080200000002000000EE
S315080331D080790308847903080100000002000000CF
S315080331E088790308E078030801000000020000005C
S315080331F08C79030890790308020000000100000097
S315080332009479030898790308050000000300000071
S31508033210A0790308A479030802000000020000004D
S31508033220847B030884790308010000000100000079
S31508033230A8790308AC79030801000000010000001F
S31508033240B0790308B47903080300000003000000FB
S31508033250B8790308BC7903080200000002000000DD
S31508033260C0790308C47903080200000002000000BD
S31508033270C0760308C87903080100000002000000AD
S31508033280CC790308D0790308020000000200000085
S31508033290D4790308D8790308010000000200000066
S315080332A0DC790308E0790308030000000200000044
S315080332B0E4790308E8790308020000000100000026
S315080332C0EC790308D879030801000000010000001F
S315080332D0F0790308F47903080200000002000000ED
S315080332E068750308F8790308010000000300000065
S315080332F0FC790308007A03080200000002000000B4
S31508033300047A0308087A0308030000000200000091
S315080333100C7A0308107A0308100000000200000064
S31508033320247A0308287A0308010000000200000033
S315080333302C7A0308307A0308020000000200000012
S31508033340347A0308387A03080900000001000000EC
S31508033350447A0308387A03080900000001000000CC
S31508033360487A03084C7A03080B00000002000000A1
S31508033370587A03085C7A0308030000000200000079
S3150803338094780308607A0308070000000100000028
S31508033390687A0308607A0308070000000100000042
S315080333A06C7A0308707A0308050000000000000021
S315080333B0787A03087C7A03080600000001000000F7
S315080333C000000000000000000000000000000000EC
S315080333D025733A25753A20417373657274696F6E5E
S315080333E02060257327206661696C65642E070000D3
S315080333F02564206D65737361676573206172652043
S315080334006C6F73742E00000030313233343536371F
S3150803341038394142434445460000000030313233CF
S3150803342034353637383900003031323334353637A8
S315080334303839616263646566000000004469737421
S31508033440616E63653A202564206D6D005379737444
S31508033450656D204372656174656400005472616327
S31508033460657220537461727465640000E383A9E38B
S3150803347082A4E383B3E38388E383ACE28095E382A0
S31508033480B9E4B8AD000000004C6566742042757453
S31508033490746F6E2050726573736564006D4C656650
S315080334A074576865656C3A25640A00006D52696746
S315080334B06874576865656C3A25640A00E5B7A6E338
S315080334C083A9E382A4E383B3E8B5B0E8A18CE381D7
S315080334D0A7E38199000000007475726E3A25660A9F
S315080334E00000000077616974000000000A6D5374D8
S315080334F06174653A25640A00646966663A252E325C
S31508033500660A0000646572697661746976653A25A8
S315080335102E32660A0000000073756D446966663AC2
S31508033520252E32660A0000002F686F6D652F6D61C0
S315080335307473756F6B612F6574726F626F2F737017
S31508033540696B652D72742F617370332F2E2E2F645A
S315080335507269766572732F6E65776C69625F7374C9
S3150803356075622E63000000006E65776C69625F748E
S315080335706C736620213D204E554C4C00507962727F
S3150803358069636B73206D61696E207461736B207355
S315080335907461727400000000417373657274696F15
S315080335A06E2027257327206661696C65642C206164
S315080335B0742066696C652025733A25640A00000041
S315080335C004000000020000000300000004000000DD
S315080335D00500000006000000070000005436030833
S315080335E0443603084C360308DC3503080300000099
S315080335F0200000003F0000001F00000020A000205C
S3150803360010270000E80300004C65676F20535049F4
S315080336104B45205072696D65204875622853544D91
S31508033620333246343133564754363A41524D2043A2
S315080336306F727465782D4D34290000000836030827
S3150803364054370308B036030848A40020B0360308E5
S3150803365070A40020B036030820A40020C836030847
S31508033660C8350308C435030800010000000100003B
S31508033670B0A60020B0A70020E4360308D035030817
S31508033680CC350308000100000001000098A40020BF
S3150803369098A5002000370308D8350308D43503084E
S315080336A00A0000000A00000098A60020A4A600202D
S315080336B01D120108251201082D12010835120108E9
S315080336C03D12010845120108D03603080000000020
S315080336D0791201087D120108811201088512010871
S315080336E08D120108EC360308000000009912010840
S315080336F09D120108A1120108A5120108AD120108BD
S315080337000837030800000000BD120108C1120108AA
S31508033710C5120108C9120108D11201085379737435
S31508033720656D206C6F6767696E67207461736B20BC
S31508033730697320737461727465642E002D2D20627B
S3150803374075666665726564206D657373616765730F
S31508033750202D2D0A000000000A544F50504552539D
S315080337602F41535033204B65726E656C2052656C3E
S31508033770656173652025642E25582E256420666F9A
S315080337807220257320284A756C202038203230325F
S31508033790362C2031373A35383A3034290A436F7094
S315080337A07972696768742028432920323030302DAE
S315080337B03230303320627920456D6265646465640E
S315080337C020616E64205265616C2D54696D652053C2
S315080337D0797374656D73204C61626F7261746F726D
S315080337E0790A202020202020202020202020202085
S315080337F02020202020202020202020202020546F35
S31508033800796F686173686920556E69762E206F66CD
S3150803381020546563686E6F6C6F67792C204A415034
S31508033820414E0A436F707972696768742028432981
S3150803383020323030342D3230323220627920456DD1
S3150803384062656464656420616E64205265616C2DEB
S3150803385054696D652053797374656D73204C616281
S315080338606F7261746F72790A20202020202020202D
S31508033870202020204772616475617465205363684C
S315080338806F6F6C206F6620496E666F726D6174691F
S315080338906F6E20536369656E63652C204E61676F8F
S315080338A0796120556E69762E2C204A4150414E0A7D
S315080338B0257300007265726364203A2025640A0042
S315080338C0008000C483005E80300D08000C030000EE
S315080338D000000000000000000000000000000000D7
S315080338E002000000000000003D530108E803000041
S315080338F0000000000000000006000000D11C0108BB
S315080339001027000000000000452A0108452A01087F
S31508033910452A0108452A0108452A0108452A0108B6
S31508033920452A0108452A0108452A0108452A0108A6
S31508033930452A0108452A0108452A0108452A010896
S31508033940452A0108D92701087D2A01087D2A010885
S315080339507D2A01087D2A01087D2A01087D2A010896
S315080339607D2A01087D2A01087D2A01087D2A010886
S31508033970F55F01087D2A01087D2A01087D2A0108C9
S315080339800B620108076201082D600108355F01080B
S315080339907D2A01087D2A01087D2A01087D2A010856
S315080339A07D2A0108B16201087D2A01087D2A0108DA
S315080339B07D2A01087D2A01087D2A01087D2A010836
S315080339C07D2A01087D2A01087D2A0108F15F01087D
S315080339D0ED5F0108FD610108036201087D2A0108FC
S315080339E03D5F01087D2A01087D2A01087D2A010811
S315080339F07D2A01087D2A01087D2A01087D2A0108F6
S31508033A007D2A0108395F01087D2A01087D2A0108F4
S31508033A107D2A01087D2A01083160010837600108FB
S31508033A207D2A01087D2A0108596101087D2A0108B2
S31508033A305D610108636101087D2A01087D2A010881
S31508033A407D2A01087D2A01087D2A01087D2A0108A5
S31508033A507D2A0108AD6201087D2A01087D2A01082D
S31508033A607D2A01087D2A01087D2A01087D2A010885
S31508033A707D2A01087D2A01087D2A01087D2A010875
S31508033A807D2A01087D2A01087D2A01087D2A010865
S31508033A903D600108436001087D2A01087D2A010863
S31508033AA07D2A01087D2A0108496001084F6001083B
S31508033AB07D2A01087D2A01087D2A01087D2A010835
S31508033AC07D2A01087D2A01087D2A01087D2A010825
S31508033AD07D2A01087D2A01087D2A01087D2A010815
S31508033AE0A127010800000000A91001080000000032
S31508033AF0E1120108000000000F00000001000000A9
S31508033B00FEFFFFFF1E00000000000000F6FFFFFF98
S31508033B101F00000000000000F6FFFFFF2000000062
S31508033B2000000000F5FFFFFF210000000000000071
S31508033B30F2FFFFFF3F00000000000000F2FFFFFF57
S31508033B404800000000000000F8FFFFFF4A000000DD
S31508033B5000000000F8FFFFFF4B0000000000000014
S31508033B60F8FFFFFF3600000000000000F2FFFFFF2A
S31508033B704400000000000000F1FFFFFF45000000BD
S31508033B8000000000F1FFFFFF6200000000000000D4
S31508033B90F1FFFFFF6300000000000000F1FFFFFFD5
S31508033BA06800000000000000F1FFFFFF6900000045
S31508033BB000000000F1FFFFFF3300000000000000D3
S31508033BC0F8FFFFFF3400000000000000F7FFFFFFC7
S31508033BD05300000000000000F7FFFFFF320000005B
S31508033BE000000000F4FFFFFF3100000000000000A2
S31508033BF0F4FFFFFF1A00000000000000F4FFFFFFB8
S31508033C002700000000000000F7FFFFFFE8A80020D8
S31508033C10E8B80020010000000100000001000000D0
S31508033C200000000000000000010000000000000082
S31508033C300100000001000000000000000000000071
S31508033C400100000000000000010000000100000060
S31508033C500000000000000000010000000000000052
S31508033C600100000001000000E51201080000000041
S31508033C70CD27010800000000010000000000000035
S31508033C80911101080300000058E900205809012092
S31508033C900100000000000000A52101080300000040
S31508033CA058B9002058C90020010000000000000090
S31508033CB0D52101080400000058C9002058D900205E
S31508033CC001000000C0350308DD12010803000000E7
S31508033CD0581901205829012001000000000000009E
S31508033CE0150A01080400000058D9002058E90020E5
S31508033CF00000000000000000CD0B010805000000CD
S31508033D005809012058190120020000000700000085
S31508033D100600000017000000000000000300000072
S31508033D20020000000100000002000000030000007A
S31508033D300400000005000000060000000000000063
S31508033D40000000000102030406070809000000003A
S31508033D50010203040000000018ED00E01CED00E07A
S31508033D6020ED00E0000000000008080800080A0A21
S31508033D700000000A1F0A1F0A0E190E130E19120451
S31508033D8009130C120C120D08080000000408080891
S31508033D90040804040408000A040A0000040E0400C4
S31508033DA0000000040800000E0000000000080001DF
S31508033DB0020408100C1212120C040C04040E1C0242
S31508033DC00C101E1E0204120C060A121F021F101ED6
S31508033DD0011E02040E110E1F020408100E110E1105
S31508033DE00E0E110E0408000800080000040004085B
S31508033DF00204080402000E000E0008040204080E5A
S31508033E00110600040E1115130C0C121E12121C12A5
S31508033E101C121C0E1010100E1C1212121C1E101C43
S31508033E20101E1E101C10100E1013110E12121E1245
S31508033E30121C0808081C1F0202120C12141814126A
S31508033E40101010101E111B15111111191513110C31
S31508033E501212120C1C121C10100C12120C061C1235
S31508033E601C12110E100C021C1F0404040412121255
S31508033E70120C1111110A041111151B1112120C122D
S31508033E8012110A0404041E0408101E0E0808080E5C
S31508033E9010080402010E0202020E040A00000000C2
S31508033EA00000001F0804000000000E12120F101075
S31508033EB01C121C000E10100E02020E120E0C121CFF
S31508033EC0100E06081C08080E120E020C10101C12FF
S31508033ED0120800080808020002020C10141814122B
S31508033EE00808080806001B151111001C12121200F7
S31508033EF00C12120C001C121C10000E120E02000EDD
S31508033F00101010000608041808080E0807001212F5
S31508033F10120F0011110A04001111151B00120C0CC3
S31508033F201200110A0418001E04081E06040C0406CF
S31508033F30080808080818080C081800000C030000ED
S31508033F400001000200010003000100020001003322
S31508033F502E322E3300312E322E3000020106110680
S31508033F60EFAEE451806DF489DA4680820100F5C527
S31508033F70020A00000000000000C20100C0C62D00AE
S31508033F80010000000000000000000000010A000212
S31508033F90000100002800180D000200020003280291
S31508033FA00300002A080002010300002A0A0002008F
S31508033FB0040000280A180D0002000500032802065B
S31508033FC000262A080002010600262A0D0002000719
S31508033FD0000328020800282A080002010800282AE4
S31508033FE00D00020009000328020A00502A080002ED
S31508033FF0010A00502A180002000B000028EFAEE45D
S3150803400051806DF489DA4680820100F5C51B0002EA
S31508034010000C000328180D00EFAEE451806DF489F7
S31508034020DA4680820200F5C5160008030D00EFAED6
S31508034030E451806DF489DA4680820200F5C50A00E8
S315080340400E010E00022900001B0002000F000328C0
S31508034050021000EFAEE451806DF489DA46808203DC
S3150803406000F5C5160002031000EFAEE451806DF4A7
S3150803407089DA4680820300F5C5180002001100009C
S31508034080289ECADC240EE5A9E093F3A3B5010040F4
S315080340906E1B000200120003280C13009ECADC24C0
S315080340A00EE5A9E093F3A3B50200406E16000C03D0
S315080340B013009ECADC240EE5A9E093F3A3B5020018
S315080340C0406E1B000200140003281015009ECADC6C
S315080340D0240EE5A9E093F3A3B50300406E1600008A
S315080340E00315009ECADC240EE5A9E093F3A3B503E2
S315080340F000406E0A000E011600022900000000693E
S315080341006F706F72742D3E636F6E6E65637465644C
S315080341105F747970655F6964203C205042494F5F3C
S31508034120494F4445565F545950455F49445F4C507F
S3150803413046325F554E4B4E4F574E5F5541525400CC
S315080341402E2E2F2E2E2F6C69622F7062696F2F64A5
S3150803415072762F696F706F72742F696F706F7274CE
S315080341605F6C7066322E6300492F4F20706F72742E
S315080341700070726F636573735F7468726561645FF9
S3150803418070626472765F696F706F72745F6C706663
S31508034190325F70726F63657373000000000000007E
S315080341A000000000000000000000000000000000FE
S315080341B000000000000000000000000000000000EE
S315080341C000000000000000000101010000000104D6
S315080341D002010100000001040000000000000000C5
S315080341E000000000000000000000000000000000BE
S315080341F000000000000000000000000000000000AE
S31508034200080101000000010409010100000001047E
S315080342100A0001000000010404030A020609010753
S3150803422008555342002624292E21251C272F151805
S315080342301D1F2D171A1B20221619281E23090000D5
S3150803424070600240000000000F0000005860024042
S31508034250000000000E0000000038004024000000A3
S31508034260000402400C0000000000024002000000A7
S31508034270F5570208852B020839540208107AFF1FDE
S31508034280107AFF1F00440040A0600240B860024055
S31508034290000000080000000C26112F00050F00047B
S315080342A0030601004101420243034404450546004F
S315080342B000580040000002400E000000000C0240B7
S315080342C007000000000C024008000000000002403E
S315080342D00A00000000100240080000000010024017
S315080342E00700000008000000000C02400900000057
S315080342F0000C02400A00000000000240080000000B
S31508034300000C024001000000000C024000000000FF
S315080343100B000000000C02400B00000000100240D6
S3150803432004000000001002400500000000100240CF
S315080343300100000000100240000000000800000011
S31508034340000802400F000000000802400E000000AB
S315080343500004024002000000000802400C000000AE
S31508034360000C02400200000008000000000802409A
S315080343700D000000001002400C000000000402407B
S315080343800500000000100240030000000010024070
S31508034390020000000B000000000802400B000000AA
S315080343A00010024006000000000802400500000055
S315080343B0000C02400F000000000C02400E00000033
S315080343C00B0000002542030819050000000304003A
S315080343D0E803AA00C800AE0036064701D04303081F
S315080343E00305050504050323D04303080405080547
S315080343F007050623D0430308010502050105002323
S31508034400D0430308020514051305122300100240BE
S315080344100900000001000100001002400B00000023
S3150803442001000200001002400D0000000100030015
S31508034430001002400E0000000100040000040240C0
S315080344400600000002020100000402400700000003
S3150803445002020200000402400800000002020300F0
S31508034460000402400900000002020400000802409A
S3150803447006000000020101000008024007000000D0
S3150803448002010200000802400800000002010300BE
S315080344900004024001000000020104003D5E010819
S315080344A0000001400800E803FF000000EF5E010872
S315080344B0000400400800E803FF000100ED5E010860
S315080344C0000800400800E803FF000200995E01089F
S315080344D00018004001000A0002000300655E010897
S315080344E0000401400100720B08000400415E010844
S315080344F0000C00400A006400010006000030014079
S315080345002300000040640240000000063A00000051
S3150803451058640240000000063B0000000000024009
S31508034520008005003A0E460C3F0B4A0A9109A1087A
S31508034530180808070400200F420DC10BC30AEA092D
S3150803454017095D08B10705000008024000040000CA
S315080345500074004000000000040000000010004042
S31508034560006CDC02886002400000000E10000000A8
S315080345700078004052000000004C00403400000060
S31508034580007C004053000000005000403500000046
S31508034590001C0140590000000018014058000000A3
S315080345A0000102030405556E6B6E6F776E20657204
S315080345B0726F7200496E76616C6964206172677501
S315080345C06D656E7400492F4F206572726F720044D1
S315080345D06576696365206F72207265736F7572639A
S315080345E065206275737900446576696365206E6F25
S315080345F07420636F6E6E6563746564004E6F742012
S31508034600696D706C656D656E746564004E6F7420B4
S31508034610737570706F72746564005472792061677C
S3150803462061696E206C6174657200496E76616C69A6
S3150803463064206F7065726174696F6E0054696D6585
S3150803464064206F75740043616E63656C656400006E
S31508034650A6450308B4450308C5450308CF4503081B
S31508034660E7450308FC4503080C4603081A460308EE
S315080346702A4603083C460308464603086D61782024
S315080346803E3D206D696E002E2E2F2E2E2F6C6962ED
S315080346902F7062696F2F7372632F696E745F6D6112
S315080346A074682E63006162735F6D6178203E203003
S315080346B00078203C202828696E7436345F742931C3
S315080346C029203C3C203437006320213D20300072EA
S315080346D06573756C74203D3D2028696E7436345FA6
S315080346E0742961202A2028696E7436345F74296216
S315080346F0202F2028696E7436345F7429630070622C
S31508034700696F5F696E745F6D6174685F6D756C74EC
S315080347105F7468656E5F646976007062696F5F6966
S315080347206E745F6D6174685F636C616D700070624F
S31508034730696F5F696E745F6D6174685F62696E64E1
S31508034740000000007002002018040020A4000020C6
S3150803475094000020000000000000000073657276D4
S315080347606F000000A6BB0200AD030000FC2CFBFF94
S31508034770B98F6F00A68B000008AC48FFF53F4600CB
S31508034780D72A0000506D050073E2F4FFC6F8FFFF51
S3150803479064310A00E17D0000932E000067290000BA
S315080347A0CC2B0300DB2B0000D007000069AF020007
S315080347B090030000AC8FFDFF1367570003590000F1
S315080347C0A1495EFD02125E0058320000EC2D02007C
S315080347D05BFAEAFF66F2FFFFEE200C00A9F500007C
S315080347E0DE170000B51A0000E8A701003E670000BF
S315080347F0DC0500005FAB020088030000431DFFFFD2
S315080348008CB07F008C670000840B0600571FCD0011
S315080348101162000074530100CFAFC7FFA2DBFFFF8D
S3150803482025E10E00830A0200380B00007F0700000B
S31508034830989D0000C75A0000A00F00002AB4020082
S31508034840A6030000617BFDFFBABB240077200000A6
S31508034850ED241000686571006C3800004A71030086
S3150803486071F9F1FFE4F6FFFF1C990900F6B9000098
S31508034870871F00000F1700004F7D0200A553000095
S31508034880D007000011BC0200BC0300006132FCFF24
S315080348905FC21D00F21D00000D3D71FF8F495600D2
S315080348A0B62D0000B15305003880F9FFC3FBFFFF9F
S315080348B0B7DB05003E57000033430000FA2F00001C
S315080348C020690500DE230000F4010000AFB10200F1
S315080348D094030000BB53FDFFFA917B00988B0000FD
S315080348E07AF08BFFF57C5300742F0000DB6402001B
S315080348F0DA6DECFF54F3FFFFBF200B0041D900002C
S31508034900FC1A0000211E000083C801005D32000066
S31508034910D0070000000016241212EFDE1623785F74
S31508034920EABCD123000016231212EFDE1623785FA2
S31508034930EABCD123000E130E810E0E80C5F50002C4
S31508034940828046DA89F46D8051E4AEEFC5F500033B
S31508034950828046DA89F46D8051E4AEEFC5F500012D
S31508034960828046DA89F46D8051E4AEEF7461736B25
S315080349702D3E73746174757320213D205042494F4F
S315080349805F4552524F525F414741494E002E2E2FE3
S315080349902E2E2F6C69622F7062696F2F7372632FC5
S315080349A07461736B2E6300287461736B2D3E737485
S315080349B061747573203D3D205042494F5F455252FD
S315080349C04F525F43414E43454C454429203D3D20C4
S315080349D07461736B2D3E63616E63656C0070626907
S315080349E06F5F7461736B5F72756E5F6F6E6365007D
S315080349F07062696F5F696E745F6D6174685F616227
S31508034A00732828612929203C3D20414343454C45C9
S31508034A10524154494F4E5F4D415820262620706215
S31508034A20696F5F696E745F6D6174685F616273282D
S31508034A3028612929203E3D20414343454C4552419F
S31508034A4054494F4E5F4D494E002E2E2F2E2E2F6C56
S31508034A5069622F7062696F2F7372632F7472616A4A
S31508034A606563746F72792E63007062696F5F696E2E
S31508034A70745F6D6174685F616273282877202F20DD
S31508034A80322929203C3D2053504545445F4D415822
S31508034A90202B203100287429203E3D20302026264D
S31508034AA020287429203C2054494D455F4D41580020
S31508034AB07062696F5F696E745F6D6174685F616266
S31508034AC0732828612929203C3D20414343454C4509
S31508034AD0524154494F4E5F4D415800287429203E90
S31508034AE03D203020262620287429203C2054494D71
S31508034AF0455F414343454C5F4D4158007062696FBA
S31508034B005F696E745F6D6174685F61627328287488
S31508034B10682929203C20414E474C455F4D415800A2
S31508034B202874696D6529203E3D20302026262028D5
S31508034B3074696D6529203C2054494D455F4D41589C
S31508034B40007062696F5F696E745F6D6174685F6137
S31508034B5062732828772929203C3D2053504545442C
S31508034B605F4D4158202B2031007062696F5F747264
S31508034B70616A6563746F72795F6765745F72656688
S31508034B806572656E6365006D756C5F775F62795FE5
S31508034B9074006D756C5F615F62795F74006D756C27
S31508034BA05F615F62795F74320055415254206465D0
S31508034BB07669636500000000B5810108178201085C
S31508034BC06F7D0108DF810108597D01086F7D0108A2
S31508034BD0A1810108597D01086F7D01086D73672D51
S31508034BE03E636F6E746578742E73697A65203E200A
S31508034BF030002E2E2F2E2E2F6C69622F7062696F4E
S31508034C002F7379732F626C7565746F6F74682E636F
S31508034C1000426C7565746F6F74680070726F6365B4
S31508034C2073735F7468726561645F70627379735FC7
S31508034C30626C7565746F6F74685F70726F636573A2
S31508034C40730064617461002E2E2F2E2E2F6C6962F9
S31508034C502F7062696F2F7379732F636F6D6D616E32
S31508034C60642E630073697A650070627379735F6390
S31508034C706F6D6D616E640053797374656D0001021F
S31508034C8003080D0C0B060000DB90010873746174AE
S31508034C90652D3E7061747465726E5F636F756E74AD
S31508034CA0203D3D2030002E2E2F2E2E2F6C69622F8D
S31508034CB07062696F2F7379732F6C696768742E63D3
S31508034CC0000E0100010E0100010E0130160001005D
S31508034CD0000E0600080E0600043010000400002625
S31508034CE03800040000160A000A00004601000246BE
S31508034CF001001600000E0100020E01001600003026
S31508034D000802010000300800040E0600080E06001B
S31508034D100430080201000000014601000000FF06F6
S31508034D20FF26FF70627379735F7374617475735FBB
S31508034D306C696768745F7061747465726E5F6E65BB
S31508034D4078740000000000001F4D0308214D030876
S31508034D50DF4C0308E54C03085D93010800000000D7
S31508034D60C14C0308D14C0308EB4C0308F54C030864
S31508034D70FF4C0308054D0308174D03081D4D03088B
S31508034D80737461747573203C204E554D5F504249C8
S31508034D904F5F5059425249434B535F5354415455FD
S31508034DA053002E2E2F2E2E2F6C69622F7062696F79
S31508034DB02F7379732F7374617475732E630070621E
S31508034DC07379735F7374617475735F746573745FF2
S31508034DD06465626F756E63650070627379735F737A
S31508034DE074617475735F7465737400706273797331
S31508034DF05F7374617475735F636C65617200706267
S31508034E007379735F7374617475735F736574007311
S31508034E10746F72616765005079627269636B732098
S31508034E204875620053544D6963726F656C656374A4
S31508034E30726F6E6963730056435020436F6E6669DB
S31508034E40670056435020496E746572666163650050
S31508034E50303132333435363738394142434445469F
S31508034E600030303A30303A30303A30303A30303A2F
S31508034E703030000000000000001000800000805F52
S31508034E809B34FB32313432313131323231323231C1
S31508034E90313232313232313100313131320031314E
S31508034EA0313131313231313200313131313434003B
S31508034EB031314800313131313131313131313131EB
S31508034EC000483131313100314200314250500051EE
S31508034ED051004832320048310048323232323232D7
S31508034EE000485000483434325000343100323231ED
S31508034EF031423132323232323200314100323231CA
S31508034F0031314231310048313100314500313333D3
S31508034F1000483200423100483131343434340048D1
S31508034F203232323200424B4B4B4B0042343431322D
S31508034F30323132323232343431323231323232323F
S31508034F403131313131313131323231004834343152
S31508034F50323231323232323434313232313232321F
S31508034F6032313131313131313132323100424B4B09
S31508034F700042340042313131004234343232313264
S31508034F800048343432323132004231313200423150
S31508034F905000425000423231313231003331310050
S31508034FA006040000D64E030811200000C74E030866
S31508034FB013200000D94E03080D200000ED4E030808
S31508034FC00E200000A151030817200000CC4E030849
S31508034FD01B200000B24E03081A200000E14E030806
S31508034FE018200000A151030802200000A15103085C
S31508034FF00F200000A151030821200000D64E030804
S3150803500020200000D94E030812200000C74E0308CB
S315080350100A200000934A030808200000FA4E0308F2
S3150803502006200000FD4E030801200000AD4E0308CC
S3150803503032200000C14E030805200000C84E0308AD
S315080350400C200000BE4E03080B200000934E0308F5
S3150803505009200000FA4E030819200000E44E03084D
S3150803506009100000A151030805100000A151030807
S31508035070140C0000A151030802100000A1510308F3
S3150803508003100000A151030801100000A1510308F1
S3150803509005140000B24E0308030C0000A1510308CF
S315080350A0010C0000AD4E03086D0C0000BE4E03084C
S315080350B01A0C0000934A030848340000B850030842
S315080350C019CD010875CD01081DCC01083DCC010891
S315080350D0E5CB0108F5CB010861CB01080000000008
S315080350E0000000006E00323232440000E850030824
S315080350F0F74E0308F54E0308E7500308E65003087E
S31508035100F74E0308F74E0308E9500308E950030866
S315080351109C4E0308E7500308000000000000000047
S31508035120000000000000000000000000000000006E
S31508035130F54E03089C4E0308F44E0308F44E030881
S31508035140F74E03086E400001B5A3F393E0A9E50EF5
S3150803515024DCCA9E6E400002B5A3F393E0A9E50ECC
S3150803516024DCCA9E6E400003B5A3F393E0A9E50EBB
S3150803517024DCCA9EFB349B5F80000080001000007D
S315080351800000000069726B004F4F420064686B00B1
S3150803519049520049524B0045520073746B00633100
S315080351A021007032007433006C746B007231007224
S315080351B032007031007431006373726B00000707A5
S315080351C0111102110B11081102411102000002000C
S315080351D002000002000201010300010000000000B2
S315080351E0010102000143433235367800E5510308CD
S315080351F0392A0208792A02080D2A0208292A0208E6
S3150803520000061016000610164576656E7420746936
S315080352106D6572006275666620213D204E554C4CBD
S31508035220002E2E2F2E2E2F6C69622F6C7772622F0B
S315080352307372632F6C7772622F6C7772622E6300B8
S31508035240627566666461746120213D204E554C4C37
S315080352500073697A6520213D2030004255465F492F
S31508035260535F56414C4944286275666629006C7734
S3150803527072625F696E6974006C7772625F726573D6
S31508035280657400414443007732357178780000002D
S315080352900000000011810120030000000300000044
S315080352A0800200200100000001000000B403002072
S315080352B00500000003000000CC03002006000000E0
S315080352C003000000D20300200500000000000000D0
S315080352D0288101200100000003000000820200204B
S315080352E00100000001000000810200200100000007
S315080352F0EF401900255402082954020815540208D8
S315080353000000000000000000000000002E2E2F2ED3
S315080353102E2F6C69622F7062696F2F6472762F6203
S315080353206C7565746F6F74682F626C7565746F6FCF
S3150803533074685F6274737461636B5F72756E5F6CB6
S315080353406F6F705F636F6E74696B692E6300627447
S31508035350737461636B006274737461636B5F7275F4
S315080353606E5F6C6F6F705F636F6E74696B695F6195
S3150803537064645F74696D657200000000595502081C
S315080353804D55020869540208415402084954020853
S315080353905954020865550208B154020853540208C1
S315080353A0AD5502085554020819560208A1570208B2
S315080353B001560208C5550208D1550208395702088D
S315080353C0DD55020800000000F1550208E155020800
S315080353D000000000000000000000000000000000BC
S315080353E00000000000000000000000000137FE0274
S315080353F00C1A0105FFFFD0650800FA0C1A091701F4
S315080354006AC87B0002897B01430948513002880632
S3150803541048914203D104490978012901D05D30F73F
S3150803542046FF30D830F74676240800BD28020069BF
S315080354305308000000000000000000000000000000
S31508035440000000000000000000000000000000004B
S31508035450000000000000000000000000000000003B
S31508035460000000000000000000000000000000002B
S31508035470000000000000000000000000000000001B
S31508035480000000000000000000000000000000000B
S3150803549000000000000000000000000000000000FB
S315080354A000000000B50069FF210231095C092905DE
S315080354B0D1012100228E466D4BFE44184700BD6C70
S315080354C04A11880120400308431080F74630B50087
S315080354D069F421085C012816D1EA480078032812E2
S315080354E0D00025281CE8490124A646E74AFE4410AD
S315080354F047002808D00105FFFFCA660800FAE649EF
S31508035500E64ABB3220202B1CA646E54CFE44204720
S3150803551030BD70B58569007D801F11D047382ED1FF
S31508035520A97928204843DF4A10182322125C012A46
S3150803553025D1807B002822D0DB4A0020505470BD39
S315080355400124A646D948FE440047012805D0A646A5
S31508035550D648FE440047042811D1E87800280ED11E
S315080355600E26311CD34D281C1438A646D04AFE44B1
S315080355701047281C311CA646CD4AFE44104770BD69
S3150803558070B5011C8869898ACB4A891A1CD01C39CB
S3150803559020D1C57A01210C1C8E46C84AFE44104701
S315080355A0061C1020A646C649FE440847002D11D0FE
S315080355B0022E0FD0C349C44AD93220200023A64657
S315080355C0B74CFE44204770BDC07A002802D100209C
S315080355D0BE49087070BD00B50069FF210431095C36
S315080355E0062906D1FF2105310A5C2C2A01D12D2271
S315080355F00A54FF210531095C0105FFFFC46708004A
S31508035600FA342911D1FF210B31095C91290CD1F107
S3150803561021095C60224A43EB4B0021995406210178
S31508035620229646E94AFE44104700BDF0B5061CF724
S31508035630690820C0190124A646E449FE440847C15F
S315080356407B0902807B084305042D0C022D12D0EF3B
S31508035650480088A8420ED1EE48007801280AD1ED01
S3150803566048828F816B081C104304D0381CA646EA6F
S315080356704BFE4418473560E94824303062F0BDC014
S3150803568046DD9D00003EA61B00F0B586B00490815A
S31508035690690591818AE248091ADC4D00D1BAE0E12D
S315080356A04A891A00D1AFE00738091A35D0DE480906
S315080356B01A28D0053926D0133933D1DC48051C847A
S315080356C03D007802282DD10124A646D948FE440078
S315080356D047002826D1A646D748FE44004700282077
S315080356E0D1A646D548FE44004700281AD128780093
S315080356F02817D1A878002814D1A6200105FFFFBED4
S31508035700680800FAA646CF49FE440847C4E0059848
S3150803571081884118087C022800DABDE0801E0874D7
S31508035720BAE0513D28782A2802D0332800D0B3E0BE
S315080357300E2105980F1844200C211A220124A64687
S31508035740C24BFE441847C14EB178F278C148A64603
S31508035750C14BFE4418470621059881802878BF4D1A
S315080357602A2826D00A263E700137381C0021A64669
S31508035770BA4AFE441047071C3E700137381C0D21F0
S31508035780A646B54AFE441047071CA646B548FE4436
S3150803579000478102AE48C0784006400E08430543D9
S315080357A02904090C381CA646AC4AFE4410470826A9
S315080357B024E008263E700137381C0021A646A64A6F
S315080357C0FE441047071C3E700137381C0D21A646B8
S315080357D0A24AFE441047071CA646A148FE440047B2
S315080357E081029A48C0784006400E084305432904B7
S315080357F0090C381CA646984AFE4410470598010525
S31508035800FFFFB8690800FA4680FF2102310022A685
S3150803581046ED4BFE4418473FE0EC49002008700864
S3150803582074EB4908703CE0059800216A460124A6F2
S3150803583046E84BFE44184702A800210622A646E579
S315080358404BFE441847002602E0701C0604360C2853
S315080358501C4F380078864223DA112040017043EA48
S31508035860490F181020C0196946A646E84AFE44108F
S31508035870470028E9D1684602A9A646E44AFE441029
S31508035880470028E1D0B8780128DED0059869493A57
S3150803589022A646DF4BFE441847EC49E23104980139
S315080358A06206B0F0BDC04618320800CE04000023D5
S315080358B0B9020065710800FD790000A9700800D4D3
S315080358C01D0800945408008F8D0100FD0605001479
S315080358D0051A00A2FD0000652D00007DCA0300A578
S315080358E07108007947000078240800F0B5071CBA48
S315080358F0695078FE692521431AE44932D0013B6889
S31508035900D10105FFFFB26A0800FA0423B3800C230A
S315080359109D194000127802432A70013508782A280F
S3150803592005D0332801D10A2002E0072000E0082029
S3150803593028700135281C0D210124A6464B4AFE442E
S315080359401047051CA6464B48FE4400478202D24828
S3150803595000784006410E1143454808430104090CE3
S31508035960281CA646414AFE4410472FE00423B38069
S315080359700C239D194000127802432A7001350878D2
S315080359802A2805D0332801D10A2002E0072000E09F
S31508035990082028700135281C0D210124A646334A00
S315080359A0FE441047051CA6463248FE4400478202B9
S315080359B0B94800784006410E11432D4808430104AF
S315080359C0090C281CA646294AFE441047062070805F
S315080359D003203080E348E24908183862F0BDC04620
S315080359E076A01B00C58E00005B19040010B5DE48BF
S315080359F000210124A646DD4AFE441047DC49012856
S31508035A0001D000200105FFFFAC6B0800FA01E0088E
S31508035A106801300860A646D948FE440047002806B0
S31508035A20D00B480078022802D10220D549088010F5
S31508035A30BDBA53080090A11B00A8590800256F0496
S31508035A4000796C040005040000FE07000005100039
S31508035A500045100800C17203001B5F030053380298
S31508035A600021F00400DB8E0400FC530800C6020084
S31508035A70008D8F0400F92D00000082FFFFA957054A
S31508035A8000F8B5808AFF210B3188425CD0FF214597
S31508035A9031884216D1C1480078022812D1B949FF84
S31508035AA020413040180090B848405C0026864210D2
S31508035AB0D35125AD00281C0124A646B449FE440843
S31508035AC04700286DD1281CB249A646B24AFE44109F
S31508035AD047F8BDB10000984558002D30D0FE204048
S31508035AE05D00282CD0F220415D002928D1FF200231
S31508035AF030405D012823D024200124A646A64AFE69
S31508035B004410470006000E0105FFFFA66C0800FABD
S31508035B10F322515D814217D05055002814D12F8D99
S31508035B20391CE148A646E14AFE441047298E7918EE
S31508035B30081A401E391CA646DD4AFE441047400093
S31508035B402886288E400828860136D9480078B2E781
S31508035B5000200124A646D749FE440847011C0090A5
S31508035B60D64D2868013028600B277F01D44ED448C8
S31508035B70008D3268101880018009A646D24AFE4471
S31508035B801047002811DD00983060286803280AD9D1
S31508035B900020A646CD49FE440847C948385CA646B0
S31508035BA0CA49FE44084700202860F8BD30B5056990
S31508035BB0242000210124A6467A4AFE441047F321ED
S31508035BC048555125AD00281CA6467249FE44084788
S31508035BD0002805D1281C7049A646704AFE4410477A
S31508035BE030BDED490200AB11080063660800992D24
S31508035BF00000E96305004169007E002811D1FF22F0
S31508035C000432505C01280CD1FF200105FFFFA06D6B
S31508035C100800FA0530435C1B2B07D1FF230A335BC5
S31508035C205C012B02D1002353544354F746C0460064
S31508035C30000800498F03008548020010B5806900F3
S31508035C4088022813D154489C300179FF290ED000C5
S31508035C5078032803D0012801D0022807D10120049C
S31508035C601C86469C49FE4408479C48047010BD257B
S31508035C7000000010B5C069807880380006000E025F
S31508035C802813D144489C300179FF290ED0007803A4
S31508035C902803D0012801D0022807D10120041C8635
S31508035CA0468D49FE4408478C48047010BDC04669B2
S31508035CB0530800FF53080010B50069FE21095C026A
S31508035CC02906D0D0210958828DD20054231B1805E2
S31508035CD0E054210B18028D06204243D96F501880D1
S31508035CE0018109D86D0124A646794AFE4410470066
S31508035CF02812DC28489C300179FF290DD000780347
S31508035D002803D0012801D0022806D1201C0105FF4B
S31508035D10FF9A6E0800FAA6467149FE440847714879
S31508035D20047010BD10B51B480068502806D91748DB
S31508035D30002101229646724AFE4410476B480078B2
S31508035D40FF212131414368484118694C20781428BA
S31508035D500DDA002814D067490978C90805D3012044
S31508035D6086466549FE4408472078401C07E0FF201D
S31508035D700870012086466148FE44004700202070CB
S31508035D8010BDC0464E050000B5CC0000F821190029
S31508035D90B30805005C66080071CD01004A241900A2
S31508035DA054240800070E000021CB03000066E30114
S31508035DB00BC903002BF0040045100800F0B5061CB8
S31508035DC074693069554D2B78317E0A22891A62D057
S31508035DD0063948D031392ED03B3903296DD8FF21EE
S31508035DE07D31095D022968D1FF2281320178115577
S31508035DF0FF2182310919427801300A70FF22833262
S31508035E001219437813704078FF23253318550878F9
S31508035E100105FFFF946F0800FA192852D110783745
S31508035E20284FD1201C052100220125AE46374BFEFB
S31508035E30441847201CAE463649FE4408473DE00051
S31508035E402B3FD0FF205D30015D0520031C201C413C
S31508035E50220127BE46314FFE443847201C0521013F
S31508035E602296462A4BFE4418470020287025E0FF51
S31508035E70217D31007808552A4A201C095C537899F4
S31508035E804202DB127891421CDDFF217931095C104D
S31508035E902220230124A646214CFE4420470DE02256
S31508035EA048007833280DDBFF207930015D201C2953
S31508035EB0230124A646194CFE4420471748154908CA
S31508035EC0183062F0BDFFFFFF01954905005B3208F4
S31508035ED000D1A1040050660800546608004810085B
S31508035EE0003FA20400ABEA01003D1D030058660803
S31508035EF000B9260800616608006066080035570879
S31508035F00005D9A0300431C0300FD0605007FA601F6
S31508035F1000B3530105FFFF8E700800FA0400A40FAF
S31508035F200000F9D20000EDE70000B211080063662D
S31508035F30080069530800401E80008C4B19508A4993
S31508035F400A50F746F0B5011C8869828853045B0C2E
S31508035F50884E884F894D03D0602B01DCB24214D09A
S31508035F60828801231B035404640F24039C4208DB21
S31508035F703B1C01335404240DE4009C4201DABA4263
S31508035F8003D0FF208860E81DF0BD0124A6467B499F
S31508035F90FE440847381CA6467A49FE440847301C7F
S31508035FA0A6467749FE440847A6467648FE44004770
S31508035FB0381CA6467349FE440847E8480168301C5E
S31508035FC0A646714AFE44104771484019F0BD011CA4
S31508035FD00A7D6F48002A02D0C968012901D04F30CB
S31508035FE0F7463130F746416802394160E9483F30A0
S31508035FF0F7461CB54168E84C002917D04169B0201B
S315080360004018B8316A4601239E46E24BFE441847B8
S315080360100099E248E4380105FFFF88710800FA4150
S3150803602043684680884118FF20AE30814202D92052
S315080360301CBF301CBD201CDF301CBD10B5041CC89A
S31508036040680A2101229646E04AFE441047002800C2
S31508036050D18C20A060DE48DB3010BDDE4904390947
S3150803606078002901D10021416041684269511A41EA
S3150803607060D8485530F746D8490978002904D1012C
S315080360807DD5480230FF224254D5484F30F74601A2
S315080360901C8A694B68D3489A4201D93B30F746CAEA
S315080360A0607930F746D148CF490880D048FF30DEBB
S315080360B030F746C269FF2111318B5CCD495B08086D
S315080360C0D3FF2302339A5C022A03D0012A01D003A1
S315080360D02A02D1081C5B30F746FF224260081C39A6
S315080360E030F74600B5406801218E46C249FE44088A
S315080360F047C248573000BD028A01790A2900DB0ADC
S3150803610021E8488A4201DD5F30F7465B30F746F0FF
S31508036110B50124A646E448FE440105FFFF8272083A
S3150803612000FA0047012805D0A646E148FE44004781
S31508036130042819D10226DF4D2879002811D0E87AD8
S3150803614006280ED10E20011CEA4F381C1438A64621
S31508036150E74AFE441047381C0E21A646E44AFE4485
S3150803616010477035013EE7D1A646E348FE4400478B
S31508036170E2490B4854304018F0BDC04604F31A00F0
S31508036180807B08000380000017100000C9FB040089
S31508036190BB1504007DCA0300054302000BC90300AF
S315080361A0AB020000B1330200F0B58DB001908169EE
S315080361B00291017D039142680092808B400004900E
S315080361C06B488330007840000590002901D10020F0
S315080361D0E1E004980204120C0692029803996B46AE
S315080361E00124A646C64DFE4428470790009E002074
S315080361F00890804809900A907FE0099800282BD0D8
S315080362000B98099028E00598874225DB907903289F
S3150803621001D0012820D179190598081A0105FFFF2D
S315080362207C730800FA0799A646B84AFE441047073E
S315080362301C281C0799A646B54AFE441047010409BB
S315080362400C3A04120C0020A646B14BFE441847002C
S315080362502804D10A98002803D00A9701E000200AE7
S3150803626090B668002E03D030880799884249DB0820
S3150803627098002846D161490998884242D10A9888E4
S31508036280423FD1039800282CD0029D03980C900016
S315080362902728880B900499A6469C4AFE4410470073
S315080362A02807D00B990498A646984AFE4410470037
S315080362B02811D10898B84209D00898C10002984015
S315080362C018291C0822A646EF4BFE4418470898408F
S315080362D01C0006000E0890083501370C9801380C87
S315080362E090D6D1089800280CD002980899069A6B7C
S315080362F046A646854DFE4428470790009E3F480913
S31508036300900A90002E3AD035880798854236DAB037
S3150803631068002805D000880799884201DC471B01D5
S3150803632005FFFF76740800FA04E00798401B0099F6
S3150803633009880F187268918805984018874200DA09
S315080363406AE748190799A646734AFE4410470B900D
S3150803635079190598081A0799A6466E4AFE441047FE
S315080363600204120C0B980104090C0020A6466A4B7A
S31508036370FE441847002800D148E70020099006E0A4
S31508036380C046E03108001F480999814202D009989E
S315080363900A9002E00A99814201D00A9804E0069815
S315080363A0A646E849FE44084701994860E548FF3090
S315080363B010300DB0F0BDB74B04004F810300FD79D3
S315080363C00000C6050000E04909782A2905D03329C3
S315080363D001D10A2102E0062100E008214160F148C3
S315080363E04330F746C046652D0000794700000D1374
S315080363F0020076240800E0A01B00892805003D3921
S315080364000200605B0800FFFF0000D9AA0000D575EB
S31508036410000023010500B3090200FCB50090E44817
S3150803642000780105FFFF70750800FA022843D1E3D7
S3150803643049FF20413040180190E248405C00263865
S31508036440E0B10001984558002D30D0FE20405D008C
S31508036450282CD0F220415D002928D1FF20023040A4
S315080364605D012823D024200124A646D64AFE4410DB
S31508036470470006000EF322515D814217D05055009E
S315080364802814D12F8D391CD048A646244AFE441019
S3150803649047298E7918081A401E391CA646204AFE33
S315080364A044104740002886288E400828860136C7A8
S315080364B04800788642C4D3FF21413100984160C51C
S315080364C048C4490818FCBDF99700008F8D0100A43C
S315080364D013080010B50079012806D1888B097D01B8
S315080364E0229646BD4AFE441047BD4C20780128042F
S315080364F0D101208646BB48FE44004700202070B9D8
S3150803650049B4488838401810BDC046E50605001446
S31508036510051A0077C50100B9C50100A195010095C3
S3150803652049050021960105FFFF6A760800FA01006E
S31508036530F0B586B001920291061C8868006A03903A
S3150803654080000199441804940419059404190198C0
S3150803655003990125AE46A74AFE44104704980399B2
S31508036560AE46A44AFE44104705980399AE46A14A87
S31508036570FE44104702988068C76970680399AE4657
S315080365809D4AFE441047002850D13068391C039AA7
S31508036590AE469A4BFE441847002847D57068391CFF
S315080365A0039AAE46954BFE44184700283ED53068F5
S315080365B00199029A231CAE46914FFE44384700942C
S315080365C030680199049A029BAE468E4FFE443847BB
S315080365D00094306802998968C96A019A029BAE4693
S315080365E0884FFE44384701980499059A029BAE469C
S315080365F0854FFE44384702988068016B0598019ACF
S31508036600029BAE46804FFE44384770680499029A47
S31508036610231CAE467A4CFE44204701980499039AF4
S31508036620AE46764BFE4418470105FFFF647708001C
S31508036630FA002802D00020C04300E0002006B0F08C
S31508036640BDF0B585B045698669C06902900F6A4889
S315080366506A0390886B0490281C0095316A89004D5B
S315080366601901954D19316801290DD17269391C0132
S3150803667024A6460D4BFE44184772690198B918A615
S3150803668046094BFE441847684602992A1C0124A664
S3150803669046604BFE44184762495F4D002806D00CF6
S315080366A070281C21300DE0C0465D5F0500002008F8
S315080366B070B26903980499A646584BFE44184728AE
S315080366C01CA93005B0F0BD584800780007400E896C
S315080366D06B4906890C0818534908805448C530F78E
S315080366E046011C0A795248062A03DB921F4A602F81
S315080366F030F7467930F746011C886943783E221AF3
S31508036700404C48062A05DB9A06920E063A4A602347
S3150803671030F7464930F74630B54568FF2011304013
S315080367205D80090CD3112109014A5D0105FFFF5E4E
S31508036730780800FADF2010404855281C002101225A
S3150803674096463F4AFE4410470120041C86463D49A7
S31508036750FE440847A98B281CA6463B4AFE44104715
S315080367603B489B3030BD6D9500004D96010069533B
S31508036770080010B5021C4C20435A3548062B0DDB7E
S315080367801924E401A34209DC5423595A0A2905DBCF
S31508036790A14203DC00215160993010BD2E4A002125
S315080367A0FF2321334B43D35CFF2B04D0491C090633
S315080367B0090E0A29F4DB491E284A11700121274AC2
S315080367C01170FF30263010BDC0467B5E0200244898
S315080367D0A530F746C0464510080054240800070E9E
S315080367E000002BF00400FFFFFF015B3208008F0255
S315080367F00000CD9201006F4B020058660800431C47
S315080368000300F570000021370500E9360500A936AF
S315080368100500C36C0500A56C0500D11C05006D7643
S315080368200800914805004737050063660800010517
S31508036830FFF158790800EC1C30190096A51B006176
S31508036840610300E17203005F730300F5560200BBA0
S315080368508803003B3B02009DCF02006D230300B96A
S315080368602608006166080060660800BD650100FF2A
S31508036870B56846FFF7FAF9FFBDFFB56846FFF71394
S31508036880FAFFBDFFB56846FFF73AF9FFBDFFB568DE
S3150803689046FFF7EFF8FFBDFFB56846FFF774FAFF43
S315080368A0BDFFB56846FFF7BBFAFFBDFFB56846FFF0
S315080368B0F716FAFFBDFFB56846FFF733FAFFBDFFC4
S315080368C0B56846FEF77BFEFFBDFFB56846FEF7AD26
S315080368D0FEFFBDFFB56846FEF753FEFFBDFFB5686D
S315080368E046FEF739FEFFBDFFB56846FEF742FEFFD3
S315080368F0BDFFB56846FFF741F8FFBDFFB56846FF1C
S31508036900F78FF9FFBDFFB56846FEF70FFFFFBDFF1B
S31508036910B56846FEF7B5FEFFBDFFB56846FEF7D672
S31508036920FEFFBD0105FF8D787B08008800B5F8F0EA
S31508036930E3FA00BDB7700800597108001D72080014
S315080369404D7208006172080079720800157508000F
S31508036950697508007577080041710800D565080050
S31508036960C5710800E1710800F97108000F72080083
S315080369700973080019760800FB77080015780800DC
S315080369802B7808004B780800A57108009D78080045
S3150803699000000000000000000000000000000000E6
S315080369A000000000000000000000000000000000D6
S315080369B0F97808000105FF8504F31A0080CEFB0465
S315080369C000F44B04000C760000060A0200509800F7
S315080369D000B4C60100B85E0200589501002E4905A9
S315080369E000DE3302001429020060130200D62805CC
S315080369F0007439020088AC00007A950000E872003A
S31508036A00001C6203000E7303007E73030034D00276
S31508036A10005248000004240300FFFFFFFFFFFFFFA7
S31508036A20FFFFFFFFFFFFFFFFFFFFFFFFFFFFFFFF65
S31508036A30FFFFFFFFFFFFFFFFFF5A6601000105FF88
S31508036A40FF00001800FA70B53A4DAE7F0124A6463A
S31508036A503648FE440047B042F8D10320172189017E
S31508036A60A646324AFE441047AD7FA6462F48FE4443
S31508036A700047A842F9D1FEE730B52E49081F2E4A2A
S31508036A8010603148021C713A93240123A3542B4BFB
S31508036A900B60022313712A4B4B6003235371294B53
S31508036AA08B6004230370294BCB6005238373284B20
S31508036AB00B6106230373274B4B6107234371264B4D
S31508036AC08B610824031C333B1C70244BCB610923BD
S31508036AD0D374234B0B620A23D371D31D224C4C6206
S31508036AE00B244477214C8C620C25041C3D3C2570F1
S31508036AF01F4CCC620F380D2404701D4C0C630E24F6
S31508036B0004731C4C4C630F2444731B4C8C63102472
S31508036B1004771A48C86311201070194808641220AC
S31508036B2098761848486430BDC046258604001B90ED
S31508036B3004006C5208000866080020550800FF790F
S31508036B400105FFFFFA001800FA0800EB790800E1CF
S31508036B5079080095550800317A0800097A0800F57E
S31508036B607908003B7A0800277A0800137A0800A5F3
S31508036B707908001D7A0800AF790800917908009B07
S31508036B80790800CD790800D7790800B9790800C3D0
S31508036B90790800F0B5314E0C2232701A2373700946
S31508036BA020B0701720F07003202E4D291C013901DF
S31508036BB024A6462A4FFE443847B278F37803202999
S31508036BC01CA646264EFE4430470320291C0131A63F
S31508036BD046254AFE441047A6462448FE4400472352
S31508036BE04B0021081C1A68002A04D00207150F2235
S31508036BF01CAA4011430207120F0F2A05D1C508061E
S31508036C00222A401B4DA9520021043301302028E9CA
S31508036C10D31A48011C50310C700A21164A117033D5
S31508036C20210170002516480560281CA6461649FE4C
S31508036C30440847134908601448056007201449089F
S31508036C4070144A0105FF65F4011800609178022063
S31508036C50084390701248057012480570124805706B
S31508036C60F0BDC046FC53080031900400C605000079
S31508036C701B90040033001800807B080084F31A0075
S31508036C806D22080069530800506608005466080018
S31508036C90D1A104005C660800B3110800E4150800D6
S31508036CA06366080060660800616608000183FF14CE
S31508036CB0797B0800000000000000000000000000C7
S31508036CC0000000000109FD0868530800002A00FFB8
S31508036CD0010CFD090100FFFFFFFFFF64000109FD29
S31508036CE00858601A00001000100109FD0810601A00
S31508036CF00010001000011CFD14FF88130000FF009C
S31508036D000000FFFFFFFFFF00FA00FFFF000176FD0B
S31508036D103101215400006157000014050A050007D4
S31508036D20060A040508090B0C0D0E10101010101096
S31508036D301010101010101010101010101010000062
S31508036D4000000182FD14009C18D2D2D2D2D2D2D22C
S31508036D50DCE6F0FA040E18FF00000182FD14019C1C
S31508036D60CECECECECECECECED8E2ECF6000A14FFE9
S31508036D7000000182FD14029CCECECECECECECECE60
S31508036D80D8E2ECF6000A14FF00000187FD030D0D97
S31508036D900D0180FD060001000000010180FD063C8F
S31508036DA0F05F0000000138FE00011CFD1401881382
S31508036DB00000D0070000FFFF04FFFFFFFA000000F2
S31508036DC000012BFD051000500096010CFD09010179
S31508036DD000FFFFFFFF6400015BFD02010101DDFD0A
S31508036DE001010000F61900004D50323633394100CF
S31508036DF0020F6400595B02082D5B02084C534D369B
S31508036E0044533354522D43005B630208A9630208B3
S31508036E10647574795F6379636C65203E3D202D50F4
S31508036E20424452565F4D4F544F525F44524956455A
S31508036E30525F4D41585F44555459002E2E2F2E2E1E
S31508036E402F6C69622F7062696F2F6472762F6D6F6C
S31508036E50746F725F6472697665722F6D6F746F7281
S31508036E605F6472697665725F686272696467655F93
S31508036E7070776D2E6300647574795F6379636C65E7
S31508036E80203C3D2050424452565F4D4F544F525F6B
S31508036E904452495645525F4D41585F44555459002B
S31508036EA070626472765F6D6F746F725F647269760F
S31508036EB065725F7365745F647574795F6379636C10
S31508036EC065000000DF6502086368203C20544C43D4
S31508036ED0353935355F4E554D5F4348414E4E454C22
S31508036EE0002E2E2F2E2E2F6C69622F7062696F2F3C
S31508036EF06472762F70776D2F70776D5F746C633558
S31508036F003935355F73746D33322E630076616C756C
S31508036F1065203C3D2055494E5431365F4D41580056
S31508036F2070776D5F746C63353935355F73746D339C
S31508036F30320070626472765F70776D5F746C633566
S31508036F403935355F73746D33325F7365745F647592
S31508036F50747900019600000000000000000000009C
S31508036F600000000000000000000000000000000010
S31508036F700000000000000000000000000000000000
S31508036F800000000000067FFFFE00FFFFFFFFFFFF74
S31508036F90FFFFFFFFFFFFFFFFFFFFFFFFFFFFFFFFF0
S31508036FA0FFFFFFFFFFFFFFFFFFFFFFFFFFFFFFFFE0
S31508036FB0FFFFFFFFDD660208616E696D6174696F25
S31508036FC06E2D3E6E6578745F616E696D6174696F67
S31508036FD06E203D3D205042494F5F4C494748545F18
S31508036FE0414E494D4154494F4E5F53544F505045B6
S31508036FF044002E2E2F2E2E2F6C69622F7062696F16
S315080370002F7372632F6C696768742F616E696D617C
S3150803701074696F6E2E6300616E696D6174696F6E54
S315080370202D3E6E6578745F616E696D6174696F6E06
S3150803703020213D205042494F5F4C494748545F4100
S315080370404E494D4154494F4E5F53544F5050454452
S31508037050007062696F5F6C696768745F616E696DFA
S315080370606174696F6E5F6C6973745F6865616420C8
S31508037070213D204E554C4C006C6967687420616E3F
S31508037080696D6174696F6E007062696F5F6C6967B9
S3150803709068745F616E696D6174696F6E5F73746F2F
S315080370A070007062696F5F6C696768745F616E69A7
S315080370B06D6174696F6E5F7374617274006B31000E
S315080370C06B3200434D4143000000000000000000FE
S315080370D000000000000000001DA402087374643A4F
S315080370E03A6261645F657863657074696F6E000000
S315080370F0147303081471030814730308347103081B
S31508037100CC710308587103080C7103081473030838
S315080371106C7103084E31305F5F6378786162697614
S315080371203131355F5F666F726365645F756E776964
S315080371306E6445004E31305F5F63787861626976C5
S315080371403131395F5F666F726569676E5F6578634C
S31508037150657074696F6E4500537431336261645F99
S31508037160657863657074696F6E00000053743965DA
S315080371707863657074696F6E000000000000000094
S315080371800071030825A6020831A6020829A60208E3
S31508037190CC7103089C710308DC7203084E31305F17
S315080371A05F637878616269763132305F5F73695FEE
S315080371B0636C6173735F747970655F696E666F4537
S315080371C000000000000000009071030851AD02089A
S315080371D065AD02086DAE02086DAE0208B1B00208CD
S315080371E0E1AF02083DAE0208BDAD020881AD020853
S315080371F014730308F8710308537439747970655F57
S31508037200696E666F000000007465726D696E61745D
S31508037210652063616C6C6564207265637572736956
S3150803722076656C790A0000007465726D696E61741F
S31508037230652063616C6C656420616674657220748D
S3150803724068726F77696E6720616E20696E73746101
S315080372506E6365206F66202700000000270A00007A
S315080372607465726D696E6174652063616C6C6564BF
S3150803727020776974686F757420616E206163746919
S31508037280766520657863657074696F6E0A00000019
S3150803729020207768617428293A2020007374643A99
S315080372A03A6261645F616C6C6F630000CC710308BA
S315080372B0B87203080C7103085374396261645F6119
S315080372C06C6C6F630000000000000000AC720308DA
S315080372D0B1AF0208C5AF0208A9AF0208CC7103080B
S315080372E0E8720308F07103084E31305F5F637878FC
S315080372F0616269763131375F5F636C6173735F749B
S315080373007970655F696E666F4500000000000000CE
S31508037310DC72030821B0020835B002086DAE020814
S315080373206DAE0208B1B00208E1AF020895B00208D3
S3150803733051B0020815B00208256400005F474C4F98
S3150803734042414C5F0000000028616E6F6E796D6FD5
S315080373507573206E616D657370616365290000003E
S315080373606175746F000000006465636C74797065F9
S31508037370286175746F290000737472696E67206CCF
S3150803738069746572616C0000737464006465636C88
S3150803739074797065286E756C6C70747229000000B8
S315080373A05B6162693A0000003A3A00007B646566ED
S315080373B061756C7420617267230000007D3A3A0098
S315080373C06175746F3A00000074656D706C6174655D
S315080373D020706172616D65746572206F626A656398
S315080373E07420666F72200000767461626C6520668D
S315080373F06F72200056545420666F722000000000F6
S31508037400636F6E737472756374696F6E20767461D5
S31508037410626C6520666F7220000000002D696E2D70
S315080374200000000074797065696E666F20666F7276
S315080374302000000074797065696E666F206E616D51
S315080374406520666F7220000074797065696E666FD1
S3150803745020666E20666F7220000000006E6F6E2D28
S315080374607669727475616C207468756E6B20746FB7
S3150803747020000000636F76617269616E742072651D
S315080374807475726E207468756E6B20746F200000B5
S315080374906A61766120436C61737320666F7220009C
S315080374A06775617264207661726961626C652066CC
S315080374B06F722000544C5320696E69742066756E8A
S315080374C06374696F6E20666F72200000544C5320F4
S315080374D0777261707065722066756E6374696F6E14
S315080374E020666F72200000007265666572656E63BA
S315080374F0652074656D706F726172792023000000D0
S3150803750068696464656E20616C69617320666F726D
S31508037510200000006E6F6E2D7472616E7361637462
S31508037520696F6E20636C6F6E6520666F722000004C
S315080375305F536174200000005F4672616374000044
S315080375405F416363756D00002C2000006F706572E0
S3150803755061746F72000000006F70657261746F72F8
S31508037560200000003E28000071750000203A200024
S315080375706E65772000000000756C00006C6C0000D7
S31508037580756C6C0066616C736500000074727565D2
S31508037590000000006A617661207265736F75726315
S315080375A0652000006465636C7479706520280000A3
S315080375B02E2E2E0074686973000000007B706172BA
S315080375C06D230000676C6F62616C20636F6E737462
S315080375D0727563746F7273206B6579656420746F53
S315080375E020000000676C6F62616C206465737472B7
S315080375F07563746F7273206B6579656420746F2085
S31508037600000000007B6C616D626461280000000065
S31508037610292300007B756E6E616D6564207479702D
S3150803762065230000205B636C6F6E65200000000015
S3150803763020726573747269637400000020766F6C38
S315080376406174696C6500000020636F6E73740000D3
S31508037650207472616E73616374696F6E5F736166BA
S3150803766065000000206E6F6578636570740000001E
S31508037670207468726F77000026260000205F436F28
S315080376806D706C6578000000205F496D6167696EEF
S31508037690617279003A3A2A00205F5F766563746FF0
S315080376A072280000282E2E2E000000002E2E2E29CA
S315080376B0000000007374643A3A616C6C6F6361741A
S315080376C06F720000616C6C6F6361746F7200000007
S315080376D07374643A3A62617369635F737472696E49
S315080376E06700000062617369635F737472696E672A
S315080376F0000000007374643A3A737472696E670023
S315080377007374643A3A62617369635F737472696E18
S31508037710673C636861722C207374643A3A636861E0
S31508037720725F7472616974733C636861723E2C207C
S315080377307374643A3A616C6C6F6361746F723C6319
S315080377406861723E203E00007374643A3A69737442
S315080377507265616D000000007374643A3A6261737E
S3150803776069635F6973747265616D3C636861722CE2
S31508037770207374643A3A636861725F7472616974F8
S31508037780733C636861723E203E0000006261736960
S31508037790635F6973747265616D0000007374643A9C
S315080377A03A6F73747265616D000000007374643A0E
S315080377B03A62617369635F6F73747265616D3C6383
S315080377C06861722C207374643A3A636861725F74F1
S315080377D072616974733C636861723E203E000000FF
S315080377E062617369635F6F73747265616D0000002C
S315080377F07374643A3A696F73747265616D00000055
S315080378007374643A3A62617369635F696F73747216
S3150803781065616D3C636861722C207374643A3A63DC
S315080378206861725F7472616974733C636861723EFE
S31508037830203E000062617369635F696F73747265E2
S31508037840616D0000614E0000263D00006153000093
S315080378503D0000006161000061640000260000002D
S31508037860616E000061740000616C69676E6F662063
S315080378700000000061770000636F5F6177616974D8
S3150803788020000000617A000063630000636F6E7373
S31508037890745F636173740000636C00002829000039
S315080378A0636D00002C000000636F00007E0000007B
S315080378B0645600002F3D00006461000064656C6532
S315080378C074655B5D200000006463000064796E6183
S315080378D06D69635F6361737400000000646500008B
S315080378E02A000000646C000064656C6574652000FA
S315080378F0647300002E2A0000647400006476000096
S315080379002F000000654F00005E3D0000656F000014
S315080379105E000000657100003D3D0000664C0000F6
S3150803792066520000666C0000667200006765000018
S315080379303E3D000067730000677400006978000025
S315080379405B5D00006C5300003C3C3D003C3D000081
S315080379506C6900006F70657261746F722222200071
S315080379606C7300003C3C00006C7400003C00000093
S315080379706D4900002D3D00006D4C00002A3D0000B6
S315080379806D6900002D0000006D6C00006D6D000030
S315080379902D2D00006E6100006E65775B5D000000AB
S315080379A06E650000213D00006E7400002100000092
S315080379B06E7700006E6577006F5200007C3D00000D
S315080379C06F6F00007C7C00007C000000704C000098
S315080379D02B3D0000706C00002B000000706D00004A
S315080379E02D3E2A00707000002B2B000070730000D8
S315080379F0707400002D3E00003F000000724D000029
S31508037A00253D0000725300003E3E3D0072630000B0
S31508037A107265696E746572707265745F6361737497
S31508037A2000000000726D000025000000727300005C
S31508037A303E3E00007350000073697A656F662E2E0A
S31508037A402E000000735A0000736300007374617498
S31508037A5069635F6361737400737300003C3D3E00A2
S31508037A6073697A656F662000737A00007472000082
S31508037A707468726F77000000747700007468726F19
S31508037A80772000007369676E656420636861720016
S31508037A90626F6F6C00000000626F6F6C65616E0049
S31508037AA06368617200000000627974650000000073
S31508037AB0646F75626C6500006C6F6E6720646F7522
S31508037AC0626C6500666C6F61740000005F5F666CCC
S31508037AD06F61743132380000756E7369676E656459
S31508037AE02063686172000000696E7400756E7369BD
S31508037AF0676E656420696E7400000000756E7369AD
S31508037B00676E6564000000006C6F6E670000000016
S31508037B10756E7369676E6564206C6F6E6700000027
S31508037B205F5F696E7431323800000000756E7369E1
S31508037B30676E6564205F5F696E74313238000000D2
S31508037B4073686F7274000000756E7369676E656497
S31508037B502073686F72740000766F69640000000012
S31508037B6077636861725F74006C6F6E67206C6F6E03
S31508037B7067000000756E7369676E6564206C6F6EC7
S31508037B8067206C6F6E670000646563696D616C33AB
S31508037B9032000000646563696D616C363400000069
S31508037BA0646563696D616C313238000068616C66BF
S31508037BB00000000063686172385F7400636861726D
S31508037BC031365F74000000006368617233325F7494
S31508037BD000000000494E4600696E66004E414E009D
S31508037BE06E616E0030313233343536373839616277
S31508037BF06364656600000000303132333435363746
S31508037C00383941424344454600000000286E756CE6
S31508037C106C2900003000000020202020202020208E
S31508037C2020202020202020203030303030303030C3
S31508037C3030303030303030302020202020202020B3
S31508037C4020202020202020203030303030303030A3
S31508037C5030303030303030304E614E00496E666910
S31508037C606E6974790000000042616C6C6F6320735F
S31508037C707563636565646564000000002F6D6E7443
S31508037C802F776F726B73706163652F776F726B7380
S31508037C90706163652F4743432D31302D70697065D5
S31508037CA06C696E652F6A656E6B696E732D47434300
S31508037CB02D31302D706970656C696E652D333338D7
S31508037CC05F32303231313031385F31363334353122
S31508037CD0363230332F7372632F6E65776C69622F72
S31508037CE06E65776C69622F6C6962632F7374646C53
S31508037CF069622F64746F612E630000002F6D6E74C2
S31508037D002F776F726B73706163652F776F726B73FF
S31508037D10706163652F4743432D31302D7069706554
S31508037D206C696E652F6A656E6B696E732D4743437F
S31508037D302D31302D706970656C696E652D33333856
S31508037D405F32303231313031385F313633343531A1
S31508037D50363230332F7372632F6E65776C69622FF1
S31508037D606E65776C69622F6C6962632F7374646CD2
S31508037D7069622F6D707265632E6300000000000050
S31508037D800080E03779C34143176E05B5B5B8934606
S31508037D90F5F93FE9034F384D321D30F94877825AD2
S31508037DA03CBF737FDD4F1575000000000000F03FF0
S31508037DB000000000000024400000000000005940B5
S31508037DC00000000000408F40000000000088C34008
S31508037DD000000000006AF8400000000080842E417D
S31508037DE000000000D01263410000000084D79741C9
S31508037DF00000000065CDCD41000000205FA00242CF
S31508037E00000000E876483742000000A2941A6D4243
S31508037E10000040E59C30A2420000901EC4BCD64236
S31508037E2000003426F56B0C430080E03779C34143E1
S31508037E3000A0D8855734764300C84E676DC1AB4357
S31508037E40003D9160E458E143408CB5781DAF154475
S31508037E5050EFE2D6E41A4B4492D54D06CFF0804450
S31508037E60F64AE1C7022DB544B49DD9794378EA4465
S31508037E7005000000190000007D0000004300000013
S31508037E80504F53495800000000202020202020206E
S31508037E9020202828282828202020202020202020A9
S31508037EA020202020202020202088101010101010B9
S31508037EB01010101010101010100404040404040405
S31508037EC0040404101010101010104141414141419F
S31508037ED00101010101010101010101010101010181
S31508037EE00101010110101010101042424242424291
S31508037EF00202020202020202020202020202020251
S31508037F0002020202101010102000000000000000F8
S31508037F100000000000000000000000000000000050
S31508037F200000000000000000000000000000000040
S31508037F300000000000000000000000000000000030
S31508037F400000000000000000000000000000000020
S31508037F500000000000000000000000000000000010
S31508037F600000000000000000000000000000000000
S31508037F7000000000000000000000000000000000F0
S30E08037F80000000000000000000E7
S31508037F895079627269636B73204875620000000051
S30D08037F9C2D0C010811B20208BD
S31508037FA484090181B00EB100000000004528FF7F53
S31508037FB4B0AF0200FFFF0148100400001A04B80218
S31508037FC400240400002C04F602003A0400004204C8
S31508037FD4EA0200500400005604DE020060040000AE
S31508037FE46A04DC020074040000860104D0020094C7
S31508037FF401040000A80104C40200B601CC01000070
S3150803800480C90181B0A908B10000000080C90181B3
S31508038014B0B00D840000000008B10181B0B000843B
S315080380240000000008B10181B0B00084000000001C
S3150803803408B10181B0B0008400000000B527FF7FB2
S31508038044B0AF1200FF101901101E98070000D807D5
S3150803805404A20901C408040000010000000000008A
S315080380649127FF7F00840200FF1019010C04060AF6
S31508038074010E0412052008000001007F00007D009C
S31508038084000000000000000008B10181B0B00084BC
S315080380940000000008B10181B0B0008400000000AC
S315080380A45127FF7FB0AA0100FF10290118323000B7
S315080380B4006C04A40103762E0000C00118E801002D
S315080380C4E2010E00000200017D000000000000002A
S315080380D438F0FFFF1D27FF7FB0AF0400FF10190117
S315080380E40F320A3C01840142CC0100D40104000086
S315080380F40100000000000000F926FF7FA908B1006B
S30908038104FFFF010067
S31508038108580CFD7F01000000B80FFD7FB0A9028057
S315080381184C10FD7FB0B0A8809C10FD7F01000000BD
S31508038128A810FD7FB0B0AA80DC10FD7FAE71B280BF
S31508038138A011FD7F010000009C11FD7FAB3F38802D
S31508038148FC11FD7F010000000412FD7FB0B0AA8070
S315080381584012FD7F01000000EC12FD7FAA0DB280D4
S315080381686813FD7FB0AF08800816FD7F010000007D
S315080381780C16FD7FAD3F02808818FD7F01000000BD
S31508038188641AFD7F00840480781AFD7F01000000C5
S31508038198741AFD7FB0AD0480181DFD7FB0A803804F
S315080381A83C1DFD7F70FEFF7F401DFD7F74FEFF7F2C
S315080381B84C1DFD7F010000000488FD7FE0FDFF7F5D
S315080381C82488FD7FB0B0AA804488FD7FDCFDFF7F45
S315080381D8F489FD7F008402804C8AFD7F0100000034
S315080381E8BC8AFD7FB0B0A880188BFD7F010000000C
S315080381F82C8BFD7F08FEFF7F9C8BFD7F010000000B
S31508038208B48BFD7FB0B0A880308CFD7F01000000D9
S31508038218308CFD7FA880C980748CFD7F010000001F
S31508038228988CFD7FE4FDFF7FA08DFD7F010000008C
S315080382384CA8FD7F0084028060A8FD7F010000002A
S315080382485022FF7FB0AB0280FC22FF7F01000000AB
S31508038258F823FF7FB0B0AA80B024FF7FD0FDFF7F45
S31508038268F824FF7FAB08B1808425FF7FCCFDFF7F09
S31508038278242AFF7FE8FDFF7F442AFF7F01000000C9
S31508038288502AFF7F00FEFF7F502AFF7F04FEFF7FE9
S315080382985C2AFF7F01000000742AFF7FB0B0A8801C
S315080382A8A82AFF7F010000008C2BFF7FB0B0AC80A3
S315080382B8B02BFF7F01000000DC2BFF7FE0FDFF7F6B
S315080382C8E02CFF7F01000000102DFF7FB0AA038072
S315080382D83C2DFF7F01000000B42FFF7FF4FDFF7FCD
S315080382E89030FF7F10FEFF7F0431FF7F01000000F7
S315080382F88831FF7F00840280CC31FF7F01000000AC
S315080383081C32FF7FB0A801804C32FF7FB0B0A8802B
S30D08038318B432FF7F01000000E7
S315080383200024F40000000240000064643C00646416
S3150803833078006464F00064640000006400000000D0
S31508038340FFFFFFFF0A16502A01970381000000006A
S315080383500900000000000000000000000000000003
S3150803836000000000FFFF000000000000684103084A
S31508038370F55301080000000000000000214203082D
S31508038380315A01080000000000C20100000008007D
S31508038390B55C0108215C01082D5C0108915C0108A4
S315080383A0855C01080000000021420308195D0108E5
S315080383B000000000000000005C470308556F010831
S315080383C00000000000000000A94B030861820108B1
S315080383D00000000000000000114C0308B98B0108D7
S315080383E00000000000000000774C03083D8F0108D9
S315080383F000000000020E00004C4D0120804D0120B4
S3150803840020000000000000000F4E0308D99601085B
S3150803841000000000699A01082D9A01083D99010890
S315080384200000000061980108E3980108B99801085B
S3150803843000000000000000000000000095980108F5
S3150803844089980108A1980108AD9801080902430013
S31508038450020100C0320904000001020201000524DA
S315080384600010010524010001042402020524060064
S31508038470010705820308001009040100020A000027
S3150803848000070501024000000705810240000000BD
S3150803849009024300020100C0320904000001020276
S315080384A00100052400100105240100010424020229
S315080384B005240600010705820308001009040100C4
S315080384C0020A0000000705010200020007058102EF
S315080384D0000200000A060002000000400100000036
S315080384E009074300020104C032090400000102021D
S315080384F001000524001001052401000104240202D9
S315080385000524060001070582030800100904010073
S31508038510020A000000070501024000000705810260
S315080385204000000012010002020200408304405783
S315080385300002010203010000040309041A030000F0
S31508038540000000000000000000000000000000001A
S3150803855000000000000000009DA40108A9A401086A
S315080385600DA50108F1A40108B5A4010829A5010868
S3150803857045A5010849CC0108FFFFFFFF03000D00CD
S3150803858000000000085203083D4A020800000000E4
S315080385900000000083520308654C0208000000002F
S315080385A09F06050040420308000000000000000083
S315080385B000000000000000000000000000000000AA
S315080385C0000000000000000000000000000000009A
S315080385D0000000000000000000000000000000008A
S315080385E0000000000000000000000000000000007A
S315080385F0000000000000000000000000000000006A
S315080386000100000000000000000000000000000058
S315080386100000000000000000000000000000000049
S315080386200000000000000000000000000000000039
S315080386300000000000000000000000000000000029
S315080386400000000000000000000000000000000019
S315080386500000000000000000000000000000000009
S3150803866000000000000000000000000000000000F9
S3150803867000000000000000000000000000000000E9
S3150803868000000000000000000000000000000000D9
S3150803869000000000000000000000000000000000C9
S315080386A000000000000000000000000000000000B9
S315080386B000000000000000000000000000000000A9
S315080386C00000000000000000010000000000000098
S315080386D00000000021000000000000000000000068
S315080386E087520308CD4E0208000000000C00000064
S315080386F00000120000000000000000004E530308AB
S31508038700CD5402080000000000000000E86D0308CD
S31508038710955802080000000000000000FC6D0308DD
S31508038720F95C02080000000000000000206F03083F
S315080387306167020800000000000000003B410308CF
S31508038740D5690208000000000000000078700308DD
S315080387508171020800000000C5AC02089DAE02083C
S315080387604804002000000000000000003407002031
S315080387709C070020040800200000000000000000F9
S3150803878000000000000000000000000000000000D8
S3150803879000000000000000000000000000000000C8
S315080387A000000000000000000000000000000000B8
S315080387B000000000000000000000000000000000A8
S315080387C00000000000000000000000000000000098
S315080387D00000000000000000000000000000000088
S315080387E00000000000000000000000000000000078
S315080387F00000000000000000000000000000000068
S315080388000000000000000000000000000000000057
S3150803881001000000000000000E33CDAB34126DE6F4
S31508038820ECDE05000B00000000000000000000005D
S315080388300000000000000000000000000000000027
S315080388400000000000000000000000000000000017
S315080388500000000000000000000000000000000007
S3150803886000000000000000000000000000000000F7
S3150803887000000000000000000000000000000000E7
S3150803888000000000000000000000000000000000D7
S3150803889000000000000000000000000000000000C7
S315080388A000000000000000000000000000000000B7
S315080388B000000000000000000000000000000000A7
S315080388C00000000000000000000000000000000097
S315080388D00000000000000000000000000000000087
S315080388E00000000000000000000000000000000077
S315080388F00000000000000000000000000000000067
S315080389000000000000000000000000000000000056
S315080389100000000000000000000000000000000046
S315080389200000000000000000000000000000000036
S315080389300000000000000000000000000000000026
S315080389400000000000000000000000000000000016
S315080389500000000000000000000000000000000006
S3150803896000000000000000000000000000000000F6
S3150803897000000000000000000000000000000000E6
S3150803898000000000000000000000000000000000D6
S3150803899000000000000000000000000000000000C6
S315080389A000000000000000000000000000000000B6
S315080389B000000000000000000000000000000000A6
S315080389C00000000000000000000000000000000096
S315080389D00000000000000000000000000000000086
S315080389E00000000000000000000000000000000076
S315080389F00000000000000000000000000000000066
S31508038A000000000000000000000000000000000055
S31508038A100000000000000000000000000000000045
S31508038A200000000000000000000000000000000035
S31508038A300000000000000000000000000000000025
S31508038A400000000000000000000000000000000015
S31508038A500000000000000000000000000000000005
S31508038A6000000000000000000000000000000000F5
S31508038A7000000000000000000000000000000000E5
S31508038A8000000000000000000000000000000000D5
S31508038A9000000000000000000000000000000000C5
S31508038AA000000000000000000000000000000000B5
S31508038AB000000000000000000000000000000000A5
S31508038AC00000000000000000000000000000000095
S31508038AD00000000000000000000000000000000085
S31508038AE00000000000000000000000000000000075
S31508038AF00000000000000000000000000000000065
S31508038B000000000000000000000000000000000054
S31508038B100000000000000000000000000000000044
S31508038B200000000000000000000000000000000034
S31508038B300000000000000000000000000000000024
S31508038B400000000000000000000000000000000014
S31508038B500000000000000000000000000000000004
S31508038B6000000000000000000000000000000000F4
S31508038B7000000000000000000000000000000000E4
S31508038B8000000000000000000000000000000000D4
S31508038B904300000000000000000000000000000081
S31508038BA000000000000000000000000000000000B4
S31508038BB04300000000000000000000000000000061
S31508038BC00000000000000000000000000000000094
S31508038BD04300000000000000000000000000000041
S31508038BE00000000000000000000000000000000074
S31508038BF04300000000000000000000000000000021
S31508038C000000000000000000000000000000000053
S31508038C104300000000000000000000000000000000
S31508038C200000000000000000000000000000000033
S31508038C3043000000000000000000000000000000E0
S31508038C400000000000000000000000000000000013
S31508038C5043000000000000000000000000000000C0
S31508038C6000000000000000000000000000000000F3
S31508038C70C12B0308592B030800000000887E03084C
S31508038C80407A03085437030854370308543703084C
S31508038C90543703085437030854370308543703086B
S31508038CA05437030854370308FFFFFFFFFFFFFFFF8F
S31508038CB0FFFFFFFFFFFF000001004153434949003F
S31508038CC00000000000000000000000000000000093
S31508038CD0000000000000000000004153434949001A
S31508038CE00000000000000000000000000000000073
S31108038CF000000000000000000000000067
S705080081D998
